19:36:20.973 [linux] app=<redacted-path> data=<redacted-path> module=<redacted-path> disc=<redacted-path>
19:36:20.973 [crash] reports=<redacted-path>
19:36:20.977 [settings] 36 settings from <redacted-path>
19:36:20.977 [aspect] 16:9: mod widescreen, frame buffer 1.7778
19:36:20.991 [host] module: game_id=GZLE01 abi=5 cpu_abi=6 entry=0x80003140 ranges=417 chunks=748 rels=415
19:36:20.991 [aurora:info:aurora] Aurora initializing
19:36:20.991 [aurora:info:aurora::system_info] CPU model: AMD Ryzen 7 5800X3D 8-Core Processor
19:36:20.991 [aurora:info:aurora::system_info] Memory: 32026 MiB
19:36:20.991 [aurora:info:aurora::system_info] Architecture: x86_64
19:36:20.991 [aurora:info:aurora::system_info] OS: 'Gentoo' '2.18'
19:36:21.012 [aurora:info:aurora::gpu] Creating WebGPU instance
19:36:21.012 [aurora:info:aurora::gpu] Attempting to initialize Vulkan
19:36:21.012 [aurora:info:aurora::gpu] Requesting adapter
19:36:21.012   Feature level: Compatibility
19:36:21.012   Power preference: HighPerformance
19:36:21.012   Backend: Vulkan
19:36:21.012   Compatible surface: true
19:36:21.027 WARNING: radv is not a conformant Vulkan implementation, testing use only.
19:36:21.028 [aurora:info:aurora::gpu] Graphics adapter information
19:36:21.028   API: Vulkan
19:36:21.028   Device: AMD Radeon RX 9070 XT (RADV GFX1201) (DiscreteGPU)
19:36:21.028   Driver: radv: Mesa 26.1.8
19:36:21.028 [aurora:info:aurora::gpu] Using limits:
19:36:21.028   maxTextureDimension1D: 32768
19:36:21.028   maxTextureDimension2D: 16384
19:36:21.028   maxTextureDimension3D: 16384
19:36:21.028   maxTextureArrayLayers: 8192
19:36:21.028   maxStorageBuffersPerShaderStage: 2
19:36:21.028   minUniformBufferOffsetAlignment: 64
19:36:21.028   minStorageBufferOffsetAlignment: 16
19:36:21.028 [aurora:info:aurora::gpu] Enabling features: 
19:36:21.028   CoreFeaturesAndLimits
19:36:21.028   TextureCompressionBC
19:36:21.028   DualSourceBlending
19:36:21.028   TextureComponentSwizzle
19:36:21.028   
19:36:21.028 [aurora:info:aurora::gpu] Device lock (implicit device synchronization): on
19:36:21.030 [aurora:info:aurora::gpu] Using surface format BGRA8Unorm, present mode FifoRelaxed
19:36:21.111 [aurora:info:aurora::window] Window shown: input_focus=true flags=0x2221
19:36:21.260 [aurora:info:aurora::gfx::pipeline_cache] Pipeline compile threads: 4
19:36:21.267 [aurora:info:aurora::gfx::pipeline_cache] Seeded pipeline cache from '/home/claudio/Software/bluewake/bluewake/build/linux/BlueWake/initial_pipeline_cache.db' (513 rows merged, 0 rows skipped)
19:36:21.268 [aurora:info:aurora] Using framebuffer size 1080x1920 scale 0.9895833
19:36:21.301 [aurora:info:aurora::texture] Loaded 5739 texture replacement registrations from <redacted-path>

19:36:21.303 [mods] texture-pack=<redacted-path> replacements=5739
19:36:21.303 [gx-core] renderer = gxcore (default): draws route through the Dolphin-ported gxcore, live Aurora gx layer bypassed
19:36:21.329 [audio] output available; prebuffering
19:36:21.491 [aurora:info:aurora::gpu::cache] Pruned 5 stale Dawn cache entries
19:36:21.496 [pipelines] the 513 cached pipelines were compiled 236 ms after start (4 threads)
19:36:21.575 [events-slow] pump=246 ms host=0 ms events=42 last=0x0
19:36:21.598 [mouse] click the game to turn the camera with the mouse
19:36:21.598 [settings] Esc (with the mouse free), F1 or a controller's Back opens the options
19:36:21.598 [host] renderer=aurora window=960x720
19:36:21.598 [pad] platform input initialized; live input merged at SI
19:36:21.598 [card] slot A: /home/claudio/.local/share/BlueWake/GZLE01.card (4 Mbit, 8192-byte sectors, serial C1DF6175E663A953)
19:36:21.610 [sram] EXI SRAM on (/home/claudio/.local/share/BlueWake/sram.bin): flags=0x2C sound=stereo
19:36:21.610 [dvd] deferred completion=on (default)
19:36:21.610 [texture-cache] fallback writeback=off
19:36:21.610 [dvd] disc image: /home/claudio/Software/bluewake/bluewake/build/linux/BlueWake/game/GZLE01.iso (2391 FST entries)
19:36:21.610 [dvd] disc inserted for DI service
19:36:21.610 [clock] time base starts at 844803381 s since 2000
19:36:21.610 [clock] cycle-domain cap=16384
19:36:21.612 [host] DOL loaded: entry=0x80003140 bss=[0x803a2960,0x803fcfa8)
19:36:21.618 [dsp-hle] Dolphin high-level DSP enabled
19:36:21.628 [rel] materialized 1901 relocated data images (251 exported BSS ranges, 1900 linked storage aliases)
19:36:21.628 [rel] module60 BSS head after materialization=0x00000000
19:36:21.628 [rel] profile_data0=0x00000000 profile_data5=0x00000000
19:36:21.628 [boot] entry=0x80003140 arena_lo=0x8041CFC0 arena_hi=0x817FEC60 sp=0x817FFF00
19:36:21.628 [host] starting execution at 0x80003140
19:36:21.628 [chassis] edge-service=installed
19:36:21.628 [chassis] direct-calls=on
19:36:21.628 [chassis] native-j3d=on
19:36:21.628 [chassis] native-game-math=on
19:36:21.628 [chassis] native-skin=on
19:36:21.628 [chassis] native-vec=on
19:36:21.628 [chassis] native-math=on
19:36:21.628 [chassis] gather-pipe=direct
19:36:21.628 [mods] available=3 list=widescreen+,betterww,widescreen1610 mask=0x1 chunks=22 writes=104
19:36:21.628 [options] none (0 values written)
19:36:21.628 [stick] the right stick turns the camera directly (360 degrees a second) and aims (180); its click is first person; the left stick zooms the telescope and the Picto Box
19:36:21.628 [quick-door] doors with a knob: no walk under the fade, no door closing behind Link
19:36:21.628 [haptics] enhanced, strength 80%, triggers on
19:36:21.628 [interrupt] pending while disabled pc=0x803095B0 msr=0x00000002 cause=0x00010008 mask=0x000000F8 vi_di0=0x0000
19:36:21.628 [interrupt] pending while disabled pc=0x803095B0 msr=0x00000002 cause=0x00010008 mask=0x000000F8 vi_di0=0x0000
19:36:21.628 [interrupt] pending while disabled pc=0x80303104 msr=0x00000002 cause=0x00010008 mask=0x000000F8 vi_di0=0x0000
19:36:21.628 [mmio] DSP ARAM init complete control=0x0805
19:36:21.628 [aram-dma] committed direction=0 main=0x81000000 aram=0x00000000 length=32 raise=DSP
19:36:21.628 [aram] DSP DMA interrupt acknowledged
19:36:21.628 [interrupt] pending while disabled pc=0x80302EF0 msr=0x00000002 cause=0x00010008 mask=0x000000F8 vi_di0=0x0000
19:36:21.628 [interrupt] pending while disabled pc=0x80302EF0 msr=0x00000002 cause=0x00010008 mask=0x000000F8 vi_di0=0x0000
19:36:21.628 [aram-dma] committed direction=0 main=0x81000000 aram=0x00000000 length=32 raise=DSP
19:36:21.628 [aram] DSP DMA interrupt acknowledged
19:36:21.629 [interrupt] pending while disabled pc=0x80003438 msr=0x00000032 cause=0x00010008 mask=0x000000F8 vi_di0=0x0000
19:36:21.629 [interrupt] pending while disabled pc=0x80003438 msr=0x00000032 cause=0x00010008 mask=0x000000F8 vi_di0=0x0000
19:36:21.629 [interrupt] pending while disabled pc=0x80003438 msr=0x00000032 cause=0x00010008 mask=0x000000F8 vi_di0=0x0000
19:36:21.636 [interrupt] delivered external interrupt context=0x803F06D0
19:36:21.636 [interrupt] delivered external interrupt context=0x803F06D0
19:36:21.636 [interrupt] delivered external interrupt context=0x803F06D0
19:36:21.636 [interrupt] delivered external interrupt context=0x803F06D0
19:36:21.636 [dvd] DI inquiry guest=0x803F01A0 length=32
19:36:21.636 [interrupt] delivered external interrupt context=0x803F06D0
19:36:21.636 [fp] lazy owner switch result=2 srr0=0x802AE070 context=0x803F06D0 owner=0x00000000
19:36:21.639 [aram-dma] committed direction=1 main=0x8040CD20 aram=0x01000000 length=32 raise=DSP
19:36:21.639 [aram] DSP DMA interrupt acknowledged
19:36:21.639 [aram-dma] committed direction=0 main=0x8040CDE0 aram=0x01000000 length=32 raise=DSP
19:36:21.639 [aram] DSP DMA interrupt acknowledged
19:36:21.639 [aram-dma] committed direction=1 main=0x8040CD60 aram=0x01000000 length=32 raise=DSP
19:36:21.639 [aram] DSP DMA interrupt acknowledged
19:36:21.639 [aram-dma] committed direction=1 main=0x8040CCE0 aram=0x01200000 length=32 raise=DSP
19:36:21.639 [aram] DSP DMA interrupt acknowledged
19:36:21.639 [aram-dma] committed direction=1 main=0x8040CCA0 aram=0x02000000 length=32 raise=DSP
19:36:21.639 [aram] DSP DMA interrupt acknowledged
19:36:21.639 [aram-dma] committed direction=1 main=0x8040CC60 aram=0x01000200 length=32 raise=DSP
19:36:21.639 [aram] DSP DMA interrupt acknowledged
19:36:21.639 [aram-dma] committed direction=1 main=0x8040CC20 aram=0x01400000 length=32 raise=DSP
19:36:21.639 [aram] DSP DMA interrupt acknowledged
19:36:21.639 [aram-dma] committed direction=0 main=0x8040CDA0 aram=0x01200000 length=32 raise=DSP
19:36:21.639 [aram] DSP DMA interrupt acknowledged
19:36:21.639 [aram-dma] committed direction=0 main=0x8040CDE0 aram=0x01000000 length=32 raise=DSP
19:36:21.639 [aram] DSP DMA interrupt acknowledged
19:36:21.639 [aram-dma] committed direction=1 main=0x8040CD60 aram=0x01200000 length=32 raise=DSP
19:36:21.639 [aram] DSP DMA interrupt acknowledged
19:36:21.640 [aram-dma] committed direction=0 main=0x8040CDA0 aram=0x02000000 length=32 raise=DSP
19:36:21.640 [aram] DSP DMA interrupt acknowledged
19:36:21.640 [aram-dma] committed direction=0 main=0x8040CDE0 aram=0x01000000 length=32 raise=DSP
19:36:21.640 [aram] DSP DMA interrupt acknowledged
19:36:21.640 [aram-dma] committed direction=1 main=0x8040CD60 aram=0x02000000 length=32 raise=DSP
19:36:21.640 [aram] DSP DMA interrupt acknowledged
19:36:21.640 [aram-dma] committed direction=0 main=0x8040CD20 aram=0x01000000 length=32 raise=DSP
19:36:21.640 [aram] DSP DMA interrupt acknowledged
19:36:21.640 [aram-dma] committed direction=0 main=0x8040CCE0 aram=0x01200000 length=32 raise=DSP
19:36:21.640 [aram] DSP DMA interrupt acknowledged
19:36:21.640 [vi] status-write pc=0x803134EC value=0x1107 before=0x0000 srr0=0x80307EAC srr1=0x00003032 msr=0x0000B032
19:36:21.640 [vi] status-after=0x1107
19:36:21.640 [vi] status-write pc=0x803139B4 value=0x1107 before=0x1107 srr0=0x80307EAC srr1=0x00003032 msr=0x0000B032
19:36:21.640 [vi] status-after=0x1107
19:36:21.640 [interrupt] delivered external interrupt context=0x803A2960
19:36:21.640 [interrupt] delivered external interrupt context=0x803A2960
19:36:21.640 [interrupt] delivered external interrupt context=0x803A2960
19:36:21.640 [interrupt] delivered external interrupt context=0x803A2960
19:36:21.642 [dvd] mount-create pc=0x8001199C r3=0x80ADF040 r4=0x8037163C r5=0x00000000 path="" lr=0x8000639C
19:36:21.642 [dvd] mount-create pc=0x8001199C r3=0x800061E8 r4=0x00000000 r5=0x00000000 path="" lr=0x800183D4
19:36:21.642 [dvd] open #1 path="/COPYDATE" entry=151 file=0x803A71A0 length=19 result=1 return=0x80006214
19:36:21.642 [dvd] read #1 guest=0x803A7180 length=32 offset=0x00000000 disc=0x55E3C040 valid=1 callback=0x00000002 file=0x803A71A0 user=0x803A72C0 return=0x80006234
19:36:21.642 [music-stream] retrace=1 path="" id=0xFFFFFFFF state=0 muted=0 sound=0x00000000 stop=0/0 play=0/0 decoded=0 playback_samples=0 buffer_state=0 dvd_pending=0 starting=0 dsp_finished=0
19:36:21.642 [vi] guest-clock retrace at block=679 msr=0x0000B032 cause=0x00010100 mask=0x00000FFC vi_di0=0x9107 timebase=34214536931175000 delta=675000
19:36:21.642 [jas-state] retrace=1 queue_used=0 state=0 saved_pc=0x00000000 wait=0x00000000 current=0x803A2960 context=0x803A2960 run_bits=0x00004001 lod_done=0 dsp_pending=0
19:36:21.642 [interrupt] delivered external interrupt context=0x803A2960
19:36:21.642 [vi] status-write pc=0x80313034 value=0x1107 before=0x9107 srr0=0x80244BE8 srr1=0x0000B032 msr=0x00003032
19:36:21.642 [vi] status-after=0x1107
19:36:21.642 [vi] status-write pc=0x80313158 value=0x1107 before=0x1107 srr0=0x80244BE8 srr1=0x0000B032 msr=0x00001032
19:36:21.642 [vi] status-after=0x1107
19:36:21.653 [dvd] mount-create pc=0x8001199C r3=0x80022CEC r4=0x00000000 r5=0x0000B032 path="" lr=0x800183D4
19:36:21.653 [dvd] path-convert #1 path="RELS.arc" entry=807 return=0x802B802C
19:36:21.653 [dvd] fast-open #2 path="" entry=807 file=0x80ACE508 length=943360 result=1 return=0x802BCA20
19:36:21.653 [dvd] fast-open #3 path="" entry=807 file=0x803A704C length=943360 result=1 return=0x802BCA20
19:36:21.653 [dvd] read #2 guest=0x803A6F80 length=32 offset=0x00000000 disc=0x55E3C054 valid=1 callback=0x00000002 file=0x803A704C user=0x803A6FF0 return=0x802BCF34
19:36:21.653 [dvd] read #3 guest=0x80ADE000 length=32 offset=0x00000000 disc=0x55E3C054 valid=1 callback=0x00000002 file=0x803A704C user=0x803A6FF0 return=0x802BD15C
19:36:21.653 [dvd] fast-open #4 path="" entry=807 file=0x803A704C length=943360 result=1 return=0x802BCA20
19:36:21.653 [dvd] read #4 guest=0x803A6F80 length=32 offset=0x00000000 disc=0x55E3C054 valid=1 callback=0x00000002 file=0x803A704C user=0x803A6FF0 return=0x802BCF34
19:36:21.653 [dvd] read #5 guest=0x803A6F40 length=32 offset=0x00000020 disc=0x55E3C074 valid=1 callback=0x00000002 file=0x803A704C user=0x803A6FF0 return=0x802BD0B8
19:36:21.653 [dvd] read #6 guest=0x80AE3A40 length=6816 offset=0x00000020 disc=0x55E3C074 valid=1 callback=0x00000002 file=0x803A704C user=0x803A6FF0 return=0x802BD15C
19:36:21.653 [dvd] fast-open #5 path="" entry=807 file=0x803A704C length=943360 result=1 return=0x802BCA20
19:36:21.653 [dvd] read #7 guest=0x803A6F40 length=32 offset=0x00000000 disc=0x55E3C054 valid=1 callback=0x00000002 file=0x803A704C user=0x803A6FF0 return=0x802BDCCC
19:36:21.653 [dvd] read-async #8 guest=0x80ADBF00 length=8192 offset=0x00001AC0 disc=0x55E3DB14 valid=1 callback=0x802BCC78 file=0x803A704C user=0x803A6FF0 return=0x802BCB8C
19:36:21.653 [interrupt] delivered external interrupt context=0x803A2960
19:36:21.653 [interrupt] delivered external interrupt context=0x803A2960
19:36:21.653 [interrupt] delivered external interrupt context=0x803A2960
19:36:21.653 [interrupt] delivered external interrupt context=0x803A2960
19:36:21.653 [dvd] mount-create pc=0x8001199C r3=0x80338C5B r4=0x00000002 r5=0x00000000 path="" lr=0x80018A04
19:36:21.653 [dvd] path-convert #2 path="/Audiores/JaiInit.aaf" entry=70 return=0x80017FF4
19:36:21.653 [dvd] mount-create pc=0x80018554 r3=0x8040CED8 r4=0x00000000 r5=0x00000000 path="AudioRes/Seqs/JaiSeqs.arc" lr=0x800070F0
19:36:21.653 [dvd] mount-create pc=0x8001199C r3=0x8040CED8 r4=0x00000000 r5=0x00000000 path="" lr=0x80018578
19:36:21.653 [dvd] path-convert #3 path="AudioRes/Seqs/JaiSeqs.arc" entry=73 return=0x80017FF4
19:36:21.653 [sched] SelectThread idle run_bits=0x00000000 current_thread=0x00000000 current_context=0x803F09E8 r1=0x803FDF08
19:36:21.653 [sched] frame0 sp=0x803FDF08 lr=0x80307ED4
19:36:21.653 [sched] frame1 sp=0x803FDF20 lr=0x80308A74
19:36:21.653 [sched] frame2 sp=0x803FDF40 lr=0x800065C0
19:36:21.653 [sched] frame3 sp=0x8040CFA0 lr=0x80003274
19:36:21.653 [sched] frame4 sp=0xFFFFFFFF lr=0x00000000
19:36:21.653 [sched] default_thread state=1 suspend=1 wait_queue=0x00000000 head=0x00000000 tail=0x00000000
19:36:21.653 [sched] audio-thread-idle state=0 suspend=0 queue=0x00000000 saved_pc=0x00000000 saved_lr=0x00000000 context_state=0x0000 mq_used=0 mq_first=0 run_bits=0x00000000 current_thread=0x00000000 current_context=0x803F09E8
19:36:21.653 [sched] active0 thread=0x803F06D0 state=1 suspend=1 queue=0x00000000 effective=31 base=31 expected_run_bit=0x00000001 run_bits=0x00000000 head=0x00000000 tail=0x00000000 srr0=0x80307EAC lr=0x80307EAC sp=0x803FDF08 next=0x803A2960
19:36:21.654 [sched] active1 thread=0x803A2960 state=4 suspend=0 queue=0x803F7B44 effective=16 base=16 expected_run_bit=0x00008000 run_bits=0x00000000 head=0x803A2960 tail=0x803A2960 srr0=0x80307EAC lr=0x80307EAC sp=0x8040CEB0 next=0x804211E0
19:36:21.654 [sched] mainThread mq=0x803F7B3C messages=0x802C7E30 capacity=2150400272 first=1 used=0
19:36:21.654 [sched] mainThread frame0 sp=0x8040CEB0 lr=0x80307FA0
19:36:21.654 [sched] mainThread frame1 sp=0x8040CEC8 lr=0x80308B68
19:36:21.654 [sched] mainThread frame2 sp=0x8040CEE0 lr=0x80313A2C
19:36:21.654 [sched] mainThread frame3 sp=0x8040CEF0 lr=0x802C81BC
19:36:21.654 [sched] mainThread frame4 sp=0x8040CF00 lr=0x800085C4
19:36:21.654 [sched] mainThread frame5 sp=0x8040CF10 lr=0x802413DC
19:36:21.654 [sched] mainThread frame6 sp=0x8040CF20 lr=0x80040504
19:36:21.654 [sched] mainThread frame7 sp=0x8040CF30 lr=0x8003ED64
19:36:21.654 [sched] active2 thread=0x804211E0 state=4 suspend=0 queue=0x8039CD68 effective=6 base=6 expected_run_bit=0x02000000 run_bits=0x00000000 head=0x804211E0 tail=0x804211E0 srr0=0x80307EAC lr=0x80307EAC sp=0x80421130 next=0x80425680
19:36:21.654 [sched] active3 thread=0x80425680 state=4 suspend=0 queue=0x803A70B8 effective=8 base=8 expected_run_bit=0x00800000 run_bits=0x00000000 head=0x80425680 tail=0x80425680 srr0=0x80307EAC lr=0x80307EAC sp=0x80425530 next=0x80429AA0
19:36:21.654 [sched] active4 thread=0x80429AA0 state=4 suspend=0 queue=0x8039D090 effective=7 base=7 expected_run_bit=0x01000000 run_bits=0x00000000 head=0x80429AA0 tail=0x80429AA0 srr0=0x80307EAC lr=0x80307EAC sp=0x804299F0 next=0x804CE100
19:36:21.654 [sched] active5 thread=0x804CE100 state=4 suspend=0 queue=0x8039D220 effective=0 base=0 expected_run_bit=0x80000000 run_bits=0x00000000 head=0x804CE100 tail=0x804CE100 srr0=0x80307EAC lr=0x80307EAC sp=0x804CE040 next=0x803A5F90
19:36:21.654 [sched] active6 thread=0x803A5F90 state=4 suspend=0 queue=0x80ADDF4C effective=14 base=14 expected_run_bit=0x00020000 run_bits=0x00000000 head=0x803A5F90 tail=0x803A5F90 srr0=0x80307EAC lr=0x80307EAC sp=0x803A6F40 next=0x803A7320
19:36:21.654 [sched] active7 thread=0x803A7320 state=1 suspend=1 queue=0x00000000 effective=13 base=13 expected_run_bit=0x00040000 run_bits=0x00000000 head=0x00000000 tail=0x00000000 srr0=0x80307EAC lr=0x80307EAC sp=0x803A8580 next=0x803A9680
19:36:21.654 [sched] idle-main #1 state=4 attr=0x0000 suspend=0 effective=16 base=16 queue=0x803F7B44 next=0x00000000 prev=0x00000000 saved_pc=0x80307EAC lr=0x80307EAC sp=0x8040CEB0 run_bits=0x00000000 current_thread=0x00000000 current_context=0x803F09E8
19:36:21.654 [dvd] thread snapshot param=0x803A72C0 queue=0x803A72C0 first=0 used=1 send=0x00000000 recv=0x00000000 list_head=0x80ADEFA8 list_tail=0x80ADEF74 list_size=2
19:36:21.654 [dvd] jas-thread ptr=0x00000000 message_queue=0x00000030 used=0 recv=0x00000000 thread_record=0x00000000
19:36:21.654 [dvd] sync-with-sound=0 current_thread=0x00000000 current_context=0x803F09E8 dvd_thread_state=4 dvd_wait=0x80ADDF4C
19:36:21.654 [dvd] command head=0x80ADEFA8 done=0 entry=70 archive=0x00000000 heap=0x00000000 prev=0x00000000 next=0x80ADEF74
19:36:21.654 [sched] idle-main #2 state=4 attr=0x0000 suspend=0 effective=16 base=16 queue=0x803F7B44 next=0x00000000 prev=0x00000000 saved_pc=0x80307EAC lr=0x80307EAC sp=0x8040CEB0 run_bits=0x00000000 current_thread=0x00000000 current_context=0x803F09E8
19:36:21.654 [sched] idle-main #3 state=4 attr=0x0000 suspend=0 effective=16 base=16 queue=0x803F7B44 next=0x00000000 prev=0x00000000 saved_pc=0x80307EAC lr=0x80307EAC sp=0x8040CEB0 run_bits=0x00000000 current_thread=0x00000000 current_context=0x803F09E8
19:36:21.654 [sched] idle-main #4 state=4 attr=0x0000 suspend=0 effective=16 base=16 queue=0x803F7B44 next=0x00000000 prev=0x00000000 saved_pc=0x80307EAC lr=0x80307EAC sp=0x8040CEB0 run_bits=0x00000000 current_thread=0x00000000 current_context=0x803F09E8
19:36:21.654 [sched] idle-main #5 state=4 attr=0x0000 suspend=0 effective=16 base=16 queue=0x803F7B44 next=0x00000000 prev=0x00000000 saved_pc=0x80307EAC lr=0x80307EAC sp=0x8040CEB0 run_bits=0x00000000 current_thread=0x00000000 current_context=0x803F09E8
19:36:21.654 [sched] idle-main #6 state=4 attr=0x0000 suspend=0 effective=16 base=16 queue=0x803F7B44 next=0x00000000 prev=0x00000000 saved_pc=0x80307EAC lr=0x80307EAC sp=0x8040CEB0 run_bits=0x00000000 current_thread=0x00000000 current_context=0x803F09E8
19:36:21.654 [sched] idle-main #7 state=4 attr=0x0000 suspend=0 effective=16 base=16 queue=0x803F7B44 next=0x00000000 prev=0x00000000 saved_pc=0x80307EAC lr=0x80307EAC sp=0x8040CEB0 run_bits=0x00000000 current_thread=0x00000000 current_context=0x803F09E8
19:36:21.654 [sched] idle-main #8 state=4 attr=0x0000 suspend=0 effective=16 base=16 queue=0x803F7B44 next=0x00000000 prev=0x00000000 saved_pc=0x80307EAC lr=0x80307EAC sp=0x8040CEB0 run_bits=0x00000000 current_thread=0x00000000 current_context=0x803F09E8
19:36:21.654 [dvd-completion] callback=0x802BCC78 file=0x803A704C bytes=8192 completed=1 pending=0
19:36:21.654 [aram-dma] committed direction=0 main=0x80ADBF00 aram=0x00A04000 length=4096 raise=DSP
19:36:21.654 [interrupt] delivered external interrupt context=0x804211E0
19:36:21.654 [aram] DSP DMA interrupt acknowledged
19:36:21.654 [aram-dma] committed direction=0 main=0x80ADCF00 aram=0x00A05000 length=4096 raise=DSP
19:36:21.654 [interrupt] delivered external interrupt context=0x804211E0
19:36:21.654 [aram] DSP DMA interrupt acknowledged
19:36:21.654 [dvd] read-async #9 guest=0x80ADBF00 length=8192 offset=0x00003AC0 disc=0x55E3FB14 valid=1 callback=0x802BCC78 file=0x803A704C user=0x803A6FF0 return=0x802BCB8C
19:36:21.654 [dvd-completion] callback=0x802BCC78 file=0x803A704C bytes=8192 completed=1 pending=0
19:36:21.654 [aram-dma] committed direction=0 main=0x80ADBF00 aram=0x00A06000 length=4096 raise=DSP
19:36:21.654 [aram] DSP DMA interrupt acknowledged
19:36:21.654 [aram-dma] committed direction=0 main=0x80ADCF00 aram=0x00A07000 length=4096 raise=DSP
19:36:21.654 [aram] DSP DMA interrupt acknowledged
19:36:21.654 [dvd] read-async #10 guest=0x80ADBF00 length=8192 offset=0x00005AC0 disc=0x55E41B14 valid=1 callback=0x802BCC78 file=0x803A704C user=0x803A6FF0 return=0x802BCB8C
19:36:21.654 [dvd-completion] callback=0x802BCC78 file=0x803A704C bytes=8192 completed=1 pending=0
19:36:21.654 [aram-dma] committed direction=0 main=0x80ADBF00 aram=0x00A08000 length=4096 raise=DSP
19:36:21.654 [aram] DSP DMA interrupt acknowledged
19:36:21.654 [aram-dma] committed direction=0 main=0x80ADCF00 aram=0x00A09000 length=4096 raise=DSP
19:36:21.654 [aram] DSP DMA interrupt acknowledged
19:36:21.654 [dvd] read-async #11 guest=0x80ADBF00 length=8192 offset=0x00007AC0 disc=0x55E43B14 valid=1 callback=0x802BCC78 file=0x803A704C user=0x803A6FF0 return=0x802BCB8C
19:36:21.659 [vi] guest-clock retrace at block=1370 msr=0x00009032 cause=0x00010100 mask=0x00000FFC vi_di0=0x9107 timebase=34214536931850000 delta=675000
19:36:21.659 [jas-state] retrace=2 queue_used=0 state=0 saved_pc=0x00000000 wait=0x00000000 current=0x00000000 context=0x803F09E8 run_bits=0x00000000 lod_done=0 dsp_pending=0
19:36:21.659 [vi] status-write pc=0x80313034 value=0x1107 before=0x9107 srr0=0x80307EF4 srr1=0x00009032 msr=0x00001032
19:36:21.659 [vi] status-after=0x1107
19:36:21.659 [vi] status-write pc=0x80313158 value=0x1107 before=0x1107 srr0=0x80307EF4 srr1=0x00009032 msr=0x00001032
19:36:21.659 [vi] status-after=0x1107
19:36:21.659 [dvd-completion] callback=0x802BCC78 file=0x803A704C bytes=8192 completed=1 pending=0
19:36:21.659 [aram-dma] committed direction=0 main=0x80ADBF00 aram=0x00A0A000 length=4096 raise=DSP
19:36:21.659 [aram] DSP DMA interrupt acknowledged
19:36:21.659 [aram-dma] committed direction=0 main=0x80ADCF00 aram=0x00A0B000 length=4096 raise=DSP
19:36:21.659 [aram] DSP DMA interrupt acknowledged
19:36:21.659 [dvd] read-async #12 guest=0x80ADBF00 length=8192 offset=0x00009AC0 disc=0x55E45B14 valid=1 callback=0x802BCC78 file=0x803A704C user=0x803A6FF0 return=0x802BCB8C
19:36:21.659 [dvd-completion] callback=0x802BCC78 file=0x803A704C bytes=8192 completed=1 pending=0
19:36:21.659 [aram-dma] committed direction=0 main=0x80ADBF00 aram=0x00A0C000 length=4096 raise=DSP
19:36:21.659 [aram] DSP DMA interrupt acknowledged
19:36:21.659 [aram-dma] committed direction=0 main=0x80ADCF00 aram=0x00A0D000 length=4096 raise=DSP
19:36:21.659 [aram] DSP DMA interrupt acknowledged
19:36:21.659 [dvd] read-async #13 guest=0x80ADBF00 length=8192 offset=0x0000BAC0 disc=0x55E47B14 valid=1 callback=0x802BCC78 file=0x803A704C user=0x803A6FF0 return=0x802BCB8C
19:36:21.659 [dvd-completion] callback=0x802BCC78 file=0x803A704C bytes=8192 completed=1 pending=0
19:36:21.659 [aram-dma] committed direction=0 main=0x80ADBF00 aram=0x00A0E000 length=4096 raise=DSP
19:36:21.659 [aram] DSP DMA interrupt acknowledged
19:36:21.659 [aram-dma] committed direction=0 main=0x80ADCF00 aram=0x00A0F000 length=4096 raise=DSP
19:36:21.659 [aram] DSP DMA interrupt acknowledged
19:36:21.659 [dvd] read-async #14 guest=0x80ADBF00 length=8192 offset=0x0000DAC0 disc=0x55E49B14 valid=1 callback=0x802BCC78 file=0x803A704C user=0x803A6FF0 return=0x802BCB8C
19:36:21.659 [dvd-completion] callback=0x802BCC78 file=0x803A704C bytes=8192 completed=1 pending=0
19:36:21.659 [aram-dma] committed direction=0 main=0x80ADBF00 aram=0x00A10000 length=4096 raise=DSP
19:36:21.659 [aram] DSP DMA interrupt acknowledged
19:36:21.659 [aram-dma] committed direction=0 main=0x80ADCF00 aram=0x00A11000 length=4096 raise=DSP
19:36:21.659 [aram] DSP DMA interrupt acknowledged
19:36:21.659 [dvd] read-async #15 guest=0x80ADBF00 length=8192 offset=0x0000FAC0 disc=0x55E4BB14 valid=1 callback=0x802BCC78 file=0x803A704C user=0x803A6FF0 return=0x802BCB8C
19:36:21.660 [dvd-completion] callback=0x802BCC78 file=0x803A704C bytes=8192 completed=1 pending=0
19:36:21.660 [aram-dma] committed direction=0 main=0x80ADBF00 aram=0x00A12000 length=4096 raise=DSP
19:36:21.660 [aram] DSP DMA interrupt acknowledged
19:36:21.660 [aram-dma] committed direction=0 main=0x80ADCF00 aram=0x00A13000 length=4096 raise=DSP
19:36:21.660 [aram] DSP DMA interrupt acknowledged
19:36:21.660 [dvd] read-async #16 guest=0x80ADBF00 length=8192 offset=0x00011AC0 disc=0x55E4DB14 valid=1 callback=0x802BCC78 file=0x803A704C user=0x803A6FF0 return=0x802BCB8C
19:36:21.660 [aram-dma] committed direction=0 main=0x80ADBF00 aram=0x00A14000 length=4096 raise=DSP
19:36:21.660 [aram] DSP DMA interrupt acknowledged
19:36:21.660 [aram-dma] committed direction=0 main=0x80ADCF00 aram=0x00A15000 length=4096 raise=DSP
19:36:21.660 [aram] DSP DMA interrupt acknowledged
19:36:21.660 [aram-dma] committed direction=0 main=0x80ADBF00 aram=0x00A16000 length=4096 raise=DSP
19:36:21.660 [aram] DSP DMA interrupt acknowledged
19:36:21.660 [aram-dma] committed direction=0 main=0x80ADCF00 aram=0x00A17000 length=4096 raise=DSP
19:36:21.660 [aram] DSP DMA interrupt acknowledged
19:36:21.660 [aram-dma] committed direction=0 main=0x80ADBF00 aram=0x00A18000 length=4096 raise=DSP
19:36:21.660 [aram] DSP DMA interrupt acknowledged
19:36:21.660 [aram-dma] committed direction=0 main=0x80ADCF00 aram=0x00A19000 length=4096 raise=DSP
19:36:21.660 [aram] DSP DMA interrupt acknowledged
19:36:21.660 [aram-dma] committed direction=0 main=0x80ADBF00 aram=0x00A1A000 length=4096 raise=DSP
19:36:21.660 [aram] DSP DMA interrupt acknowledged
19:36:21.676 [vi] guest-clock retrace at block=2112 msr=0x00009032 cause=0x00010100 mask=0x00000FFC vi_di0=0x9107 timebase=34214536932525000 delta=675000
19:36:21.676 [jas-state] retrace=3 queue_used=0 state=0 saved_pc=0x00000000 wait=0x00000000 current=0x00000000 context=0x803F09E8 run_bits=0x00000000 lod_done=0 dsp_pending=0
19:36:21.676 [vi] status-write pc=0x80313034 value=0x1107 before=0x9107 srr0=0x80307EF4 srr1=0x00009032 msr=0x00001032
19:36:21.676 [vi] status-after=0x1107
19:36:21.716 [00001] [imgui-error] (current settings: Assert=1, Log=1, Tooltip=1)
19:36:21.716 [00001] [imgui-error] In window 'Debug##Default': Could not load font file!
19:36:21.725 [vi] guest-clock retrace at block=2861 msr=0x00009032 cause=0x00010100 mask=0x00000FFC vi_di0=0x9107 timebase=34214536933200000 delta=675000
19:36:21.725 [jas-state] retrace=4 queue_used=0 state=0 saved_pc=0x00000000 wait=0x00000000 current=0x00000000 context=0x803F09E8 run_bits=0x00000000 lod_done=0 dsp_pending=0
19:36:21.725 [vi] status-write pc=0x80313034 value=0x1107 before=0x9107 srr0=0x80307EF4 srr1=0x00009032 msr=0x00001032
19:36:21.725 [vi] status-after=0x1107
19:36:21.725 [vi] status-write pc=0x80313158 value=0x1107 before=0x1107 srr0=0x80307EF4 srr1=0x00009032 msr=0x00001032
19:36:21.725 [vi] status-after=0x1107
19:36:21.727 [vi] guest-clock retrace at block=3607 msr=0x00009032 cause=0x00010100 mask=0x00000FFC vi_di0=0x9107 timebase=34214536933875000 delta=675000
19:36:21.727 [jas-state] retrace=5 queue_used=0 state=0 saved_pc=0x00000000 wait=0x00000000 current=0x00000000 context=0x803F09E8 run_bits=0x00000000 lod_done=0 dsp_pending=0
19:36:21.727 [vi] status-write pc=0x80313034 value=0x1107 before=0x9107 srr0=0x80307EF4 srr1=0x00009032 msr=0x00001032
19:36:21.727 [vi] status-after=0x1107
19:36:21.727 [vi] status-write pc=0x80313158 value=0x1107 before=0x1107 srr0=0x80307EF4 srr1=0x00009032 msr=0x00001032
19:36:21.727 [vi] status-after=0x1107
19:36:21.728 [vi] guest-clock retrace at block=4353 msr=0x00009032 cause=0x00010100 mask=0x00000FFC vi_di0=0x9107 timebase=34214536934550000 delta=675000
19:36:21.728 [jas-state] retrace=6 queue_used=0 state=0 saved_pc=0x00000000 wait=0x00000000 current=0x00000000 context=0x803F09E8 run_bits=0x00800000 lod_done=0 dsp_pending=0
19:36:21.728 [vi] status-write pc=0x80313034 value=0x1107 before=0x9107 srr0=0x80307EF4 srr1=0x00009032 msr=0x00001032
19:36:21.728 [vi] status-after=0x1107
19:36:21.728 [vi] status-write pc=0x80313158 value=0x1107 before=0x1107 srr0=0x80307EF4 srr1=0x00009032 msr=0x00001032
19:36:21.728 [vi] status-after=0x1107
19:36:21.742 [vi] guest-clock retrace at block=5104 msr=0x00009032 cause=0x00010100 mask=0x00000FFC vi_di0=0x9107 timebase=34214536935225000 delta=675000
19:36:21.742 [jas-state] retrace=7 queue_used=0 state=0 saved_pc=0x00000000 wait=0x00000000 current=0x00000000 context=0x803F09E8 run_bits=0x00000000 lod_done=0 dsp_pending=0
19:36:21.742 [vi] status-write pc=0x80313034 value=0x1107 before=0x9107 srr0=0x80307EF4 srr1=0x00009032 msr=0x00001032
19:36:21.742 [vi] status-after=0x1107
19:36:21.742 [vi] status-write pc=0x80313158 value=0x1107 before=0x1107 srr0=0x80307EF4 srr1=0x00009032 msr=0x00001032
19:36:21.742 [vi] status-after=0x1107
19:36:21.759 [vi] guest-clock retrace at block=5849 msr=0x00009032 cause=0x00010100 mask=0x00000FFC vi_di0=0x9107 timebase=34214536935900000 delta=675000
19:36:21.759 [jas-state] retrace=8 queue_used=0 state=0 saved_pc=0x00000000 wait=0x00000000 current=0x00000000 context=0x803F09E8 run_bits=0x00000000 lod_done=0 dsp_pending=0
19:36:21.759 [vi] status-write pc=0x80313034 value=0x1107 before=0x9107 srr0=0x80307EF4 srr1=0x00009032 msr=0x00001032
19:36:21.759 [vi] status-after=0x1107
19:36:21.760 [dvd] open #6 path="/framework.str" entry=152 file=0x803A70FC length=17579 result=1 return=0x802BC9AC
19:36:21.761 [rel] dynamic-load pc=0x80240744 object=0x803A71C0 name="f_pc_profile_lst" module=0x00000000 archive=0x80AE39A4 cache=0x80AE3928 lr=0x802401F8
19:36:21.761 [rel] authentic-link-contract module=1 profile_ptr=0xC1F80178 data_size=0x000007DC
19:36:21.761 [rel] archived resource materialized name="f_pc_profile_lst" guest=0x81820000 size=16500 source=private-derived-rel
19:36:21.761 [dvd] fast-open #7 path="" entry=70 file=0x803A713C length=540416 result=1 return=0x802BCA20
19:36:21.761 [dvd] fast-open #8 path="" entry=73 file=0x803A70FC length=1211200 result=1 return=0x802BCA20
19:36:21.776 [vi] guest-clock retrace at block=6598 msr=0x00009032 cause=0x00010100 mask=0x00000FFC vi_di0=0x9107 timebase=34214536936575000 delta=675000
19:36:21.776 [dvd] mount-create pc=0x80018554 r3=0x8040CD08 r4=0x00000000 r5=0x00000000 path="/res/Object/System.arc" lr=0x8006D94C
19:36:21.776 [dvd] mount-create pc=0x8001199C r3=0x8040CD08 r4=0x00000000 r5=0x00000000 path="" lr=0x80018578
19:36:21.776 [dvd] path-convert #4 path="/res/Object/System.arc" entry=1277 return=0x80017FF4
19:36:21.776 [dvd] fast-open #9 path="" entry=1277 file=0x803A70FC length=34176 result=1 return=0x802BCA20
19:36:21.777 [dvd] mount-create pc=0x80018554 r3=0x8040CD08 r4=0x00000002 r5=0x00000000 path="/res/Object/Logo.arc" lr=0x8006D94C
19:36:21.777 [dvd] mount-create pc=0x8001199C r3=0x8040CD08 r4=0x00000002 r5=0x00000000 path="" lr=0x80018578
19:36:21.777 [dvd] path-convert #5 path="/res/Object/Logo.arc" entry=1154 return=0x80017FF4
19:36:21.777 [dvd] fast-open #10 path="" entry=1154 file=0x803A70FC length=23521 result=1 return=0x802BCA20
19:36:21.780 [dvd] mount-create pc=0x8001199C r3=0x803628FF r4=0x00000000 r5=0x00000002 path="" lr=0x80018868
19:36:21.780 [dvd] path-convert #6 path="/res/Stage/sea/LODALL.arc" entry=2186 return=0x80017FF4
19:36:21.780 [dvd] fast-open #11 path="" entry=2186 file=0x80ACE644 length=137731 result=1 return=0x802BCA20
19:36:21.780 [dvd] fast-open #12 path="" entry=2186 file=0x803A70DC length=137731 result=1 return=0x802BCA20
19:36:21.780 [dvd] fast-open #13 path="" entry=2186 file=0x803A70DC length=137731 result=1 return=0x802BCA20
19:36:21.781 [dvd] fast-open #14 path="" entry=2186 file=0x803A70DC length=137731 result=1 return=0x802BCA20
19:36:21.792 [vi] guest-clock retrace at block=8374 msr=0x00009032 cause=0x00010100 mask=0x00000FFC vi_di0=0x9107 timebase=34214536937250000 delta=675000
19:36:21.810 [vi] guest-clock retrace at block=10709 msr=0x00009032 cause=0x00010100 mask=0x00000FFC vi_di0=0x9107 timebase=34214536937925000 delta=675000
19:36:21.812 [dvd] mount-create pc=0x80018554 r3=0x8040CC88 r4=0x00000000 r5=0x00000000 path="/res/Object/Always.arc" lr=0x8006D94C
19:36:21.812 [dvd] mount-create pc=0x8001199C r3=0x8040CC88 r4=0x00000000 r5=0x00000000 path="" lr=0x80018578
19:36:21.812 [dvd] path-convert #7 path="/res/Object/Always.arc" entry=875 return=0x80017FF4
19:36:21.812 [dvd] fast-open #15 path="" entry=875 file=0x803A70FC length=212657 result=1 return=0x802BCA20
19:36:21.826 [vi] guest-clock retrace at block=11491 msr=0x00009032 cause=0x00010100 mask=0x00000FFC vi_di0=0x9107 timebase=34214536938600000 delta=675000
19:36:21.827 [dvd] mount-create pc=0x80018554 r3=0x8040CC88 r4=0x00000000 r5=0x00000000 path="/res/Object/Link.arc" lr=0x8006D94C
19:36:21.827 [dvd] mount-create pc=0x8001199C r3=0x8040CC88 r4=0x00000000 r5=0x00000000 path="" lr=0x80018578
19:36:21.827 [dvd] path-convert #8 path="/res/Object/Link.arc" entry=1150 return=0x80017FF4
19:36:21.827 [dvd] fast-open #16 path="" entry=1150 file=0x803A70FC length=568694 result=1 return=0x802BCA20
19:36:21.842 [vi] guest-clock retrace at block=12164 msr=0x00009032 cause=0x00010100 mask=0x00000FFC vi_di0=0x9107 timebase=34214536939275000 delta=675000
19:36:21.859 [vi] guest-clock retrace at block=12840 msr=0x00009032 cause=0x00010100 mask=0x00000FFC vi_di0=0x9107 timebase=34214536939950000 delta=675000
19:36:21.868 [dvd] mount-create pc=0x80018554 r3=0x8040CC88 r4=0x00000000 r5=0x00000000 path="/res/Object/Agb.arc" lr=0x8006D94C
19:36:21.868 [dvd] mount-create pc=0x8001199C r3=0x8040CC88 r4=0x00000000 r5=0x00000000 path="" lr=0x80018578
19:36:21.868 [dvd] path-convert #9 path="/res/Object/Agb.arc" entry=866 return=0x80017FF4
19:36:21.868 [dvd] mount-create pc=0x8001199C r3=0x80362934 r4=0x00000000 r5=0x00000002 path="" lr=0x80018868
19:36:21.868 [dvd] path-convert #10 path="/res/Object/LkAnm.arc" entry=1151 return=0x80017FF4
19:36:21.868 [dvd] mount-create pc=0x8001199C r3=0x8036294A r4=0x00000000 r5=0x00000002 path="" lr=0x80018868
19:36:21.868 [dvd] path-convert #11 path="/res/Fmap/Fmap.arc" entry=814 return=0x80017FF4
19:36:21.868 [dvd] mount-create pc=0x8001199C r3=0x8036295D r4=0x00000000 r5=0x00000002 path="" lr=0x80018868
19:36:21.868 [dvd] path-convert #12 path="/res/Msg/itemres.arc" entry=844 return=0x80017FF4
19:36:21.868 [dvd] mount-create pc=0x8001199C r3=0x80362972 r4=0x00000000 r5=0x00000002 path="" lr=0x80018868
19:36:21.868 [dvd] path-convert #13 path="/res/Msg/fmapres.arc" entry=837 return=0x80017FF4
19:36:21.868 [dvd] mount-create pc=0x8001199C r3=0x80362987 r4=0x00000000 r5=0x00000002 path="" lr=0x80018868
19:36:21.868 [dvd] path-convert #14 path="/res/Msg/dmapres.arc" entry=833 return=0x80017FF4
19:36:21.868 [dvd] mount-create pc=0x8001199C r3=0x8036299C r4=0x00000000 r5=0x00000002 path="" lr=0x80018868
19:36:21.868 [dvd] path-convert #15 path="/res/Msg/clctres.arc" entry=831 return=0x80017FF4
19:36:21.868 [dvd] mount-create pc=0x8001199C r3=0x803629B1 r4=0x00000000 r5=0x00000002 path="" lr=0x80018868
19:36:21.868 [dvd] path-convert #16 path="/res/Msg/optres.arc" entry=849 return=0x80017FF4
19:36:21.868 [dvd] mount-create pc=0x8001199C r3=0x803629C5 r4=0x00000000 r5=0x00000002 path="" lr=0x80018868
19:36:21.868 [dvd] mount-create pc=0x8001199C r3=0x803629DB r4=0x00000000 r5=0x00000002 path="" lr=0x80018868
19:36:21.868 [dvd] mount-create pc=0x8001199C r3=0x803629F1 r4=0x00000000 r5=0x00000002 path="" lr=0x80018868
19:36:21.868 [dvd] mount-create pc=0x8001199C r3=0x80362A06 r4=0x00000000 r5=0x00000002 path="" lr=0x80018868
19:36:21.868 [dvd] mount-create pc=0x8001199C r3=0x80362A1C r4=0x00000000 r5=0x00000002 path="" lr=0x80018868
19:36:21.868 [dvd] mount-create pc=0x8001199C r3=0x80362A30 r4=0x00000000 r5=0x00000001 path="" lr=0x80018868
19:36:21.868 [dvd] mount-create pc=0x8001199C r3=0x80362A45 r4=0x00000000 r5=0x00000002 path="" lr=0x80018868
19:36:21.868 [dvd] mount-create pc=0x8001199C r3=0x80362A5A r4=0x00000000 r5=0x00000002 path="" lr=0x80018868
19:36:21.868 [dvd] mount-create pc=0x8001199C r3=0x80362A6F r4=0x00000000 r5=0x00000002 path="" lr=0x80018868
19:36:21.868 [dvd] mount-create pc=0x8001199C r3=0x80362A84 r4=0x00000000 r5=0x00000002 path="" lr=0x80018868
19:36:21.868 [dvd] mount-create pc=0x8001199C r3=0x80362A99 r4=0x00000000 r5=0x00000002 path="" lr=0x80018868
19:36:21.868 [dvd] mount-create pc=0x8001199C r3=0x80362AAF r4=0x00000000 r5=0x00000002 path="" lr=0x80018868
19:36:21.868 [dvd] mount-create pc=0x8001199C r3=0x80362AC4 r4=0x00000000 r5=0x00000001 path="" lr=0x80018868
19:36:21.868 [dvd] mount-create pc=0x8001199C r3=0x80362AD8 r4=0x00000000 r5=0x00000001 path="" lr=0x80018868
19:36:21.868 [dvd] mount-create pc=0x8001199C r3=0x80362AED r4=0x00000000 r5=0x00000002 path="" lr=0x80018868
19:36:21.868 [dvd] mount-create pc=0x8001199C r3=0x80362B01 r4=0x00000000 r5=0x00000001 path="" lr=0x80018868
19:36:21.868 [dvd] mount-create pc=0x8001199C r3=0x80362B16 r4=0x00000000 r5=0x00000001 path="" lr=0x80018868
19:36:21.868 [dvd] mount-create pc=0x8001199C r3=0x80362B2B r4=0x00000000 r5=0x00000001 path="" lr=0x80018868
19:36:21.868 [dvd] mount-create pc=0x8001199C r3=0x80362B40 r4=0x00000000 r5=0x80816F30 path="" lr=0x80018A04
19:36:21.868 [dvd] mount-create pc=0x8001199C r3=0x80362B59 r4=0x00000000 r5=0x00000000 path="" lr=0x80018A04
19:36:21.868 [dvd] mount-create pc=0x8001199C r3=0x80362B8F r4=0x00000000 r5=0x00000000 path="" lr=0x80018A04
19:36:21.868 [dvd] mount-create pc=0x8001199C r3=0x80362BC2 r4=0x00000000 r5=0x00000000 path="" lr=0x80018A04
19:36:21.868 [audio-dsp-guest-dma] pc=0x8031696C offset=0x30 value=0x806A r3=0x00000001 r4=0x00000000 r5=0xCC005000
19:36:21.868 [audio-dsp-guest-dma] pc=0x80316980 offset=0x32 value=0xEEA0 r3=0x00000001 r4=0x00000000 r5=0xCC005000
19:36:21.868 [audio-dsp-guest-dma] pc=0x80316994 offset=0x36 value=0x0046 r3=0x00000001 r4=0x00000000 r5=0xCC005000
19:36:21.868 [dsp-lle] dsp-interrupt pc=0x80319070
19:36:21.868 [dsp-lle] dsp-interrupt pc=0x80319070
19:36:21.868 [dsp-log] ref/recompcore/Source/Core/Core/HW/DSPHLE/UCodes/Zelda.cpp:479 CMD0D: 803ea5e0
19:36:21.868 [dsp-lle] dsp-interrupt pc=0x80319070
19:36:21.869 [audio-dsp-guest-dma] pc=0x803169C4 offset=0x36 value=0x8046 r3=0xCC005000 r4=0x00003032 r5=0x0000B032
19:36:21.869 [audio-dsp-frame-word] value=0x82074000 pc=0x803190B0 remaining_before=0
19:36:21.869 [dsp-lle] dsp-interrupt pc=0x80319070
19:36:21.869 [dsp-lle] dsp-interrupt pc=0x80319070
19:36:21.869 [dsp-lle] dsp-interrupt pc=0x80319070
19:36:21.869 [dsp-lle] dsp-interrupt pc=0x80319070
19:36:21.869 [dsp-lle] dsp-interrupt pc=0x80319070
19:36:21.869 [dsp-lle] dsp-interrupt pc=0x80319070
19:36:21.869 [dsp-lle] dsp-interrupt pc=0x80319070
19:36:21.869 [dsp-lle] dsp-interrupt pc=0x80319080
19:36:21.872 [vi] OSWakeupThread entry queue=0x806AC6F8 head=0x00000000 tail=0x00000000
19:36:21.872 [osmsg] pc=0x80308B88 r3=0x806AC6F8 r4=0x00000000 r5=0x8072A2A4 lr=0x80306014 used=2155949792 recv_head=0x00000000 recv_tail=0x00000000 thread=0x803A2960 state=2 wait=0x00000000
19:36:21.877 [vi] guest-clock retrace at block=13798 msr=0x00003032 cause=0x00010100 mask=0x00000FFC vi_di0=0x9107 timebase=34214536940625000 delta=675000
19:36:21.882 [osmsg] pc=0x80308B88 r3=0x806AC6F8 r4=0x00000000 r5=0x8075039C lr=0x80306014 used=2155949792 recv_head=0x00000000 recv_tail=0x00000000 thread=0x803A2960 state=2 wait=0x00000000
19:36:21.887 [audio-dsp-guest-dma] pc=0x8031696C offset=0x30 value=0x806A r3=0x00000001 r4=0x00008000 r5=0xCC005000
19:36:21.887 [audio-dsp-guest-dma] pc=0x80316980 offset=0x32 value=0xDD20 r3=0x00000001 r4=0x00000000 r5=0xCC005000
19:36:21.887 [audio-dsp-guest-dma] pc=0x80316994 offset=0x36 value=0x8046 r3=0x00000001 r4=0x00008000 r5=0xCC005000
19:36:21.887 [audio-dsp-frame-word] value=0x82075FFB pc=0x803190B0 remaining_before=0
19:36:21.887 [dsp-lle] dsp-interrupt pc=0x80319070
19:36:21.887 [dsp-lle] dsp-interrupt pc=0x80319070
19:36:21.887 [dsp-lle] dsp-interrupt pc=0x80319070
19:36:21.887 [dsp-lle] dsp-interrupt pc=0x80319070
19:36:21.887 [dsp-lle] dsp-interrupt pc=0x80319070
19:36:21.893 [vi] guest-clock retrace at block=14638 msr=0x00009032 cause=0x00010100 mask=0x00000FFC vi_di0=0x9107 timebase=34214536941300000 delta=675000
19:36:21.893 [jas-state] retrace=16 queue_used=2 state=4 saved_pc=0x80307EAC wait=0x80ADBE14 current=0x00000000 context=0x803F09E8 run_bits=0x00000000 lod_done=0 dsp_pending=0
19:36:21.894 [audio-dsp-guest-dma] pc=0x8031696C offset=0x30 value=0x806A r3=0x00000001 r4=0x00008000 r5=0xCC005000
19:36:21.894 [audio-dsp-guest-dma] pc=0x80316980 offset=0x32 value=0xE5E0 r3=0x00000001 r4=0x00000000 r5=0xCC005000
19:36:21.894 [audio-dsp-guest-dma] pc=0x80316994 offset=0x36 value=0x8046 r3=0x00000001 r4=0x00008000 r5=0xCC005000
19:36:21.894 [audio-dsp-frame-word] value=0x82075FFB pc=0x803190B0 remaining_before=0
19:36:21.911 [mods] texture replaced #1 addr=01482DA0 fmt=3 376x104 -> 376x104
19:36:21.911 [audio-dsp-guest-dma] pc=0x8031696C offset=0x30 value=0x806A r3=0x00000001 r4=0x00008000 r5=0xCC005000
19:36:21.911 [audio-dsp-guest-dma] pc=0x80316980 offset=0x32 value=0xEEA0 r3=0x00000001 r4=0x00000000 r5=0xCC005000
19:36:21.911 [audio-dsp-guest-dma] pc=0x80316994 offset=0x36 value=0x8046 r3=0x00000001 r4=0x00008000 r5=0xCC005000
19:36:21.911 [audio-dsp-frame-word] value=0x82075FFB pc=0x803190B0 remaining_before=0
19:36:21.927 [audio-dsp-guest-dma] pc=0x8031696C offset=0x30 value=0x806A r3=0x00000001 r4=0x00008000 r5=0xCC005000
19:36:21.927 [audio-dsp-guest-dma] pc=0x80316980 offset=0x32 value=0xDD20 r3=0x00000001 r4=0x00000000 r5=0xCC005000
19:36:21.927 [audio-dsp-guest-dma] pc=0x80316994 offset=0x36 value=0x8046 r3=0x00000001 r4=0x00008000 r5=0xCC005000
19:36:21.927 [audio-dsp-frame-word] value=0x82075FFB pc=0x803190B0 remaining_before=0
19:36:21.944 [audio-dsp-guest-dma] pc=0x8031696C offset=0x30 value=0x806A r3=0x00000001 r4=0x00008000 r5=0xCC005000
19:36:21.944 [audio-dsp-guest-dma] pc=0x80316980 offset=0x32 value=0xE5E0 r3=0x00000001 r4=0x00000000 r5=0xCC005000
19:36:21.944 [audio-dsp-guest-dma] pc=0x80316994 offset=0x36 value=0x8046 r3=0x00000001 r4=0x00008000 r5=0xCC005000
19:36:21.944 [audio-dsp-frame-word] value=0x82075FFB pc=0x803190B0 remaining_before=0
19:36:21.961 [audio-dsp-guest-dma] pc=0x8031696C offset=0x30 value=0x806A r3=0x00000001 r4=0x00008000 r5=0xCC005000
19:36:21.961 [audio-dsp-guest-dma] pc=0x80316980 offset=0x32 value=0xEEA0 r3=0x00000001 r4=0x00000000 r5=0xCC005000
19:36:21.961 [audio-dsp-guest-dma] pc=0x80316994 offset=0x36 value=0x8046 r3=0x00000001 r4=0x00008000 r5=0xCC005000
19:36:21.961 [audio-dsp-frame-word] value=0x82075FFB pc=0x803190B0 remaining_before=0
19:36:21.978 [audio-dsp-guest-dma] pc=0x8031696C offset=0x30 value=0x806A r3=0x00000001 r4=0x00008000 r5=0xCC005000
19:36:21.978 [audio-dsp-guest-dma] pc=0x80316980 offset=0x32 value=0xDD20 r3=0x00000001 r4=0x00000000 r5=0xCC005000
19:36:21.978 [audio-dsp-guest-dma] pc=0x80316994 offset=0x36 value=0x8046 r3=0x00000001 r4=0x00008000 r5=0xCC005000
19:36:21.978 [audio-dsp-frame-word] value=0x82075FFB pc=0x803190B0 remaining_before=0
19:36:22.009 [audio-dsp-guest-dma] pc=0x8031696C offset=0x30 value=0x806A r3=0x00000001 r4=0x00008000 r5=0xCC005000
19:36:22.009 [audio-dsp-guest-dma] pc=0x80316980 offset=0x32 value=0xE5E0 r3=0x00000001 r4=0x00000000 r5=0xCC005000
19:36:22.009 [audio-dsp-guest-dma] pc=0x80316994 offset=0x36 value=0x8046 r3=0x00000001 r4=0x00008000 r5=0xCC005000
19:36:22.009 [audio-dsp-frame-word] value=0x82075FFB pc=0x803190B0 remaining_before=0
19:36:22.026 [audio-dsp-guest-dma] pc=0x8031696C offset=0x30 value=0x806A r3=0x00000001 r4=0x00008000 r5=0xCC005000
19:36:22.026 [audio-dsp-guest-dma] pc=0x80316980 offset=0x32 value=0xEEA0 r3=0x00000001 r4=0x00000000 r5=0xCC005000
19:36:22.026 [audio-dsp-guest-dma] pc=0x80316994 offset=0x36 value=0x8046 r3=0x00000001 r4=0x00008000 r5=0xCC005000
19:36:22.026 [audio-dsp-frame-word] value=0x82075FFB pc=0x803190B0 remaining_before=0
19:36:22.043 [audio-dsp-guest-dma] pc=0x8031696C offset=0x30 value=0x806A r3=0x00000001 r4=0x00008000 r5=0xCC005000
19:36:22.043 [audio-dsp-guest-dma] pc=0x80316980 offset=0x32 value=0xDD20 r3=0x00000001 r4=0x00000000 r5=0xCC005000
19:36:22.043 [audio-dsp-guest-dma] pc=0x80316994 offset=0x36 value=0x8046 r3=0x00000001 r4=0x00008000 r5=0xCC005000
19:36:22.043 [audio-dsp-frame-word] value=0x82075FFB pc=0x803190B0 remaining_before=0
19:36:22.060 [audio-dsp-guest-dma] pc=0x8031696C offset=0x30 value=0x806A r3=0x00000001 r4=0x00008000 r5=0xCC005000
19:36:22.060 [audio-dsp-guest-dma] pc=0x80316980 offset=0x32 value=0xE5E0 r3=0x00000001 r4=0x00000000 r5=0xCC005000
19:36:22.060 [audio-dsp-guest-dma] pc=0x80316994 offset=0x36 value=0x8046 r3=0x00000001 r4=0x00008000 r5=0xCC005000
19:36:22.060 [audio-dsp-frame-word] value=0x82075FFB pc=0x803190B0 remaining_before=0
19:36:22.076 [audio-dsp-guest-dma] pc=0x8031696C offset=0x30 value=0x806A r3=0x00000001 r4=0x00008000 r5=0xCC005000
19:36:22.076 [audio-dsp-guest-dma] pc=0x80316980 offset=0x32 value=0xEEA0 r3=0x00000001 r4=0x00000000 r5=0xCC005000
19:36:22.076 [audio-dsp-guest-dma] pc=0x80316994 offset=0x36 value=0x8046 r3=0x00000001 r4=0x00008000 r5=0xCC005000
19:36:22.076 [audio-dsp-frame-word] value=0x82075FFB pc=0x803190B0 remaining_before=0
19:36:22.093 [audio-dsp-guest-dma] pc=0x8031696C offset=0x30 value=0x806A r3=0x00000001 r4=0x00008000 r5=0xCC005000
19:36:22.093 [audio-dsp-guest-dma] pc=0x80316980 offset=0x32 value=0xDD20 r3=0x00000001 r4=0x00000000 r5=0xCC005000
19:36:22.093 [audio-dsp-guest-dma] pc=0x80316994 offset=0x36 value=0x8046 r3=0x00000001 r4=0x00008000 r5=0xCC005000
19:36:22.093 [audio-dsp-frame-word] value=0x82075FFB pc=0x803190B0 remaining_before=0
19:36:22.110 [audio-dsp-guest-dma] pc=0x8031696C offset=0x30 value=0x806A r3=0x00000001 r4=0x00008000 r5=0xCC005000
19:36:22.110 [audio-dsp-guest-dma] pc=0x80316980 offset=0x32 value=0xE5E0 r3=0x00000001 r4=0x00000000 r5=0xCC005000
19:36:22.110 [audio-dsp-guest-dma] pc=0x80316994 offset=0x36 value=0x8046 r3=0x00000001 r4=0x00008000 r5=0xCC005000
19:36:22.110 [audio-dsp-frame-word] value=0x82075FFB pc=0x803190B0 remaining_before=0
19:36:22.111 [haptics] the game's vibration found at retrace 30
19:36:22.126 [audio-dsp-guest-dma] pc=0x8031696C offset=0x30 value=0x806A r3=0x00000001 r4=0x00008000 r5=0xCC005000
19:36:22.127 [audio-dsp-guest-dma] pc=0x80316980 offset=0x32 value=0xEEA0 r3=0x00000001 r4=0x00000000 r5=0xCC005000
19:36:22.127 [audio-dsp-frame-word] value=0x82075FFB pc=0x803190B0 remaining_before=0
19:36:22.143 [audio-dsp-frame-word] value=0x82075FFB pc=0x803190B0 remaining_before=0
19:36:22.159 [jas-state] retrace=32 queue_used=30 state=4 saved_pc=0x80307EAC wait=0x80ADBE14 current=0x00000000 context=0x803F09E8 run_bits=0x00000000 lod_done=0 dsp_pending=0
19:36:22.161 [audio-dsp-frame-word] value=0x82075FFB pc=0x803190B0 remaining_before=0
19:36:22.177 [audio-dsp-frame-word] value=0x82075FFB pc=0x803190B0 remaining_before=0
19:36:22.194 [audio-dsp-frame-word] value=0x82075FFB pc=0x803190B0 remaining_before=0
19:36:22.211 [audio-dsp-frame-word] value=0x82075FFB pc=0x803190B0 remaining_before=0
19:36:22.228 [audio-dsp-frame-word] value=0x82075FFB pc=0x803190B0 remaining_before=0
19:36:22.244 [audio-dsp-frame-word] value=0x82075FFB pc=0x803190B0 remaining_before=0
19:36:22.262 [audio-dsp-frame-word] value=0x82075FFB pc=0x803190B0 remaining_before=0
19:36:22.643 [perf] retrace=61 rate=59.9 worst_ms=49.2 hitches=0 busy=22%
19:36:22.645 [smooth-motion] on in_between=1 target_fps=60
19:36:22.693 [jas-state] retrace=64 queue_used=9 state=4 saved_pc=0x80307EAC wait=0x80ADDD64 current=0x00000000 context=0x803F09E8 run_bits=0x00000000 lod_done=0 dsp_pending=0
19:36:22.778 [audio-lifecycle] pc=0x80007224 r3=0x00000001 r4=0x803A4DF0 r5=0x803A4EA4 blocks=58982
19:36:23.268 [mouse] camera on (the buttons press what Controls says, the wheel zooms, Esc gives the mouse back)
19:36:23.294 [jas-state] retrace=100 queue_used=1 state=4 saved_pc=0x80307EAC wait=0x80ADDD64 current=0x00000000 context=0x803F09E8 run_bits=0x00000000 lod_done=0 dsp_pending=0
19:36:23.412 [mods] texture replaced #2 addr=014A1800 fmt=9 336x88 -> 672x176
19:36:23.644 [perf] retrace=121 rate=59.9 worst_ms=16.7 hitches=0 busy=10%
19:36:23.712 [frame] management pc=0x800231BC lr=0x8003ED78 r3=0x00000001 r4=0x804D8D60 current_thread=0x803A2960 current_context=0x803A2960 main_state=2 main_queue=0x00000000 run_bits=0x00000000
19:36:23.761 [jas-state] retrace=128 queue_used=0 state=4 saved_pc=0x80307EAC wait=0x806AC798 current=0x00000000 context=0x803F09E8 run_bits=0x00000000 lod_done=0 dsp_pending=0
19:36:23.912 [mods] texture replaced #3 addr=014A9720 fmt=0 208x112 -> 416x224
19:36:24.496 [audio-sequence-contract] process-return base=0x80774B10 slot0=0x00000000 state=0 flags=0x00000000 id=0x00000000 slot1=0x00000000 state=0 flags=0x00000000 id=0x00000000 slot2=0x8076B190 state=4 flags=0x04030000 id=0x80000800 slot4=0x00000000 state=0 flags=0x00000000 id=0x00000000 blocks=136999
19:36:24.496 [audio-sequence-metadata] pc=0x80290490 base=0x80774BB0 slot=2 f0=0 f1=0 f2=0 f3=0 f4=0x00000000 f8=0x00000000 f48=0x8076B190 blocks=136999
19:36:24.645 [perf] retrace=181 rate=59.9 worst_ms=16.7 hitches=0 busy=7%
19:36:24.646 [mouse] camera off (click to turn it on)
19:36:24.962 [jas-state] retrace=200 queue_used=0 state=4 saved_pc=0x80307EAC wait=0x806AC798 current=0x00000000 context=0x803F09E8 run_bits=0x00000000 lod_done=0 dsp_pending=0
19:36:25.168 [mouse] camera on (the buttons press what Controls says, the wheel zooms, Esc gives the mouse back)
19:36:25.446 [mouse] camera off (click to turn it on)
19:36:25.646 [perf] retrace=241 rate=59.9 worst_ms=16.7 hitches=0 busy=7%
19:36:25.868 [mouse] camera on (the buttons press what Controls says, the wheel zooms, Esc gives the mouse back)
19:36:25.897 [jas-state] retrace=256 queue_used=0 state=4 saved_pc=0x80307EAC wait=0x806AC798 current=0x803A2960 context=0x803A2960 run_bits=0x00000000 lod_done=0 dsp_pending=0
19:36:26.011 [dvd] mount-create pc=0x8001199C r3=0x43300000 r4=0x00003032 r5=0x0000B032 path="" lr=0x802354E0
19:36:26.011 [dvd] mount-create pc=0x8001199C r3=0x00000F30 r4=0x00003032 r5=0x0000B032 path="" lr=0x802354E8
19:36:26.016 [dvd] mount-create pc=0x8001199C r3=0x8040CD58 r4=0x00000000 r5=0x00000002 path="" lr=0x80018868
19:36:26.035 [dvd] mount-create pc=0x80018554 r3=0x8040CCE8 r4=0x00000001 r5=0x00000000 path="/res/Stage/sea_T/Stage.arc" lr=0x8006D94C
19:36:26.035 [dvd] mount-create pc=0x8001199C r3=0x8040CCE8 r4=0x00000001 r5=0x00000000 path="" lr=0x80018578
19:36:26.041 [dvd] mount-create pc=0x8001199C r3=0x803E2270 r4=0x00000000 r5=0x00000000 path="" lr=0x80018A04
19:36:26.043 [dvd] mount-create pc=0x8001199C r3=0x802406F0 r4=0x80AE0918 r5=0x803727FC path="" lr=0x800183D4
19:36:26.043 [rel] dynamic-load pc=0x80240744 object=0x80AE0918 name="d_a_ship" module=0x00000000 archive=0x80AE39A4 cache=0x80AE3928 lr=0x8024070C
19:36:26.043 [rel] executable alias module=168 raw=0x818200F4 linked=0xC1B100F4 size=55804
19:36:26.043 [rel] archived resource materialized name="d_a_ship" guest=0x81820000 size=74960 source=private-derived-rel
19:36:26.043 [rel] dynamic-load pc=0x80240744 object=0x80AE0918 name="d_a_ship" module=0x81820000 archive=0x80AE39A4 cache=0x80AE3928 lr=0x802401F8
19:36:26.044 [dvd] mount-create pc=0x80018554 r3=0x8040CCA8 r4=0x00000001 r5=0x00000000 path="/res/Stage/sea_T/Room44.arc" lr=0x8006D94C
19:36:26.044 [dvd] mount-create pc=0x8001199C r3=0x8040CCA8 r4=0x00000001 r5=0x00000000 path="" lr=0x80018578
19:36:26.045 [dvd] mount-create pc=0x80018554 r3=0x8040CCB8 r4=0x00000000 r5=0x00000000 path="/res/Object/Demo51.arc" lr=0x8006D94C
19:36:26.045 [dvd] mount-create pc=0x8001199C r3=0x8040CCB8 r4=0x00000000 r5=0x00000000 path="" lr=0x80018578
19:36:26.050 [collision-provenance] ground-cross-return retrace=303 blocks=0 returns=1 caller=0x800A2F68 check=0x80ABEA84 ground=CE6E6B28 poly=65535 bg=256 tuple=sentinel
19:36:26.050 [dvd] mount-create pc=0x8001199C r3=0x802406F0 r4=0x80AE33B8 r5=0x803727FC path="" lr=0x800183D4
19:36:26.050 [rel] dynamic-load pc=0x80240744 object=0x80AE33B8 name="d_a_title" module=0x00000000 archive=0x80AE39A4 cache=0x80AE3928 lr=0x8024070C
19:36:26.050 [rel] executable alias module=400 raw=0x818325BC linked=0xC1E000DC size=7756
19:36:26.050 [rel] archived resource materialized name="d_a_title" guest=0x818324E0 size=12288 source=private-derived-rel
19:36:26.050 [rel] dynamic-load pc=0x80240744 object=0x80AE33B8 name="d_a_title" module=0x818324E0 archive=0x80AE39A4 cache=0x80AE3928 lr=0x802401F8
19:36:26.050 [dvd] mount-create pc=0x80018554 r3=0x8040CCD8 r4=0x00000000 r5=0x00000000 path="/res/Object/TlogoE.arc" lr=0x8006D94C
19:36:26.050 [dvd] mount-create pc=0x8001199C r3=0x8040CCD8 r4=0x00000000 r5=0x00000000 path="" lr=0x80018578
19:36:26.063 [dvd] mount-create pc=0x8001199C r3=0x802406F0 r4=0x80ADF86C r5=0x803727FC path="" lr=0x800183D4
19:36:26.063 [rel] dynamic-load pc=0x80240744 object=0x80ADF86C name="d_a_obj_ikada" module=0x00000000 archive=0x80AE39A4 cache=0x80AE3928 lr=0x8024070C
19:36:26.063 [rel] executable alias module=60 raw=0x818355D4 linked=0xC15500F4 size=22620
19:36:26.063 [rel] archived resource materialized name="d_a_obj_ikada" guest=0x818354E0 size=33184 source=private-derived-rel
19:36:26.063 [rel] dynamic-load pc=0x80240744 object=0x80ADF86C name="d_a_obj_ikada" module=0x818354E0 archive=0x80AE39A4 cache=0x80AE3928 lr=0x802401F8
19:36:26.063 [dvd] mount-create pc=0x80018554 r3=0x8040CCC8 r4=0x00000000 r5=0x00000000 path="/res/Object/IkadaH.arc" lr=0x8006D94C
19:36:26.063 [dvd] mount-create pc=0x8001199C r3=0x8040CCC8 r4=0x00000000 r5=0x00000000 path="" lr=0x80018578
19:36:26.071 [dvd] mount-create pc=0x8001199C r3=0x802406F0 r4=0x80AE1940 r5=0x803727FC path="" lr=0x800183D4
19:36:26.071 [rel] dynamic-load pc=0x80240744 object=0x80AE1940 name="d_a_obj_wood" module=0x00000000 archive=0x80AE39A4 cache=0x80AE3928 lr=0x8024070C
19:36:26.071 [rel] executable alias module=84 raw=0x8183D754 linked=0xC19A00D4 size=1164
19:36:26.071 [rel] archived resource materialized name="d_a_obj_wood" guest=0x8183D680 size=2596 source=private-derived-rel
19:36:26.071 [collision-provenance] ground-cross-return retrace=304 blocks=0 returns=2 caller=0x800BE630 check=0x8040CCE4 ground=4407E88D poly=2906 bg=0 tuple=ground
19:36:26.072 [dvd] mount-create pc=0x8001199C r3=0x802406F0 r4=0x80AE32DC r5=0x803727FC path="" lr=0x800183D4
19:36:26.072 [rel] executable alias module=19 raw=0x8183E1AC linked=0xC08D00EC size=5404
19:36:26.072 [rel] archived resource materialized name="d_a_grass" guest=0x8183E0C0 size=8016 source=private-derived-rel
19:36:26.073 [dvd] mount-create pc=0x8001199C r3=0x802406F0 r4=0x80ADFC08 r5=0x803727FC path="" lr=0x800183D4
19:36:26.073 [rel] executable alias module=9 raw=0x81840104 linked=0xC06500E4 size=19636
19:36:26.073 [rel] archived resource materialized name="d_a_bridge" guest=0x81840020 size=25704 source=private-derived-rel
19:36:26.074 [dvd] mount-create pc=0x80018554 r3=0x8040CC88 r4=0x00000000 r5=0x00000000 path="/res/Object/Bridge.arc" lr=0x8006D94C
19:36:26.074 [dvd] mount-create pc=0x8001199C r3=0x8040CC88 r4=0x00000000 r5=0x00000000 path="" lr=0x80018578
19:36:26.077 [dvd] mount-create pc=0x8001199C r3=0x802406F0 r4=0x80ADF840 r5=0x803727FC path="" lr=0x800183D4
19:36:26.077 [rel] executable alias module=81 raw=0x81846594 linked=0xC18A00F4 size=9292
19:36:26.077 [rel] archived resource materialized name="d_a_obj_toripost" guest=0x818464A0 size=14960 source=private-derived-rel
19:36:26.077 [dvd] mount-create pc=0x80018554 r3=0x8040CCB8 r4=0x00000000 r5=0x00000000 path="/res/Object/Toripost.arc" lr=0x8006D94C
19:36:26.077 [dvd] mount-create pc=0x8001199C r3=0x8040CCB8 r4=0x00000000 r5=0x00000000 path="" lr=0x80018578
19:36:26.078 [dvd] mount-create pc=0x8001199C r3=0x802406F0 r4=0x80AE2E0C r5=0x803727FC path="" lr=0x800183D4
19:36:26.078 [rel] executable alias module=39 raw=0x81849FFC linked=0xC0B600DC size=1940
19:36:26.078 [rel] archived resource materialized name="d_a_lwood" guest=0x81849F20 size=3448 source=private-derived-rel
19:36:26.078 [dvd] mount-create pc=0x80018554 r3=0x8040CCD8 r4=0x00000000 r5=0x00000000 path="/res/Object/Lwood.arc" lr=0x8006D94C
19:36:26.078 [dvd] mount-create pc=0x8001199C r3=0x8040CCD8 r4=0x00000000 r5=0x00000000 path="" lr=0x80018578
19:36:26.079 [dvd] mount-create pc=0x8001199C r3=0x802406F0 r4=0x80AE3518 r5=0x803727FC path="" lr=0x800183D4
19:36:26.080 [rel] executable alias module=115 raw=0x8184AD94 linked=0xC1E700F4 size=33184
19:36:26.080 [rel] archived resource materialized name="d_a_tsubo" guest=0x8184ACA0 size=49268 source=private-derived-rel
19:36:26.112 [dvd] mount-create pc=0x8001199C r3=0x802406F0 r4=0x80AE11DC r5=0x803727FC path="" lr=0x800183D4
19:36:26.112 [rel] executable alias module=220 raw=0x81856E04 linked=0xC09C00E4 size=32648
19:36:26.112 [rel] archived resource materialized name="d_a_kb" guest=0x81856D20 size=45220 source=private-derived-rel
19:36:26.112 [dvd] mount-create pc=0x80018554 r3=0x8040CCA8 r4=0x00000000 r5=0x00000000 path="/res/Object/Kb.arc" lr=0x8006D94C
19:36:26.112 [dvd] mount-create pc=0x8001199C r3=0x8040CCA8 r4=0x00000000 r5=0x00000000 path="" lr=0x80018578
19:36:26.116 [dvd] mount-create pc=0x8001199C r3=0x802406F0 r4=0x80AE0B54 r5=0x803727FC path="" lr=0x800183D4
19:36:26.116 [rel] executable alias module=25 raw=0x81861ED4 linked=0xC09A00F4 size=12024
19:36:26.116 [rel] archived resource materialized name="d_a_kanban" guest=0x81861DE0 size=17520 source=private-derived-rel
19:36:26.116 [dvd] mount-create pc=0x80018554 r3=0x8040CCB8 r4=0x00000000 r5=0x00000000 path="/res/Object/Kanban.arc" lr=0x8006D94C
19:36:26.116 [dvd] mount-create pc=0x8001199C r3=0x8040CCB8 r4=0x00000000 r5=0x00000000 path="" lr=0x80018578
19:36:26.123 [dvd] mount-create pc=0x8001199C r3=0x802406F0 r4=0x80AE3570 r5=0x803727FC path="" lr=0x800183D4
19:36:26.123 [rel] executable alias module=96 raw=0x81866354 linked=0xC1C100F4 size=11708
19:36:26.123 [rel] archived resource materialized name="d_a_stone2" guest=0x81866260 size=18160 source=private-derived-rel
19:36:26.123 [dvd] mount-create pc=0x80018554 r3=0x8040CCC8 r4=0x00000000 r5=0x00000000 path="/res/Object/Ekao.arc" lr=0x8006D94C
19:36:26.123 [dvd] mount-create pc=0x8001199C r3=0x8040CCC8 r4=0x00000000 r5=0x00000000 path="" lr=0x80018578
19:36:26.123 [dvd] mount-create pc=0x8001199C r3=0x802406F0 r4=0x80AE0D64 r5=0x803727FC path="" lr=0x800183D4
19:36:26.123 [rel] kamome-load pc=0x80240744 object=0x80AE0D64 module=0x00000000 name=0x8033AEB4 lr=0x8024070C
19:36:26.124 [rel] executable alias module=139 raw=0x8186AA54 linked=0xC09900F4 size=21400
19:36:26.124 [rel] archived resource materialized name="d_a_kamome" guest=0x8186A960 size=30460 source=private-derived-rel
19:36:26.124 [rel] kamome-load pc=0x80240744 object=0x80AE0D64 module=0x8186A960 name=0x8033AEB4 lr=0x802401F8
19:36:26.124 [dvd] mount-create pc=0x80018554 r3=0x8040CC98 r4=0x00000000 r5=0x00000000 path="/res/Object/Kamome.arc" lr=0x8006D94C
19:36:26.124 [dvd] mount-create pc=0x8001199C r3=0x8040CC98 r4=0x00000000 r5=0x00000000 path="" lr=0x80018578
19:36:26.128 [dvd] mount-create pc=0x8001199C r3=0x802406F0 r4=0x80AE0E6C r5=0x803727FC path="" lr=0x800183D4
19:36:26.128 [rel] executable alias module=141 raw=0x8187213C linked=0xC0A200DC size=4912
19:36:26.128 [rel] archived resource materialized name="d_a_kn" guest=0x81872060 size=7132 source=private-derived-rel
19:36:26.128 [dvd] mount-create pc=0x80018554 r3=0x8040CCC8 r4=0x00000000 r5=0x00000000 path="/res/Object/KN.arc" lr=0x8006D94C
19:36:26.128 [dvd] mount-create pc=0x8001199C r3=0x8040CCC8 r4=0x00000000 r5=0x00000000 path="" lr=0x80018578
19:36:26.130 [dvd] mount-create pc=0x8001199C r3=0x802406F0 r4=0x80ADF948 r5=0x803727FC path="" lr=0x800183D4
19:36:26.130 [rel] executable alias module=63 raw=0x81873D1C linked=0xC15C00DC size=2392
19:36:26.130 [rel] archived resource materialized name="d_a_obj_lpalm" guest=0x81873C40 size=3824 source=private-derived-rel
19:36:26.130 [dvd] mount-create pc=0x80018554 r3=0x8040CCD8 r4=0x00000000 r5=0x00000000 path="/res/Object/Oyashi.arc" lr=0x8006D94C
19:36:26.130 [dvd] mount-create pc=0x8001199C r3=0x8040CCD8 r4=0x00000000 r5=0x00000000 path="" lr=0x80018578
19:36:26.132 [dvd] mount-create pc=0x8001199C r3=0x802406F0 r4=0x80AE2A70 r5=0x803727FC path="" lr=0x800183D4
19:36:26.132 [rel] executable alias module=30 raw=0x81874C1C linked=0xC0AA00DC size=792
19:36:26.132 [rel] archived resource materialized name="d_a_kytag01" guest=0x81874B40 size=1592 source=private-derived-rel
19:36:26.132 [dvd] mount-create pc=0x8001199C r3=0x802406F0 r4=0x80AE1F9C r5=0x803727FC path="" lr=0x800183D4
19:36:26.132 [rel] executable alias module=27 raw=0x8187525C linked=0xC0A300DC size=8212
19:36:26.132 [rel] archived resource materialized name="d_a_knob00" guest=0x81875180 size=12196 source=private-derived-rel
19:36:26.132 [dvd] mount-create pc=0x80018554 r3=0x8040CCC8 r4=0x00000000 r5=0x00000000 path="/res/Object/knob.arc" lr=0x8006D94C
19:36:26.132 [dvd] mount-create pc=0x8001199C r3=0x8040CCC8 r4=0x00000000 r5=0x00000000 path="" lr=0x80018578
19:36:26.139 [osmsg] pc=0x80308B88 r3=0x804D3B48 r4=0x00000000 r5=0x0000B032 lr=0x80306014 used=2158813216 recv_head=0x00000000 recv_tail=0x00000000 thread=0x803A2960 state=2 wait=0x00000000
19:36:26.167 [frame] draw-tag #1 tag=0x80AA8694 data=0x80AA867C method_filter=0x8040CCF8 method=0x800403AC retraces=328
19:36:26.171 [collision-provenance] producer retrace=328 blocks=251796 player=0x80ABE544 check=0x80ABEE30 ground=-1e+09 poly=65535 bg=256 pos=C6C68C00,455AA800,435B0000 check_words=80ABEE70,80ABEE7C,FFFFFFFF,01000000
19:36:26.172 [boot-milestone] title-ready retrace=328 retail_retrace=328 object=0x80ABE294 blocks=251807
19:36:26.182 [demo] start stage=sea_T event=80 retrace=329
19:36:26.198 [jas-state] retrace=330 queue_used=0 state=4 saved_pc=0x80307EAC wait=0x806AC798 current=0x00000000 context=0x803F09E8 run_bits=0x00000000 lod_done=1 dsp_pending=0
19:36:26.235 [dvd] mount-create pc=0x80018554 r3=0x8040CCA8 r4=0x00000001 r5=0x00000000 path="/res/Stage/sea_T/Room0.arc" lr=0x8006D94C
19:36:26.235 [dvd] mount-create pc=0x8001199C r3=0x8040CCA8 r4=0x00000001 r5=0x00000000 path="" lr=0x80018578
19:36:26.245 [frame] draw-dispatch #1 object=0x80AC4118 pause=0x00 subtype=0x09130003 method=0x803726E8 layer=0x80ACA4B0 current_thread=0x803A2960 retraces=332
19:36:26.649 [perf] retrace=357 rate=115.7 worst_ms=19.7 hitches=0 busy=45%
19:36:26.776 [frame] return pc=0x8003EF20 lr=0x8003EF20 r3=0x00000001 r4=0x489B73AB r30=0x80ACA4B0 current_thread=0x803A2960 current_context=0x803A2960 main_state=2 main_queue=0x00000000 run_bits=0x00000000 vi_used=1
19:36:26.833 [mouse] camera off (click to turn it on)
19:36:26.833 [settings] menu open (the game is paused)
19:36:26.833 [gfx] guest held by the host at present=326
19:36:30.101 [render-slow] acquire-drawable ms=66
19:36:30.101 [render-slow] ms=67 item=end-frame frame=520 pass=0
19:36:30.106 [aurora:info:aurora] Skipping present; window not presentable
19:36:30.106 [aurora:info:aurora] Surface texture is SuccessSuboptimal, reconfiguring swapchain
19:36:30.106 [aurora:info:aurora] Skipping present; window not presentable
19:36:30.106 [aurora:info:aurora] Surface texture is SuccessSuboptimal, reconfiguring swapchain
19:36:31.739 [render-slow] acquire-drawable ms=36
19:36:32.516 [aurora:info:aurora] Skipping present; window not presentable
19:36:32.516 [aurora:info:aurora] Surface texture is SuccessSuboptimal, reconfiguring swapchain
19:36:34.843 [settings] saved <redacted-path>
19:36:34.843 [settings] menu closed
19:36:34.843 [gfx] guest released after 8.0 s
19:36:34.843 [present-slow] present=326 ms=8011 lock=0 end_frame=0 events=0 begin_frame=0 frame_open=1
19:36:34.843 [gx-slow] batch_ms=8010 bytes=184 pipelines=0 textures=0
19:36:34.843 [gx-slow-bytes] 00 00 00 00 00 00 00 00 00 00 00 00 00 00 00 00 00 00 00 00 00 00 00 00 00 00 00 00 00 00 00 00 61 4F 00 00 00 61 50 00 00 00 61 51 FF FF FF 61 4E 00 01 00 61 01 66 66 66 61 02 66 66 66 61 03 66 66 66 61 04 66 66 66 61 53 30 A2 08 61 54 00 82 0A 61 40 00 00 17 61 41 00 04 BD 61 40 00 00 1F 61 41 00 04 BC 61 43 00 00 01 61 49 00 00 00 61 4A 07 7E 7F 61 4D 00 00 28 61 4B 02 B7 76 61 52 00 48 03 61 40 00 00 17 61 41 00 04 BD 61 43 00 00 41 61 45 00 00 02 00 00 00 00 00 00 00 00 00 00 00 00 00 00 00 00 00 00 00 00 00 00 00 00 00 00 00 00 00 00 00 00 
19:36:34.843 [gx-slow-sum] seconds=10 batches=2 total_ms=8057 max_ms=8010 pipelines=0 textures=0
19:36:34.863 [smooth-motion] on in_between=7 target_fps=120
19:36:35.865 [perf] retrace=429 rate=59.9 worst_ms=50.5 hitches=1 busy=57%
19:36:35.920 [frame] draw-tag #2 tag=0x80ABA984 data=0x80ABA8C0 method_filter=0x8040CD88 method=0x8009EA24 retraces=432
19:36:36.416 [mouse] camera on (the buttons press what Controls says, the wheel zooms, Esc gives the mouse back)
19:36:36.631 [jas-state] retrace=475 queue_used=0 state=4 saved_pc=0x80307EAC wait=0x806AC798 current=0x00000000 context=0x803F09E8 run_bits=0x00000000 lod_done=1 dsp_pending=0
19:36:36.865 [perf] retrace=489 rate=60.0 worst_ms=19.6 hitches=0 busy=52%
19:36:37.232 [music-stream] retrace=511 path="Audiores/Stream/title.afc" id=0xFFFFFFFF state=0 muted=0 sound=0x00000000 stop=0/0 play=0/0 decoded=0 playback_samples=0 buffer_state=0 dvd_pending=0 starting=1 dsp_finished=0
19:36:37.249 [jas-state] retrace=512 queue_used=0 state=4 saved_pc=0x80307EAC wait=0x806AC798 current=0x00000000 context=0x803F09E8 run_bits=0x00000000 lod_done=1 dsp_pending=0
19:36:37.866 [perf] retrace=549 rate=60.0 worst_ms=17.5 hitches=0 busy=51%
19:36:38.121 [frame] draw-tag #3 tag=0x80A7C74C data=0x80A7C688 method_filter=0x8040CD88 method=0x8009EA24 retraces=564
19:36:38.500 [pad] live input at retrace 587: scripted presses off for the rest of the run
19:36:38.667 [frame] return pc=0x8003EF20 lr=0x8003EF20 r3=0x00000001 r4=0x000000D8 r30=0x8003DCC0 current_thread=0x803A2960 current_context=0x803A2960 main_state=2 main_queue=0x00000000 run_bits=0x00000000 vi_used=1
19:36:38.867 [perf] retrace=609 rate=59.9 worst_ms=18.1 hitches=0 busy=52%
19:36:39.868 [perf] retrace=669 rate=59.9 worst_ms=19.9 hitches=0 busy=52%
19:36:39.957 [aurora:info:aurora::gfx::gxcore] GXCore uniform reuse: 90739 of 262144 blocks reused
19:36:40.629 [frame] return pc=0x8003EF20 lr=0x8003EF20 r3=0x00000001 r4=0x00002F70 r30=0x80ACDB24 current_thread=0x803A2960 current_context=0x803A2960 main_state=2 main_queue=0x00000000 run_bits=0x00000000 vi_used=1
19:36:40.686 [demo] end stage=sea_T event=80 frames=194 cues=1 sounds=1 missing=0 silent=0.4s of 6.5s
19:36:40.689 [boot-milestone] name-scene-create retrace=722 blocks=539456 scene=0x80ACC2FC
19:36:40.689 [boot-milestone] open-scene-request retrace=722 blocks=539456 request=0x803B9E30 scene_request=4 fade_proc=0
19:36:40.689 [scene-milestone] overlap-phase phase=3 retrace=722 blocks=539456 peek_time=1 is_peek=1 pid=0x000000CA task=0x80ACC168 handler=0x803720C8
19:36:40.689 [dvd] mount-create pc=0x80018554 r3=0x8040CC68 r4=0x00000001 r5=0x00000000 path="/res/Stage/Name/Stage.arc" lr=0x8006D94C
19:36:40.689 [dvd] mount-create pc=0x8001199C r3=0x8040CC68 r4=0x00000001 r5=0x00000000 path="" lr=0x80018578
19:36:40.718 [boot-milestone] name-scene-execute retrace=730 blocks=545277 scene=0x80ACC2FC main_proc=0 memcard_proc=0
19:36:40.718 [boot-milestone] memcard-check retrace=730 blocks=545278 scene=0x80ACC2FC main_proc=0 memcard_proc=0
19:36:40.870 [perf] retrace=740 rate=70.8 worst_ms=17.5 hitches=0 busy=48%
19:36:41.871 [perf] retrace=800 rate=59.9 worst_ms=16.7 hitches=0 busy=19%
19:36:42.013 [boot-milestone] file-select retrace=808 blocks=602094 scene=0x80ACC2FC
19:36:42.872 [perf] retrace=860 rate=59.9 worst_ms=16.7 hitches=0 busy=30%
19:36:43.873 [perf] retrace=920 rate=59.9 worst_ms=16.7 hitches=0 busy=33%
19:36:43.892 [interrupt] dispatch-reentered input=0x80304AE0 output=0x80304DF8 srr0=0x8030464C srr1=0x0000B032 msr=0x00001032
19:36:44.874 [perf] retrace=980 rate=59.9 worst_ms=16.7 hitches=0 busy=33%
19:36:44.880 [gx-slow-sum] seconds=10 batches=2 total_ms=68 max_ms=34 pipelines=0 textures=0
19:36:45.608 [jas-state] retrace=1024 queue_used=0 state=4 saved_pc=0x80307EAC wait=0x806AC798 current=0x00000000 context=0x803F09E8 run_bits=0x00000000 lod_done=1 dsp_pending=0
19:36:45.875 [perf] retrace=1040 rate=59.9 worst_ms=16.7 hitches=0 busy=31%
19:36:46.398 [scene] request pc=0x8002A2EC r1=0x8040CF10 r3=0x00000001 r4=0x804D8D60 r5=0x00123AD0 r6=0x80307EAC lr=0x80029FAC
19:36:46.876 [perf] retrace=1100 rate=59.9 worst_ms=16.7 hitches=0 busy=31%
19:36:47.877 [perf] retrace=1160 rate=59.9 worst_ms=16.7 hitches=0 busy=31%
19:36:48.878 [perf] retrace=1220 rate=59.9 worst_ms=16.7 hitches=0 busy=31%
19:36:49.879 [perf] retrace=1280 rate=59.9 worst_ms=16.7 hitches=0 busy=33%
19:36:50.880 [perf] retrace=1340 rate=59.9 worst_ms=16.7 hitches=0 busy=31%
19:36:51.164 [trace] 1M blocks pc=0x80307ef4
19:36:51.164 [vi] post-interrupt state retraces=1357 vi_di0=0x1107 retrace_head=0x00000000 retrace_tail=0x00000000 video_used=1 video_first=0 pre_cb=0x802C7E30 post_cb=0x802C8110 video_manager=0x80429EB0
19:36:51.501 [dvd] mount-create pc=0x8001199C r3=0x43300000 r4=0x00003032 r5=0x0000B032 path="" lr=0x802354E0
19:36:51.501 [dvd] mount-create pc=0x8001199C r3=0x00000F30 r4=0x00003032 r5=0x0000B032 path="" lr=0x802354E8
19:36:51.502 [boot-milestone] play-scene retrace=1382 blocks=1018040
19:36:51.550 [game] fap loop pc=0x800231E4 r1=0x8040CF50 r3=0x00000012 lr=0x8000645C
19:36:51.550 [frame] fap-boundary pc=0x800231E4 lr=0x8000645C current_thread=0x803A2960 current_context=0x803A2960 main_state=2 main_queue=0x00000000 run_bits=0x00000000 video_used=1 retraces=1391
19:36:51.634 [dvd] mount-create pc=0x80018554 r3=0x8040CCC8 r4=0x00000001 r5=0x00000000 path="/res/Stage/sea/Stage.arc" lr=0x8006D94C
19:36:51.634 [dvd] mount-create pc=0x8001199C r3=0x8040CCC8 r4=0x00000001 r5=0x00000000 path="" lr=0x80018578
19:36:51.653 [dvd] mount-create pc=0x80018554 r3=0x8040CC08 r4=0x00000000 r5=0x00000000 path="/res/Object/Ship.arc" lr=0x8006D94C
19:36:51.653 [dvd] mount-create pc=0x8001199C r3=0x8040CC08 r4=0x00000000 r5=0x00000000 path="" lr=0x80018578
19:36:51.658 [dvd] mount-create pc=0x80018554 r3=0x8040CC08 r4=0x00000000 r5=0x00000000 path="/res/Object/Cloth.arc" lr=0x8006D94C
19:36:51.658 [dvd] mount-create pc=0x8001199C r3=0x8040CC08 r4=0x00000000 r5=0x00000000 path="" lr=0x80018578
19:36:51.658 [dvd] mount-create pc=0x80018554 r3=0x8040CC08 r4=0x00000000 r5=0x00000000 path="/res/Object/knob.arc" lr=0x8006D94C
19:36:51.658 [dvd] mount-create pc=0x8001199C r3=0x8040CC08 r4=0x00000000 r5=0x00000000 path="" lr=0x80018578
19:36:51.664 [dvd] mount-create pc=0x80018554 r3=0x8040CC08 r4=0x00000000 r5=0x00000000 path="/res/Object/Yslvg00.arc" lr=0x8006D94C
19:36:51.664 [dvd] mount-create pc=0x8001199C r3=0x8040CC08 r4=0x00000000 r5=0x00000000 path="" lr=0x80018578
19:36:51.665 [dvd] mount-create pc=0x80018554 r3=0x8040CC08 r4=0x00000000 r5=0x00000000 path="/res/Object/Kamome.arc" lr=0x8006D94C
19:36:51.665 [dvd] mount-create pc=0x8001199C r3=0x8040CC08 r4=0x00000000 r5=0x00000000 path="" lr=0x80018578
19:36:51.668 [dvd] mount-create pc=0x8001199C r3=0x802406F0 r4=0x80ADF318 r5=0x80371FD8 path="" lr=0x800183D4
19:36:51.668 [rel] executable alias module=177 raw=0x818200F4 linked=0xC1DB00F4 size=924
19:36:51.668 [rel] archived resource materialized name="d_a_tag_so" guest=0x81820000 size=1756 source=private-derived-rel
19:36:51.668 [dvd] mount-create pc=0x8001199C r3=0x802406F0 r4=0x80AE2D30 r5=0x80371FD8 path="" lr=0x800183D4
19:36:51.668 [rel] executable alias module=89 raw=0x818355BC linked=0xC1AB00DC size=9904
19:36:51.668 [rel] archived resource materialized name="d_a_salvage" guest=0x818354E0 size=15280 source=private-derived-rel
19:36:51.668 [dvd] mount-create pc=0x8001199C r3=0x802406F0 r4=0x80AE19C4 r5=0x80371FD8 path="" lr=0x800183D4
19:36:51.668 [rel] executable alias module=52 raw=0x81840114 linked=0xC12A00F4 size=8284
19:36:51.668 [rel] archived resource materialized name="d_a_obj_coming" guest=0x81840020 size=13192 source=private-derived-rel
19:36:51.668 [dvd] mount-create pc=0x8001199C r3=0x802406F0 r4=0x80AE3410 r5=0x80371FD8 path="" lr=0x800183D4
19:36:51.668 [rel] executable alias module=38 raw=0x818325C4 linked=0xC0B400E4 size=4924
19:36:51.668 [rel] archived resource materialized name="d_a_lod_bg" guest=0x818324E0 size=8528 source=private-derived-rel
19:36:51.668 [dvd] mount-create pc=0x8001199C r3=0x802406F0 r4=0x80AE19F0 r5=0x80371FD8 path="" lr=0x800183D4
19:36:51.668 [rel] executable alias module=10 raw=0x8184658C linked=0xC07000EC size=9860
19:36:51.668 [rel] archived resource materialized name="d_a_coming2" guest=0x818464A0 size=14516 source=private-derived-rel
19:36:51.668 [dvd] mount-create pc=0x8001199C r3=0x802406F0 r4=0x80AE0918 r5=0x80371FD8 path="" lr=0x800183D4
19:36:51.669 [rel] executable alias module=168 raw=0x8184A014 linked=0xC1B100F4 size=55804
19:36:51.669 [rel] archived resource materialized name="d_a_ship" guest=0x81849F20 size=74960 source=private-derived-rel
19:36:51.669 [dvd] mount-create pc=0x8001199C r3=0x802406F0 r4=0x80AE0104 r5=0x80371FD8 path="" lr=0x800183D4
19:36:51.669 [rel] executable alias module=148 raw=0x8185C4F4 linked=0xC10800F4 size=32784
19:36:51.669 [rel] archived resource materialized name="d_a_npc_so" guest=0x8185C400 size=49464 source=private-derived-rel
19:36:51.670 [dvd] mount-create pc=0x8001199C r3=0x802406F0 r4=0x80AE2784 r5=0x803727FC path="" lr=0x800183D4
19:36:51.670 [rel] executable alias module=147 raw=0x81868634 linked=0xC0F600F4 size=76440
19:36:51.670 [rel] archived resource materialized name="d_a_npc_md" guest=0x81868540 size=119120 source=private-derived-rel
19:36:51.671 [dvd] mount-create pc=0x8001199C r3=0x802406F0 r4=0x80AE2364 r5=0x803727FC path="" lr=0x800183D4
19:36:51.671 [rel] executable alias module=146 raw=0x81885794 linked=0xC0E100F4 size=41608
19:36:51.671 [rel] archived resource materialized name="d_a_npc_cb1" guest=0x818856A0 size=64108 source=private-derived-rel
19:36:51.672 [dvd] mount-create pc=0x80018554 r3=0x8040CCA8 r4=0x00000001 r5=0x00000000 path="/res/Stage/sea/Room44.arc" lr=0x8006D94C
19:36:51.672 [dvd] mount-create pc=0x8001199C r3=0x8040CCA8 r4=0x00000001 r5=0x00000000 path="" lr=0x80018578
19:36:51.673 [dvd] mount-create pc=0x80018554 r3=0x8040CCB8 r4=0x00000000 r5=0x00000000 path="/res/Object/Demo02.arc" lr=0x8006D94C
19:36:51.674 [dvd] mount-create pc=0x8001199C r3=0x8040CCB8 r4=0x00000000 r5=0x00000000 path="" lr=0x80018578
19:36:51.674 [dvd] mount-create pc=0x8001199C r3=0x803E2270 r4=0x00000000 r5=0x00000000 path="" lr=0x80018A04
19:36:51.683 [archive] pc=0x802B8450 this=0x80EFDE30 type=0x54494D47 name="bow_light.bti" r6=0x00000000 lr=0x802B8350
19:36:51.683 [res] lookup pc=0x802B8450 this=0x80EFDE30 type=0x54494D47 name="bow_light.bti" r5=0x8040CB86 r6=0x00000000 lr=0x802B8350
19:36:51.686 [archive] pc=0x802B8450 this=0x80EFDE30 type=0x54494D47 name="rupy_num_00.bti" r6=0x00000000 lr=0x802B8350
19:36:51.686 [res] lookup pc=0x802B8450 this=0x80EFDE30 type=0x54494D47 name="rupy_num_00.bti" r5=0x8040CB86 r6=0x00000000 lr=0x802B8350
19:36:51.696 [dvd] mount-create pc=0x8001199C r3=0x802406F0 r4=0x80AE32DC r5=0x803727FC path="" lr=0x800183D4
19:36:51.696 [rel] executable alias module=19 raw=0x8183D76C linked=0xC08D00EC size=5404
19:36:51.696 [rel] archived resource materialized name="d_a_grass" guest=0x8183D680 size=8016 source=private-derived-rel
19:36:51.696 [dvd] mount-create pc=0x8001199C r3=0x802406F0 r4=0x80ADF840 r5=0x803727FC path="" lr=0x800183D4
19:36:51.696 [rel] executable alias module=81 raw=0x81895214 linked=0xC18A00F4 size=9292
19:36:51.696 [rel] archived resource materialized name="d_a_obj_toripost" guest=0x81895120 size=14960 source=private-derived-rel
19:36:51.696 [dvd] mount-create pc=0x80018554 r3=0x8040CCB8 r4=0x00000000 r5=0x00000000 path="/res/Object/Toripost.arc" lr=0x8006D94C
19:36:51.696 [dvd] mount-create pc=0x8001199C r3=0x8040CCB8 r4=0x00000000 r5=0x00000000 path="" lr=0x80018578
19:36:51.697 [dvd] mount-create pc=0x8001199C r3=0x802406F0 r4=0x80AE2E0C r5=0x803727FC path="" lr=0x800183D4
19:36:51.697 [rel] executable alias module=39 raw=0x81898C7C linked=0xC0B600DC size=1940
19:36:51.697 [rel] archived resource materialized name="d_a_lwood" guest=0x81898BA0 size=3448 source=private-derived-rel
19:36:51.697 [dvd] mount-create pc=0x80018554 r3=0x8040CCD8 r4=0x00000000 r5=0x00000000 path="/res/Object/Lwood.arc" lr=0x8006D94C
19:36:51.697 [dvd] mount-create pc=0x8001199C r3=0x8040CCD8 r4=0x00000000 r5=0x00000000 path="" lr=0x80018578
19:36:51.730 [dvd] mount-create pc=0x8001199C r3=0x802406F0 r4=0x80AE3518 r5=0x803727FC path="" lr=0x800183D4
19:36:51.730 [rel] executable alias module=115 raw=0x81899A14 linked=0xC1E700F4 size=33184
19:36:51.730 [rel] archived resource materialized name="d_a_tsubo" guest=0x81899920 size=49268 source=private-derived-rel
19:36:51.730 [dvd] mount-create pc=0x8001199C r3=0x802406F0 r4=0x80AE11DC r5=0x803727FC path="" lr=0x800183D4
19:36:51.730 [rel] executable alias module=220 raw=0x818A5A84 linked=0xC09C00E4 size=32648
19:36:51.730 [rel] archived resource materialized name="d_a_kb" guest=0x818A59A0 size=45220 source=private-derived-rel
19:36:51.731 [dvd] mount-create pc=0x80018554 r3=0x8040CCA8 r4=0x00000000 r5=0x00000000 path="/res/Object/Kb.arc" lr=0x8006D94C
19:36:51.731 [dvd] mount-create pc=0x8001199C r3=0x8040CCA8 r4=0x00000000 r5=0x00000000 path="" lr=0x80018578
19:36:51.735 [dvd] mount-create pc=0x8001199C r3=0x802406F0 r4=0x80AE0B54 r5=0x803727FC path="" lr=0x800183D4
19:36:51.735 [rel] executable alias module=25 raw=0x818B0B54 linked=0xC09A00F4 size=12024
19:36:51.735 [rel] archived resource materialized name="d_a_kanban" guest=0x818B0A60 size=17520 source=private-derived-rel
19:36:51.735 [dvd] mount-create pc=0x80018554 r3=0x8040CCB8 r4=0x00000000 r5=0x00000000 path="/res/Object/Kanban.arc" lr=0x8006D94C
19:36:51.735 [dvd] mount-create pc=0x8001199C r3=0x8040CCB8 r4=0x00000000 r5=0x00000000 path="" lr=0x80018578
19:36:51.741 [dvd] mount-create pc=0x8001199C r3=0x802406F0 r4=0x80AE0D64 r5=0x803727FC path="" lr=0x800183D4
19:36:51.741 [rel] kamome-load pc=0x80240744 object=0x80AE0D64 module=0x00000000 name=0x8033AEB4 lr=0x8024070C
19:36:51.741 [rel] executable alias module=139 raw=0x818B4FD4 linked=0xC09900F4 size=21400
19:36:51.741 [rel] archived resource materialized name="d_a_kamome" guest=0x818B4EE0 size=30460 source=private-derived-rel
19:36:51.742 [rel] kamome-load pc=0x80240744 object=0x80AE0D64 module=0x818B4EE0 name=0x8033AEB4 lr=0x802401F8
19:36:51.744 [dvd] mount-create pc=0x8001199C r3=0x802406F0 r4=0x80ADF948 r5=0x803727FC path="" lr=0x800183D4
19:36:51.744 [rel] executable alias module=63 raw=0x818BC6BC linked=0xC15C00DC size=2392
19:36:51.744 [rel] archived resource materialized name="d_a_obj_lpalm" guest=0x818BC5E0 size=3824 source=private-derived-rel
19:36:51.744 [dvd] mount-create pc=0x80018554 r3=0x8040CCD8 r4=0x00000000 r5=0x00000000 path="/res/Object/Oyashi.arc" lr=0x8006D94C
19:36:51.744 [dvd] mount-create pc=0x8001199C r3=0x8040CCD8 r4=0x00000000 r5=0x00000000 path="" lr=0x80018578
19:36:51.746 [dvd] mount-create pc=0x8001199C r3=0x802406F0 r4=0x80AE0E6C r5=0x803727FC path="" lr=0x800183D4
19:36:51.746 [rel] executable alias module=141 raw=0x818BD5BC linked=0xC0A200DC size=4912
19:36:51.746 [rel] archived resource materialized name="d_a_kn" guest=0x818BD4E0 size=7132 source=private-derived-rel
19:36:51.746 [dvd] mount-create pc=0x80018554 r3=0x8040CCC8 r4=0x00000000 r5=0x00000000 path="/res/Object/KN.arc" lr=0x8006D94C
19:36:51.746 [dvd] mount-create pc=0x8001199C r3=0x8040CCC8 r4=0x00000000 r5=0x00000000 path="" lr=0x80018578
19:36:51.748 [dvd] mount-create pc=0x8001199C r3=0x802406F0 r4=0x80AE1940 r5=0x803727FC path="" lr=0x800183D4
19:36:51.748 [rel] executable alias module=84 raw=0x8183F6B4 linked=0xC19A00D4 size=1164
19:36:51.748 [rel] archived resource materialized name="d_a_obj_wood" guest=0x8183F5E0 size=2596 source=private-derived-rel
19:36:51.751 [dvd] mount-create pc=0x8001199C r3=0x802406F0 r4=0x80AE3570 r5=0x803727FC path="" lr=0x800183D4
19:36:51.751 [rel] executable alias module=96 raw=0x818BF1B4 linked=0xC1C100F4 size=11708
19:36:51.751 [rel] archived resource materialized name="d_a_stone2" guest=0x818BF0C0 size=18160 source=private-derived-rel
19:36:51.752 [dvd] mount-create pc=0x80018554 r3=0x8040CCC8 r4=0x00000000 r5=0x00000000 path="/res/Object/Ekao.arc" lr=0x8006D94C
19:36:51.752 [dvd] mount-create pc=0x8001199C r3=0x8040CCC8 r4=0x00000000 r5=0x00000000 path="" lr=0x80018578
19:36:51.752 [dvd] mount-create pc=0x80018554 r3=0x8040CCC8 r4=0x00000000 r5=0x00000000 path="/res/Object/So.arc" lr=0x8006D94C
19:36:51.752 [dvd] mount-create pc=0x8001199C r3=0x8040CCC8 r4=0x00000000 r5=0x00000000 path="" lr=0x80018578
19:36:51.755 [frame] return pc=0x8003EF20 lr=0x8003EF20 r3=0x00000004 r4=0x00000003 r30=0x80A878A4 current_thread=0x803A2960 current_context=0x803A2960 main_state=2 main_queue=0x00000000 run_bits=0x00000000 vi_used=1
19:36:51.758 [dvd] mount-create pc=0x8001199C r3=0x802406F0 r4=0x80AE3544 r5=0x803727FC path="" lr=0x800183D4
19:36:51.758 [rel] executable alias module=95 raw=0x818C38BC linked=0xC1C000FC size=14312
19:36:51.758 [rel] archived resource materialized name="d_a_stone" guest=0x818C37C0 size=22080 source=private-derived-rel
19:36:51.759 [dvd] mount-create pc=0x8001199C r3=0x802406F0 r4=0x80AE2020 r5=0x803727FC path="" lr=0x800183D4
19:36:51.759 [rel] executable alias module=4 raw=0x818C8ED4 linked=0xC04700D4 size=1828
19:36:51.759 [rel] archived resource materialized name="d_a_andsw2" guest=0x818C8E00 size=2696 source=private-derived-rel
19:36:51.760 [dvd] mount-create pc=0x8001199C r3=0x802406F0 r4=0x80ADF8F0 r5=0x803727FC path="" lr=0x800183D4
19:36:51.760 [rel] executable alias module=58 raw=0x818C9994 linked=0xC14E00F4 size=5224
19:36:51.760 [rel] archived resource materialized name="d_a_obj_hole" guest=0x818C98A0 size=8692 source=private-derived-rel
19:36:51.760 [dvd] mount-create pc=0x80018554 r3=0x8040CCB8 r4=0x00000000 r5=0x00000000 path="/res/Object/Aana.arc" lr=0x8006D94C
19:36:51.760 [dvd] mount-create pc=0x8001199C r3=0x8040CCB8 r4=0x00000000 r5=0x00000000 path="" lr=0x80018578
19:36:51.760 [dvd] mount-create pc=0x8001199C r3=0x802406F0 r4=0x80AE2A70 r5=0x803727FC path="" lr=0x800183D4
19:36:51.761 [rel] executable alias module=30 raw=0x818CBB7C linked=0xC0AA00DC size=792
19:36:51.761 [rel] archived resource materialized name="d_a_kytag01" guest=0x818CBAA0 size=1592 source=private-derived-rel
19:36:51.761 [dvd] mount-create pc=0x8001199C r3=0x802406F0 r4=0x80AE2E64 r5=0x803727FC path="" lr=0x800183D4
19:36:51.761 [rel] executable alias module=102 raw=0x818CC1BC linked=0xC1CD00DC size=5412
19:36:51.761 [rel] archived resource materialized name="d_a_tag_event" guest=0x818CC0E0 size=8236 source=private-derived-rel
19:36:51.761 [dvd] mount-create pc=0x8001199C r3=0x802406F0 r4=0x80AE1E68 r5=0x803727FC path="" lr=0x800183D4
19:36:51.761 [rel] executable alias module=97 raw=0x818CE1FC linked=0xC1C300DC size=628
19:36:51.761 [rel] archived resource materialized name="d_a_swc00" guest=0x818CE120 size=1368 source=private-derived-rel
19:36:51.761 [dvd] mount-create pc=0x8001199C r3=0x802406F0 r4=0x80AE3284 r5=0x803727FC path="" lr=0x800183D4
19:36:51.761 [rel] executable alias module=2 raw=0x818CE764 linked=0xC04100E4 size=22448
19:36:51.761 [rel] archived resource materialized name="d_a_agbsw0" guest=0x818CE680 size=34484 source=private-derived-rel
19:36:51.762 [dvd] mount-create pc=0x8001199C r3=0x802406F0 r4=0x80ADFBB0 r5=0x803727FC path="" lr=0x800183D4
19:36:51.762 [rel] executable alias module=47 raw=0x818D6E24 linked=0xC11B00E4 size=1692
19:36:51.762 [rel] archived resource materialized name="d_a_obj_akabe" guest=0x818D6D40 size=2888 source=private-derived-rel
19:36:51.762 [dvd] mount-create pc=0x80018554 r3=0x8040CCB8 r4=0x00000000 r5=0x00000000 path="/res/Object/Akabe.arc" lr=0x8006D94C
19:36:51.762 [dvd] mount-create pc=0x8001199C r3=0x8040CCB8 r4=0x00000000 r5=0x00000000 path="" lr=0x80018578
19:36:51.763 [dvd] mount-create pc=0x8001199C r3=0x802406F0 r4=0x80AE2FC4 r5=0x803727FC path="" lr=0x800183D4
19:36:51.763 [rel] executable alias module=106 raw=0x818D7974 linked=0xC1D200D4 size=608
19:36:51.763 [rel] archived resource materialized name="d_a_tag_kb_item" guest=0x818D78A0 size=1192 source=private-derived-rel
19:36:51.763 [dvd] mount-create pc=0x8001199C r3=0x802406F0 r4=0x80AE0D90 r5=0x803727FC path="" lr=0x800183D4
19:36:51.763 [rel] executable alias module=260 raw=0x818D7E54 linked=0xC0ED00F4 size=19700
19:36:51.763 [rel] archived resource materialized name="d_a_npc_kamome" guest=0x818D7D60 size=31228 source=private-derived-rel
19:36:51.763 [dvd] mount-create pc=0x8001199C r3=0x802406F0 r4=0x80AE2F14 r5=0x803727FC path="" lr=0x800183D4
19:36:51.764 [rel] executable alias module=396 raw=0x818DF844 linked=0xC1D100E4 size=5080
19:36:51.764 [rel] archived resource materialized name="d_a_tag_island" guest=0x818DF760 size=7764 source=private-derived-rel
19:36:51.764 [dvd] mount-create pc=0x8001199C r3=0x802406F0 r4=0x80AE2E90 r5=0x803727FC path="" lr=0x800183D4
19:36:51.764 [rel] executable alias module=105 raw=0x818E16B4 linked=0xC1D000F4 size=8832
19:36:51.764 [rel] archived resource materialized name="d_a_tag_hint" guest=0x818E15C0 size=14156 source=private-derived-rel
19:36:51.764 [dvd] mount-create pc=0x8001199C r3=0x802406F0 r4=0x80AE1F9C r5=0x803727FC path="" lr=0x800183D4
19:36:51.764 [rel] executable alias module=27 raw=0x818E4DFC linked=0xC0A300DC size=8212
19:36:51.764 [rel] archived resource materialized name="d_a_knob00" guest=0x818E4D20 size=12196 source=private-derived-rel
19:36:51.765 [dvd] mount-create pc=0x8001199C r3=0x802406F0 r4=0x80ADF86C r5=0x803727FC path="" lr=0x800183D4
19:36:51.765 [rel] executable alias module=60 raw=0x818E7DD4 linked=0xC15500F4 size=22620
19:36:51.765 [rel] archived resource materialized name="d_a_obj_ikada" guest=0x818E7CE0 size=33184 source=private-derived-rel
19:36:51.766 [dvd] mount-create pc=0x80018554 r3=0x8040CCC8 r4=0x00000000 r5=0x00000000 path="/res/Object/IkadaH.arc" lr=0x8006D94C
19:36:51.766 [dvd] mount-create pc=0x8001199C r3=0x8040CCC8 r4=0x00000000 r5=0x00000000 path="" lr=0x80018578
19:36:51.775 [dvd] mount-create pc=0x8001199C r3=0x802406F0 r4=0x80AE21D8 r5=0x803727FC path="" lr=0x800183D4
19:36:51.775 [rel] executable alias module=268 raw=0x818EFF74 linked=0xC0F500F4 size=22768
19:36:51.775 [rel] archived resource materialized name="d_a_npc_ls1" guest=0x818EFE80 size=33332 source=private-derived-rel
19:36:51.775 [dvd] mount-create pc=0x80018554 r3=0x8040CCB8 r4=0x00000000 r5=0x00000000 path="/res/Object/Ls.arc" lr=0x8006D94C
19:36:51.775 [dvd] mount-create pc=0x8001199C r3=0x8040CCB8 r4=0x00000000 r5=0x00000000 path="" lr=0x80018578
19:36:51.782 [dvd] mount-create pc=0x8001199C r3=0x802406F0 r4=0x80ADFC08 r5=0x803727FC path="" lr=0x800183D4
19:36:51.782 [rel] executable alias module=9 raw=0x818F81A4 linked=0xC06500E4 size=19636
19:36:51.782 [rel] archived resource materialized name="d_a_bridge" guest=0x818F80C0 size=25704 source=private-derived-rel
19:36:51.783 [dvd] mount-create pc=0x80018554 r3=0x8040CC88 r4=0x00000000 r5=0x00000000 path="/res/Object/Bridge.arc" lr=0x8006D94C
19:36:51.783 [dvd] mount-create pc=0x8001199C r3=0x8040CC88 r4=0x00000000 r5=0x00000000 path="" lr=0x80018578
19:36:51.786 [dvd] mount-create pc=0x8001199C r3=0x802406F0 r4=0x80AE22E0 r5=0x803727FC path="" lr=0x800183D4
19:36:51.786 [rel] executable alias module=273 raw=0x818FE634 linked=0xC0FC00F4 size=16064
19:36:51.786 [rel] archived resource materialized name="d_a_npc_ob1" guest=0x818FE540 size=23040 source=private-derived-rel
19:36:51.786 [dvd] mount-create pc=0x80018554 r3=0x8040CCB8 r4=0x00000000 r5=0x00000000 path="/res/Object/Ob.arc" lr=0x8006D94C
19:36:51.786 [dvd] mount-create pc=0x8001199C r3=0x8040CCB8 r4=0x00000000 r5=0x00000000 path="" lr=0x80018578
19:36:51.789 [dvd] mount-create pc=0x8001199C r3=0x802406F0 r4=0x80AE2128 r5=0x803727FC path="" lr=0x800183D4
19:36:51.789 [rel] executable alias module=288 raw=0x81904034 linked=0xC10D00F4 size=18680
19:36:51.789 [rel] archived resource materialized name="d_a_npc_ym1" guest=0x81903F40 size=27376 source=private-derived-rel
19:36:51.790 [dvd] mount-create pc=0x80018554 r3=0x8040CCB8 r4=0x00000000 r5=0x00000000 path="/res/Object/Ym.arc" lr=0x8006D94C
19:36:51.790 [dvd] mount-create pc=0x8001199C r3=0x8040CCB8 r4=0x00000000 r5=0x00000000 path="" lr=0x80018578
19:36:51.794 [dvd] mount-create pc=0x8001199C r3=0x802406F0 r4=0x80AE230C r5=0x803727FC path="" lr=0x800183D4
19:36:51.794 [rel] executable alias module=239 raw=0x8190AB34 linked=0xC0D600F4 size=17136
19:36:51.794 [rel] archived resource materialized name="d_a_npc_aj1" guest=0x8190AA40 size=25416 source=private-derived-rel
19:36:51.794 [dvd] mount-create pc=0x80018554 r3=0x8040CCB8 r4=0x00000000 r5=0x00000000 path="/res/Object/Aj.arc" lr=0x8006D94C
19:36:51.794 [dvd] mount-create pc=0x8001199C r3=0x8040CCB8 r4=0x00000000 r5=0x00000000 path="" lr=0x80018578
19:36:51.795 [osmsg] pc=0x80308B88 r3=0x8041D098 r4=0x803ED7B8 r5=0x00000000 lr=0x80306014 used=2158878752 recv_head=0x00000000 recv_tail=0x00000000 thread=0x806AD7E0 state=2 wait=0x00000000
19:36:51.801 [dvd] mount-create pc=0x8001199C r3=0x802406F0 r4=0x80ADF6B4 r5=0x803727FC path="" lr=0x800183D4
19:36:51.802 [rel] executable alias module=70 raw=0x81910E94 linked=0xC17400F4 size=8924
19:36:51.802 [rel] archived resource materialized name="d_a_obj_pirateship" guest=0x81910DA0 size=15372 source=private-derived-rel
19:36:51.802 [dvd] mount-create pc=0x80018554 r3=0x8040CCB8 r4=0x00000000 r5=0x00000000 path="/res/Object/Kaizokusen.arc" lr=0x8006D94C
19:36:51.802 [dvd] mount-create pc=0x8001199C r3=0x8040CCB8 r4=0x00000000 r5=0x00000000 path="" lr=0x80018578
19:36:51.804 [dvd] mount-create pc=0x8001199C r3=0x802406F0 r4=0x80AE22B4 r5=0x803727FC path="" lr=0x800183D4
19:36:51.804 [rel] executable alias module=243 raw=0x81914AB4 linked=0xC0DA00F4 size=38948
19:36:51.804 [rel] archived resource materialized name="d_a_npc_bm1" guest=0x819149C0 size=58792 source=private-derived-rel
19:36:51.805 [dvd] mount-create pc=0x80018554 r3=0x8040CCB8 r4=0x00000000 r5=0x00000000 path="/res/Object/Bm2.arc" lr=0x8006D94C
19:36:51.805 [dvd] mount-create pc=0x8001199C r3=0x8040CCB8 r4=0x00000000 r5=0x00000000 path="" lr=0x80018578
19:36:51.807 [osmsg] pc=0x80308B88 r3=0x804D3B48 r4=0x00000000 r5=0x8080B714 lr=0x80306014 used=2158813216 recv_head=0x00000000 recv_tail=0x00000000 thread=0x803A2960 state=2 wait=0x00000000
19:36:51.807 [dvd] mount-create pc=0x8001199C r3=0x802406F0 r4=0x80AE21AC r5=0x803727FC path="" lr=0x800183D4
19:36:51.808 [rel] executable alias module=266 raw=0x81923074 linked=0xC0F300F4 size=35164
19:36:51.808 [rel] archived resource materialized name="d_a_npc_ko1" guest=0x81922F80 size=52176 source=private-derived-rel
19:36:51.808 [dvd] mount-create pc=0x80018554 r3=0x8040CCB8 r4=0x00000000 r5=0x00000000 path="/res/Object/Ko.arc" lr=0x8006D94C
19:36:51.808 [dvd] mount-create pc=0x8001199C r3=0x8040CCB8 r4=0x00000000 r5=0x00000000 path="" lr=0x80018578
19:36:51.812 [dvd] mount-create pc=0x8001199C r3=0x802406F0 r4=0x80AE2154 r5=0x803727FC path="" lr=0x800183D4
19:36:51.812 [rel] executable alias module=289 raw=0x8192FC54 linked=0xC10E00F4 size=19720
19:36:51.812 [rel] archived resource materialized name="d_a_npc_yw1" guest=0x8192FB60 size=27740 source=private-derived-rel
19:36:51.813 [dvd] mount-create pc=0x80018554 r3=0x8040CCB8 r4=0x00000000 r5=0x00000000 path="/res/Object/Yw.arc" lr=0x8006D94C
19:36:51.813 [dvd] mount-create pc=0x8001199C r3=0x8040CCB8 r4=0x00000000 r5=0x00000000 path="" lr=0x80018578
19:36:51.816 [dvd] mount-create pc=0x8001199C r3=0x802406F0 r4=0x80AE149C r5=0x803727FC path="" lr=0x800183D4
19:36:51.816 [rel] executable alias module=207 raw=0x819368B4 linked=0xC07900F4 size=5260
19:36:51.816 [rel] archived resource materialized name="d_a_dk" guest=0x819367C0 size=8284 source=private-derived-rel
19:36:51.816 [dvd] mount-create pc=0x80018554 r3=0x8040CCC8 r4=0x00000000 r5=0x00000000 path="/res/Object/Dk.arc" lr=0x8006D94C
19:36:51.816 [dvd] mount-create pc=0x8001199C r3=0x8040CCC8 r4=0x00000000 r5=0x00000000 path="" lr=0x80018578
19:36:51.818 [dvd] mount-create pc=0x8001199C r3=0x802406F0 r4=0x80AE3150 r5=0x803727FC path="" lr=0x800183D4
19:36:51.818 [rel] executable alias module=291 raw=0x81938914 linked=0xC11000F4 size=32044
19:36:51.818 [rel] archived resource materialized name="d_a_npc_zl1" guest=0x81938820 size=47940 source=private-derived-rel
19:36:51.818 [dvd] mount-create pc=0x80018554 r3=0x8040CCB8 r4=0x00000000 r5=0x00000000 path="/res/Object/Zl2.arc" lr=0x8006D94C
19:36:51.818 [dvd] mount-create pc=0x8001199C r3=0x8040CCB8 r4=0x00000000 r5=0x00000000 path="" lr=0x80018578
19:36:51.827 [dvd] mount-create pc=0x8001199C r3=0x802406F0 r4=0x80AE2204 r5=0x803727FC path="" lr=0x800183D4
19:36:51.827 [rel] executable alias module=275 raw=0x81944474 linked=0xC0FE00F4 size=20272
19:36:51.827 [rel] archived resource materialized name="d_a_npc_p1" guest=0x81944380 size=30452 source=private-derived-rel
19:36:51.827 [dvd] mount-create pc=0x80018554 r3=0x8040CC68 r4=0x00000000 r5=0x00000000 path="/res/Object/P1.arc" lr=0x8006D94C
19:36:51.828 [dvd] mount-create pc=0x8001199C r3=0x8040CC68 r4=0x00000000 r5=0x00000000 path="" lr=0x80018578
19:36:51.839 [dvd] mount-create pc=0x80018554 r3=0x8040CCC8 r4=0x00000000 r5=0x00000000 path="/res/Object/Aisi.arc" lr=0x8006D94C
19:36:51.839 [dvd] mount-create pc=0x8001199C r3=0x8040CCC8 r4=0x00000000 r5=0x00000000 path="" lr=0x80018578
19:36:51.841 [dvd] mount-create pc=0x8001199C r3=0x802406F0 r4=0x80AE2EBC r5=0x803727FC path="" lr=0x800183D4
19:36:51.841 [rel] executable alias module=109 raw=0x8194BB64 linked=0xC1D800E4 size=2404
19:36:51.841 [rel] archived resource materialized name="d_a_tag_msg" guest=0x8194BA80 size=3688 source=private-derived-rel
19:36:51.842 [dvd] mount-create pc=0x8001199C r3=0x802406F0 r4=0x80AE099C r5=0x803727FC path="" lr=0x800183D4
19:36:51.842 [rel] executable alias module=384 raw=0x8194C9F4 linked=0xC1A900F4 size=9836
19:36:51.842 [rel] archived resource materialized name="d_a_sail" guest=0x8194C900 size=18992 source=private-derived-rel
19:36:51.842 [dvd] mount-create pc=0x8001199C r3=0x802406F0 r4=0x80AE09C8 r5=0x803727FC path="" lr=0x800183D4
19:36:51.842 [rel] executable alias module=85 raw=0x81951434 linked=0xC1A200F4 size=7740
19:36:51.842 [rel] archived resource materialized name="d_a_pirate_flag" guest=0x81951340 size=11888 source=private-derived-rel
19:36:51.843 [dvd] mount-create pc=0x8001199C r3=0x802406F0 r4=0x80ADF6E0 r5=0x803727FC path="" lr=0x800183D4
19:36:51.843 [rel] executable alias module=82 raw=0x819542AC linked=0xC18B00EC size=2616
19:36:51.843 [rel] archived resource materialized name="d_a_obj_tousekiki" guest=0x819541C0 size=4876 source=private-derived-rel
19:36:51.843 [dvd] mount-create pc=0x80018554 r3=0x8040CCB8 r4=0x00000000 r5=0x00000000 path="/res/Object/Touseki.arc" lr=0x8006D94C
19:36:51.843 [dvd] mount-create pc=0x8001199C r3=0x8040CCB8 r4=0x00000000 r5=0x00000000 path="" lr=0x80018578
19:36:51.844 [dvd] mount-create pc=0x8001199C r3=0x802406F0 r4=0x80ADF738 r5=0x803727FC path="" lr=0x800183D4
19:36:51.844 [rel] executable alias module=24 raw=0x819555C4 linked=0xC09800E4 size=1392
19:36:51.844 [rel] archived resource materialized name="d_a_kaji" guest=0x819554E0 size=2664 source=private-derived-rel
19:36:51.844 [dvd] mount-create pc=0x80018554 r3=0x8040CCC8 r4=0x00000000 r5=0x00000000 path="/res/Object/Kaji.arc" lr=0x8006D94C
19:36:51.844 [dvd] mount-create pc=0x8001199C r3=0x8040CCC8 r4=0x00000000 r5=0x00000000 path="" lr=0x80018578
19:36:51.863 [frame] draw-tag #4 tag=0x80A72D34 data=0x80A72D1C method_filter=0x8040CCF8 method=0x800403AC retraces=1453
19:36:51.878 [dvd] mount-create pc=0x8001199C r3=0xC0B41428 r4=0x00000000 r5=0x00000002 path="" lr=0x80018868
19:36:51.878 [dvd] mount-create pc=0x8001199C r3=0xC0B41428 r4=0x00000000 r5=0x00000002 path="" lr=0x80018868
19:36:51.878 [dvd] mount-create pc=0x8001199C r3=0xC0B41428 r4=0x00000000 r5=0x00000002 path="" lr=0x80018868
19:36:51.878 [dvd] mount-create pc=0x8001199C r3=0xC0B41428 r4=0x00000000 r5=0x00000002 path="" lr=0x80018868
19:36:51.878 [dvd] mount-create pc=0x8001199C r3=0xC0B41428 r4=0x00000000 r5=0x00000002 path="" lr=0x80018868
19:36:51.878 [dvd] mount-create pc=0x8001199C r3=0xC0B41428 r4=0x00000000 r5=0x00000002 path="" lr=0x80018868
19:36:51.878 [dvd] mount-create pc=0x8001199C r3=0xC0B41428 r4=0x00000000 r5=0x00000002 path="" lr=0x80018868
19:36:51.896 [perf] retrace=1455 rate=113.2 worst_ms=30.9 hitches=0 busy=58%
19:36:51.901 [dvd] mount-create pc=0x80018554 r3=0x8040CCA8 r4=0x00000001 r5=0x00000000 path="/res/Stage/sea/Room0.arc" lr=0x8006D94C
19:36:51.901 [dvd] mount-create pc=0x8001199C r3=0x8040CCA8 r4=0x00000001 r5=0x00000000 path="" lr=0x80018578
19:36:52.113 [frame] draw-tag #5 tag=0x80A76CB0 data=0x80A76C7C method_filter=0x8040CF18 method=0x8003E370 retraces=1467
19:36:52.319 [frame] return pc=0x8003EF20 lr=0x8003EF20 r3=0x00000001 r4=0x80A4E2A8 r30=0x8003DCC0 current_thread=0x803A2960 current_context=0x803A2960 main_state=2 main_queue=0x00000000 run_bits=0x00000000 vi_used=1
19:36:52.338 [frame] draw-tag #6 tag=0x80A7C404 data=0x80A7C340 method_filter=0x8040CD68 method=0x8009E2CC retraces=1481
19:36:52.561 [audio-lifecycle] pc=0x8029713C r3=0x00000003 r4=0x8076B190 r5=0x0000B032 blocks=1101559
19:36:52.578 [frame] return pc=0x8003EF20 lr=0x8003EF20 r3=0x00000001 r4=0x48877F80 r30=0x80ABD5F8 current_thread=0x803A2960 current_context=0x803A2960 main_state=2 main_queue=0x00000000 run_bits=0x00000000 vi_used=1
19:36:52.897 [perf] retrace=1515 rate=59.9 worst_ms=22.8 hitches=0 busy=85%
19:36:52.906 [frame] draw-tag #7 tag=0x80A781B0 data=0x80A780EC method_filter=0x8040CD68 method=0x8009E2CC retraces=1515
19:36:52.948 [frame] draw-tag #8 tag=0x80A91614 data=0x80A915E0 method_filter=0x8040CF18 method=0x8003E370 retraces=1518
19:36:53.005 [frame] draw-tag #9 tag=0x80AB96FC data=0x80AB9638 method_filter=0x8040CD68 method=0x8009E2CC retraces=1521
19:36:53.013 [frame] return pc=0x8003EF20 lr=0x8003EF20 r3=0x00000001 r4=0x489AAE20 r30=0x80ABD5F8 current_thread=0x803A2960 current_context=0x803A2960 main_state=2 main_queue=0x00000000 run_bits=0x00000000 vi_used=1
19:36:53.081 [frame] return pc=0x8003EF20 lr=0x8003EF20 r3=0x00000001 r4=0x48947A77 r30=0x80ABD5F8 current_thread=0x803A2960 current_context=0x803A2960 main_state=2 main_queue=0x00000000 run_bits=0x00000000 vi_used=1
19:36:53.246 [aurora:info:aurora::gfx::gxcore] GXCore uniform reuse: 634074 of 1048576 blocks reused
19:36:53.615 [frame] return pc=0x8003EF20 lr=0x8003EF20 r3=0x00000001 r4=0x489A7FF7 r30=0x80ABD5F8 current_thread=0x803A2960 current_context=0x803A2960 main_state=2 main_queue=0x00000000 run_bits=0x00000000 vi_used=1
19:36:53.898 [perf] retrace=1575 rate=59.9 worst_ms=20.1 hitches=0 busy=83%
19:36:53.911 [frame] return pc=0x8003EF20 lr=0x8003EF20 r3=0x00000001 r4=0x4899C936 r30=0x80ABD5F8 current_thread=0x803A2960 current_context=0x803A2960 main_state=2 main_queue=0x00000000 run_bits=0x00000000 vi_used=1
19:36:53.973 [frame] draw-tag #10 tag=0x80A80820 data=0x80A8075C method_filter=0x8040CD68 method=0x8009E2CC retraces=1579
19:36:54.107 [frame] return pc=0x8003EF20 lr=0x8003EF20 r3=0x00000000 r4=0x489AEA40 r30=0x80ABD5F8 current_thread=0x803A2960 current_context=0x803A2960 main_state=2 main_queue=0x00000000 run_bits=0x00000000 vi_used=1
19:36:54.265 [osmsg] pc=0x80308B88 r3=0x803EA580 r4=0x00000001 r5=0x00000010 lr=0x80305A80 used=0 recv_head=0x00000000 recv_tail=0x00000000 thread=0x803E9260 state=2 wait=0x00000000
19:36:54.474 [frame] return pc=0x8003EF20 lr=0x8003EF20 r3=0x00000001 r4=0x489B6C07 r30=0x80ABD5F8 current_thread=0x803A2960 current_context=0x803A2960 main_state=2 main_queue=0x00000000 run_bits=0x00000000 vi_used=1
19:36:54.653 [aurora:info:aurora::gfx::gxcore] GXCore uniform reuse: 1055582 of 1572864 blocks reused
19:36:54.899 [perf] retrace=1635 rate=59.9 worst_ms=22.8 hitches=0 busy=87%
19:36:55.328 [frame] return pc=0x8003EF20 lr=0x8003EF20 r3=0x00000001 r4=0x00000240 r30=0x8003DCC0 current_thread=0x803A2960 current_context=0x803A2960 main_state=2 main_queue=0x00000000 run_bits=0x00000000 vi_used=1
19:36:55.818 [frame] return pc=0x8003EF20 lr=0x8003EF20 r3=0x00000001 r4=0x489B31DB r30=0x80ABD5F8 current_thread=0x803A2960 current_context=0x803A2960 main_state=2 main_queue=0x00000000 run_bits=0x00000000 vi_used=1
19:36:55.899 [osmsg] pc=0x80308B88 r3=0x803EA588 r4=0x00000000 r5=0x803EA5A0 lr=0x803059A4 used=1 recv_head=0x803EA5A0 recv_tail=0x00000010 thread=0x803E9260 state=2 wait=0x00000000
19:36:55.900 [perf] retrace=1695 rate=59.9 worst_ms=19.4 hitches=0 busy=85%
19:36:55.964 [frame] return pc=0x8003EF20 lr=0x8003EF20 r3=0x00000001 r4=0x80ACBF3C r30=0x8003DCC0 current_thread=0x803A2960 current_context=0x803A2960 main_state=2 main_queue=0x00000000 run_bits=0x00000000 vi_used=1
19:36:56.278 [frame] draw-tag #11 tag=0x80AC086C data=0x80AC07A8 method_filter=0x8040CD88 method=0x8009EA24 retraces=1717
19:36:56.529 [frame] management pc=0x8003ED8C lr=0x80023200 r3=0x00000000 r4=0x804D8D60 current_thread=0x803A2960 current_context=0x803A2960 main_state=2 main_queue=0x00000000 run_bits=0x00000000
19:36:56.628 [frame] draw-dispatch #2 object=0x80A98A6C pause=0x00 subtype=0x09130003 method=0x803726E8 layer=0x80ABD5F8 current_thread=0x803A2960 retraces=1738
19:36:56.675 [frame] draw-tag #12 tag=0x80A7CC3C data=0x80A7CB78 method_filter=0x8040CD88 method=0x8009EA24 retraces=1741
19:36:56.707 [frame] draw-tag #13 tag=0x80AA9444 data=0x80AA9380 method_filter=0x8040CD88 method=0x8009EA24 retraces=1743
19:36:56.903 [perf] retrace=1755 rate=59.8 worst_ms=19.8 hitches=0 busy=77%
19:36:56.989 [frame] draw-tag #14 tag=0x80A78120 data=0x80A780EC method_filter=0x8040CF18 method=0x8003E370 retraces=1760
19:36:57.243 [frame] draw-tag #15 tag=0x80AC13DC data=0x80AC1318 method_filter=0x8040CD88 method=0x8009EA24 retraces=1775
19:36:57.344 [frame] draw-tag #16 tag=0x80A88C70 data=0x80A88BAC method_filter=0x8040CD88 method=0x8009EA24 retraces=1781
19:36:57.671 [frame] management pc=0x8003EC84 lr=0x80023200 r3=0x00000000 r4=0x800231BC current_thread=0x803A2960 current_context=0x803A2960 main_state=2 main_queue=0x00000000 run_bits=0x00000000
19:36:57.903 [perf] retrace=1815 rate=60.0 worst_ms=21.8 hitches=0 busy=88%
19:36:58.069 [frame] return pc=0x8003EF20 lr=0x8003EF20 r3=0x00000001 r4=0x80AB27B4 r30=0x8003DCC0 current_thread=0x803A2960 current_context=0x803A2960 main_state=2 main_queue=0x00000000 run_bits=0x00000000 vi_used=1
19:36:58.457 [frame] return pc=0x8003EF20 lr=0x8003EF20 r3=0x00000001 r4=0x48899475 r30=0x80ABD5F8 current_thread=0x803A2960 current_context=0x803A2960 main_state=2 main_queue=0x00000000 run_bits=0x00000000 vi_used=1
19:36:58.690 [frame] return pc=0x8003EF20 lr=0x8003EF20 r3=0x00000001 r4=0x0000002D r30=0x80A7C75C current_thread=0x803A2960 current_context=0x803A2960 main_state=2 main_queue=0x00000000 run_bits=0x00000000 vi_used=1
19:36:58.804 [frame] draw-dispatch #3 object=0x80AB292C pause=0x00 subtype=0x09130003 method=0x803726E8 layer=0x80ACDDA8 current_thread=0x803A2960 retraces=1868
19:36:58.905 [perf] retrace=1875 rate=59.9 worst_ms=19.7 hitches=0 busy=77%
19:36:59.355 [mods] texture replaced #200 addr=0109A760 fmt=14 64x64 -> 128x128
19:36:59.759 [frame] return pc=0x8003EF20 lr=0x8003EF20 r3=0x00000001 r4=0x489D47C4 r30=0x80ABD5F8 current_thread=0x803A2960 current_context=0x803A2960 main_state=2 main_queue=0x00000000 run_bits=0x00000000 vi_used=1
19:36:59.906 [perf] retrace=1935 rate=60.0 worst_ms=21.3 hitches=0 busy=85%
19:37:00.265 [frame] return pc=0x8003EF20 lr=0x8003EF20 r3=0x00000001 r4=0x489ACC01 r30=0x80ABD5F8 current_thread=0x803A2960 current_context=0x803A2960 main_state=2 main_queue=0x00000000 run_bits=0x00000000 vi_used=1
19:37:00.535 [frame] draw-dispatch #4 object=0x80A77098 pause=0x00 subtype=0x09130003 method=0x803726E8 layer=0x80ABD5F8 current_thread=0x803A2960 retraces=1972
19:37:00.639 [frame] return pc=0x8003EF20 lr=0x8003EF20 r3=0x00000001 r4=0x803CA9B8 r30=0x8003DCC0 current_thread=0x803A2960 current_context=0x803A2960 main_state=2 main_queue=0x00000000 run_bits=0x00000000 vi_used=1
19:37:00.907 [perf] retrace=1995 rate=59.9 worst_ms=20.3 hitches=0 busy=81%
19:37:01.507 [gx-slow-sum] seconds=10 batches=2 total_ms=59 max_ms=31 pipelines=0 textures=20
19:37:01.789 [jas-state] retrace=2048 queue_used=0 state=4 saved_pc=0x80307EAC wait=0x806AC798 current=0x803A2960 context=0x803A2960 run_bits=0x00000000 lod_done=1 dsp_pending=0
19:37:01.823 [frame] return pc=0x8003EF20 lr=0x8003EF20 r3=0x00000001 r4=0x4897CE80 r30=0x80ABD5F8 current_thread=0x803A2960 current_context=0x803A2960 main_state=2 main_queue=0x00000000 run_bits=0x00000000 vi_used=1
19:37:01.908 [perf] retrace=2055 rate=60.0 worst_ms=22.6 hitches=0 busy=79%
19:37:02.167 [frame] return pc=0x8003EF20 lr=0x8003EF20 r3=0x00000001 r4=0x489A846E r30=0x80ABD5F8 current_thread=0x803A2960 current_context=0x803A2960 main_state=2 main_queue=0x00000000 run_bits=0x00000000 vi_used=1
19:37:02.809 [audio-lifecycle] pc=0x80296840 r3=0x00000003 r4=0x00000001 r5=0x0000B032 blocks=1549975
19:37:02.909 [perf] retrace=2115 rate=59.9 worst_ms=20.7 hitches=0 busy=78%
19:37:02.934 [frame] return pc=0x8003EF20 lr=0x8003EF20 r3=0x00000001 r4=0x80AC42D0 r30=0x80AC40D8 current_thread=0x803A2960 current_context=0x803A2960 main_state=2 main_queue=0x00000000 run_bits=0x00000000 vi_used=1
19:37:03.001 [frame] return pc=0x8003EF20 lr=0x8003EF20 r3=0x00000001 r4=0x489AE480 r30=0x80ABD5F8 current_thread=0x803A2960 current_context=0x803A2960 main_state=2 main_queue=0x00000000 run_bits=0x00000000 vi_used=1
19:37:03.012 [aurora:info:aurora::gfx::gxcore] GXCore uniform reuse: 3139014 of 4194304 blocks reused
19:37:03.666 [frame] return pc=0x8003EF20 lr=0x8003EF20 r3=0x00000001 r4=0x489B5BE0 r30=0x80ABD5F8 current_thread=0x803A2960 current_context=0x803A2960 main_state=2 main_queue=0x00000000 run_bits=0x00000000 vi_used=1
19:37:03.806 [frame] return pc=0x8003EF20 lr=0x8003EF20 r3=0x00000001 r4=0xC7C35000 r30=0x80ACDDA8 current_thread=0x803A2960 current_context=0x803A2960 main_state=2 main_queue=0x00000000 run_bits=0x00000000 vi_used=1
19:37:03.810 [frame] return pc=0x8003EF20 lr=0x8003EF20 r3=0x00000001 r4=0x80AB445C r30=0x00000001 current_thread=0x803A2960 current_context=0x803A2960 main_state=2 main_queue=0x00000000 run_bits=0x00000000 vi_used=1
19:37:03.925 [frame] draw-dispatch #5 object=0x80ACD2BC pause=0x00 subtype=0x09130003 method=0x803726E8 layer=0x80ACDDA8 current_thread=0x803A2960 retraces=2174
19:37:03.926 [perf] retrace=2175 rate=59.0 worst_ms=28.2 hitches=0 busy=82%
19:37:04.098 [frame] return pc=0x8003EF20 lr=0x8003EF20 r3=0x00000001 r4=0x816E76B8 r30=0x80A8ABF4 current_thread=0x803A2960 current_context=0x803A2960 main_state=2 main_queue=0x00000000 run_bits=0x00000000 vi_used=1
19:37:04.289 [osmsg] pc=0x80308B88 r3=0x803F7C9C r4=0x80000000 r5=0x803A2960 lr=0x80322F90 used=0 recv_head=0x00000000 recv_tail=0x00000000 thread=0x803A2960 state=2 wait=0x00000000
19:37:04.444 [display] beginRender pc=0x802558CC r1=0x8040CD00 r3=0x804D8D20 lr=0x8000AFB4
19:37:04.940 [perf] retrace=2235 rate=59.1 worst_ms=28.0 hitches=0 busy=76%
19:37:04.946 [frame] draw-dispatch #6 object=0x80A5B868 pause=0x00 subtype=0x09130003 method=0x803726E8 layer=0x80ABD5F8 current_thread=0x803A2960 retraces=2235
19:37:05.766 [frame] return pc=0x8003EF20 lr=0x8003EF20 r3=0x00000001 r4=0x489A846E r30=0x80ABD5F8 current_thread=0x803A2960 current_context=0x803A2960 main_state=2 main_queue=0x00000000 run_bits=0x00000000 vi_used=1
19:37:05.801 [frame] return pc=0x8003EF20 lr=0x8003EF20 r3=0x00000001 r4=0x803A529C r30=0x00000001 current_thread=0x803A2960 current_context=0x803A2960 main_state=2 main_queue=0x00000000 run_bits=0x00000000 vi_used=1
19:37:05.966 [perf] retrace=2297 rate=60.4 worst_ms=35.5 hitches=0 busy=84%
19:37:06.974 [perf] retrace=2356 rate=58.5 worst_ms=25.0 hitches=0 busy=92%
19:37:06.988 [frame] return pc=0x8003EF20 lr=0x8003EF20 r3=0x00000001 r4=0x000000FF r30=0x80A76C7C current_thread=0x803A2960 current_context=0x803A2960 main_state=2 main_queue=0x00000000 run_bits=0x00000000 vi_used=1
19:37:07.126 [frame] return pc=0x8003EF20 lr=0x8003EF20 r3=0x00000001 r4=0x489D456C r30=0x80ABD5F8 current_thread=0x803A2960 current_context=0x803A2960 main_state=2 main_queue=0x00000000 run_bits=0x00000000 vi_used=1
19:37:07.426 [frame] return pc=0x8003EF20 lr=0x8003EF20 r3=0x00000001 r4=0x489B2440 r30=0x80ABD5F8 current_thread=0x803A2960 current_context=0x803A2960 main_state=2 main_queue=0x00000000 run_bits=0x00000000 vi_used=1
19:37:07.631 [frame] draw-dispatch #7 object=0x80A7D7CC pause=0x00 subtype=0x09130003 method=0x803726E8 layer=0x80ABD5F8 current_thread=0x803A2960 retraces=2389
19:37:07.897 [frame] return pc=0x8003EF20 lr=0x8003EF20 r3=0x00000001 r4=0xC8435000 r30=0x80ACDDA8 current_thread=0x803A2960 current_context=0x803A2960 main_state=2 main_queue=0x00000000 run_bits=0x00000000 vi_used=1
19:37:07.977 [perf] retrace=2410 rate=53.8 worst_ms=28.1 hitches=0 busy=85%
19:37:08.098 [frame] return pc=0x8003EF20 lr=0x8003EF20 r3=0x00000001 r4=0x80A62938 r30=0x00000001 current_thread=0x803A2960 current_context=0x803A2960 main_state=2 main_queue=0x00000000 run_bits=0x00000000 vi_used=1
19:37:08.301 [frame] return pc=0x8003EF20 lr=0x8003EF20 r3=0x00000001 r4=0x80ABF95C r30=0x00000001 current_thread=0x803A2960 current_context=0x803A2960 main_state=2 main_queue=0x00000000 run_bits=0x00000000 vi_used=1
19:37:08.717 [frame] return pc=0x8003EF20 lr=0x8003EF20 r3=0x00000001 r4=0x803A5734 r30=0x8003DCC0 current_thread=0x803A2960 current_context=0x803A2960 main_state=2 main_queue=0x00000000 run_bits=0x00000000 vi_used=1
19:37:08.941 [aurora:info:aurora::gfx::gxcore] GXCore uniform reuse: 4908065 of 6553600 blocks reused
19:37:08.981 [perf] retrace=2472 rate=61.8 worst_ms=31.3 hitches=0 busy=87%
19:37:09.818 [frame] return pc=0x8003EF20 lr=0x8003EF20 r3=0x00000001 r4=0x803A5734 r30=0x8003DCC0 current_thread=0x803A2960 current_context=0x803A2960 main_state=2 main_queue=0x00000000 run_bits=0x00000000 vi_used=1
19:37:10.001 [frame] return pc=0x8003EF20 lr=0x8003EF20 r3=0x00000001 r4=0x489B055C r30=0x80ABD5F8 current_thread=0x803A2960 current_context=0x803A2960 main_state=2 main_queue=0x00000000 run_bits=0x00000000 vi_used=1
19:37:10.006 [perf] retrace=2533 rate=59.5 worst_ms=28.2 hitches=0 busy=83%
19:37:10.400 [osmsg] pc=0x80308B88 r3=0x803EA588 r4=0x00000000 r5=0x803EA5A0 lr=0x803059A4 used=1 recv_head=0x803EA5A0 recv_tail=0x00000010 thread=0x803E9260 state=2 wait=0x00000000
19:37:10.756 [osmsg] pc=0x80308B88 r3=0x803EA588 r4=0x00000000 r5=0x803EA5A0 lr=0x803059A4 used=1 recv_head=0x803EA5A0 recv_tail=0x00000010 thread=0x803E9260 state=2 wait=0x00000000
19:37:10.823 [osmsg] pc=0x80308B88 r3=0x803B5004 r4=0x00000000 r5=0x0000B032 lr=0x80306014 used=2151323264 recv_head=0x00000000 recv_tail=0x00000000 thread=0x803A2960 state=2 wait=0x00000000
19:37:11.023 [perf] retrace=2594 rate=59.9 worst_ms=27.1 hitches=0 busy=89%
19:37:11.128 [aurora:info:aurora::gfx::gxcore] GXCore uniform reuse: 5508666 of 7340032 blocks reused
19:37:11.281 [mouse] camera distance x1.25
19:37:11.310 [mouse] camera distance x1.40
19:37:11.579 [mouse] camera distance x1.76
19:37:11.613 [mouse] camera distance x2.00
19:37:11.643 [mouse] camera distance x2.00
19:37:11.913 [mouse] camera distance x2.00
19:37:11.957 [mouse] camera distance x2.00
19:37:11.986 [mouse] camera distance x2.00
19:37:12.028 [perf] retrace=2654 rate=59.7 worst_ms=25.4 hitches=0 busy=89%
19:37:12.220 [mouse] camera distance x2.00
19:37:12.250 [mouse] camera distance x2.00
19:37:12.254 [frame] draw-dispatch #8 object=0x80A4CF74 pause=0x00 subtype=0x09130003 method=0x803726E8 layer=0x80ABD5F8 current_thread=0x803A2960 retraces=2667
19:37:13.039 [perf] retrace=2716 rate=61.3 worst_ms=35.3 hitches=0 busy=85%
19:37:13.233 [trace] 2M blocks pc=0x80308a9c
19:37:13.625 [gx-slow-sum] seconds=10 batches=64 total_ms=1469 max_ms=36 pipelines=0 textures=18
19:37:13.873 [frame] draw-dispatch #9 object=0x80AB27B4 pause=0x00 subtype=0x09130003 method=0x803726E8 layer=0x80ABD5F8 current_thread=0x803A2960 retraces=2765
19:37:14.051 [perf] retrace=2776 rate=59.3 worst_ms=39.9 hitches=0 busy=74%
19:37:14.164 [interrupt] dispatch-reentered input=0x80304AE0 output=0x80304DF8 srr0=0x8030464C srr1=0x0000B032 msr=0x00001032
19:37:14.249 [frame] draw-dispatch #10 object=0x80ACD2BC pause=0x00 subtype=0x09130003 method=0x803726E8 layer=0x80ACDDA8 current_thread=0x803A2960 retraces=2787
19:37:14.406 [frame] draw-dispatch #11 object=0x80A73044 pause=0x00 subtype=0x09130003 method=0x803726E8 layer=0x80ABD5F8 current_thread=0x803A2960 retraces=2797
19:37:14.738 [frame] draw-dispatch #12 object=0x80AA9380 pause=0x00 subtype=0x09130003 method=0x803726E8 layer=0x80ABD5F8 current_thread=0x803A2960 retraces=2817
19:37:15.010 [osmsg] pc=0x80308B88 r3=0x803EA588 r4=0x00000000 r5=0x803EA5A0 lr=0x803059A4 used=1 recv_head=0x803EA5A0 recv_tail=0x00000010 thread=0x803E9260 state=2 wait=0x00000000
19:37:15.052 [perf] retrace=2836 rate=59.9 worst_ms=33.6 hitches=0 busy=70%
19:37:16.057 [perf] retrace=2896 rate=59.7 worst_ms=32.4 hitches=0 busy=73%
19:37:16.524 [frame] draw-dispatch #13 object=0x80A849A4 pause=0x00 subtype=0x09130003 method=0x803726E8 layer=0x80ABD5F8 current_thread=0x803A2960 retraces=2923
19:37:17.059 [perf] retrace=2956 rate=59.9 worst_ms=23.7 hitches=0 busy=90%
19:37:17.161 [mouse] camera off (click to turn it on)
19:37:17.896 [frame] draw-dispatch #14 object=0x80A631FC pause=0x00 subtype=0x09130003 method=0x803726E8 layer=0x80ABD5F8 current_thread=0x803A2960 retraces=3005
19:37:18.067 [perf] retrace=3015 rate=58.5 worst_ms=31.2 hitches=0 busy=87%
19:37:18.551 [render-slow] acquire-drawable ms=60
19:37:18.559 [gx-slow] batch_ms=69 bytes=184 pipelines=0 textures=0
19:37:18.573 [render-slow] ms=82 item=end-frame frame=2808 pass=0
19:37:19.038 [osmsg] pc=0x80308B88 r3=0x803EA580 r4=0x00000001 r5=0x0000000E lr=0x80305A80 used=0 recv_head=0x00000000 recv_tail=0x00000000 thread=0x803E9260 state=2 wait=0x00000000
19:37:19.070 [perf] retrace=3071 rate=55.8 worst_ms=83.1 hitches=1 busy=87%
19:37:19.125 [frame] draw-dispatch #15 object=0x80AC0A84 pause=0x00 subtype=0x09130003 method=0x803726E8 layer=0x80ACDDA8 current_thread=0x803A2960 retraces=3074
19:37:20.071 [perf] retrace=3131 rate=59.9 worst_ms=21.3 hitches=0 busy=89%
19:37:20.732 [frame] draw-dispatch #16 object=0x80AC18D0 pause=0x00 subtype=0x09130003 method=0x803726E8 layer=0x80ACDDA8 current_thread=0x803A2960 retraces=3170
19:37:21.072 [perf] retrace=3191 rate=59.9 worst_ms=22.0 hitches=0 busy=91%
19:37:22.073 [perf] retrace=3251 rate=59.9 worst_ms=23.8 hitches=0 busy=91%
19:37:22.686 [aurora:info:aurora::gfx::gxcore] GXCore uniform reuse: 8958691 of 11796480 blocks reused
19:37:23.074 [perf] retrace=3311 rate=59.9 worst_ms=21.5 hitches=0 busy=89%
19:37:23.743 [gx-slow-sum] seconds=10 batches=50 total_ms=1103 max_ms=69 pipelines=0 textures=0
19:37:24.077 [perf] retrace=3370 rate=58.8 worst_ms=49.3 hitches=0 busy=88%
19:37:25.080 [perf] retrace=3431 rate=60.8 worst_ms=34.6 hitches=0 busy=91%
19:37:26.083 [perf] retrace=3490 rate=58.8 worst_ms=36.0 hitches=0 busy=88%
19:37:26.320 [aurora:info:aurora::gfx::gxcore] GXCore uniform reuse: 10403507 of 13631488 blocks reused
19:37:27.083 [perf] retrace=3545 rate=55.0 worst_ms=43.2 hitches=0 busy=91%
19:37:27.452 [aurora:info:aurora::gfx::gxcore] GXCore uniform reuse: 10816214 of 14155776 blocks reused
19:37:27.725 [audio-note] authentic pc=0x8028892C bank=33 program=61 key=54 velocity=255 param=0x8037D49C blocks=2626026
19:37:27.975 [osmsg] pc=0x80308B88 r3=0x803EA588 r4=0x00000000 r5=0x803EA5A0 lr=0x803059A4 used=1 recv_head=0x803EA5A0 recv_tail=0x00000010 thread=0x803E9260 state=2 wait=0x00000000
19:37:28.084 [perf] retrace=3605 rate=59.9 worst_ms=21.3 hitches=0 busy=90%
19:37:28.395 [interrupt] dispatch-reentered input=0x80304AE0 output=0x80304DF8 srr0=0x8030464C srr1=0x0000B032 msr=0x00001032
19:37:28.486 [aurora:info:aurora::gfx::gxcore] GXCore uniform reuse: 11228733 of 14680064 blocks reused
19:37:29.086 [perf] retrace=3665 rate=59.9 worst_ms=19.6 hitches=0 busy=90%
19:37:30.102 [perf] retrace=3726 rate=60.0 worst_ms=22.5 hitches=0 busy=92%
19:37:31.103 [perf] retrace=3786 rate=59.9 worst_ms=20.3 hitches=0 busy=89%
19:37:32.104 [perf] retrace=3846 rate=59.9 worst_ms=21.1 hitches=0 busy=88%
19:37:33.105 [perf] retrace=3906 rate=59.9 worst_ms=22.1 hitches=0 busy=91%
19:37:33.804 [gx-slow-sum] seconds=10 batches=77 total_ms=1626 max_ms=39 pipelines=0 textures=0
19:37:34.108 [perf] retrace=3966 rate=59.8 worst_ms=24.9 hitches=0 busy=92%
19:37:34.687 [aurora:info:aurora::gfx::gxcore] GXCore uniform reuse: 13704923 of 17825792 blocks reused
19:37:35.128 [perf] retrace=4027 rate=59.9 worst_ms=23.3 hitches=0 busy=91%
19:37:35.210 [aurora:info:aurora::gfx::gxcore] GXCore uniform reuse: 13911405 of 18087936 blocks reused
19:37:35.722 [aurora:info:aurora::gfx::gxcore] GXCore uniform reuse: 14117733 of 18350080 blocks reused
19:37:36.129 [perf] retrace=4087 rate=59.9 worst_ms=24.7 hitches=0 busy=90%
19:37:36.275 [jas-state] retrace=4096 queue_used=0 state=4 saved_pc=0x80307EAC wait=0x806AC798 current=0x803A2960 context=0x803A2960 run_bits=0x00000000 lod_done=1 dsp_pending=0
19:37:36.278 [trace] 3M blocks pc=0x80247cc4
19:37:36.297 [sched] selector-progress pc=0x80307EF4 lr=0x80307EF4 r3=0x00000000 r30=0x80000000 r31=0x803F02B8 run_bits=0x00000000 thread=0x00000000 context=0x803F09E8
19:37:36.297 [sched] selector-progress pc=0x80307EF4 lr=0x80307EF4 r3=0x00000000 r30=0x80000000 r31=0x803F02B8 run_bits=0x00000000 thread=0x00000000 context=0x803F09E8
19:37:36.297 [sched] selector-progress pc=0x80307EF4 lr=0x80307EF4 r3=0x00000000 r30=0x80000000 r31=0x803F02B8 run_bits=0x00000000 thread=0x00000000 context=0x803F09E8
19:37:36.297 [sched] selector-progress pc=0x80307EF4 lr=0x80307EF4 r3=0x00000000 r30=0x80000000 r31=0x803F02B8 run_bits=0x00000000 thread=0x00000000 context=0x803F09E8
19:37:36.297 [sched] selector-progress pc=0x80307EF4 lr=0x80307EF4 r3=0x00000000 r30=0x80000000 r31=0x803F02B8 run_bits=0x00000000 thread=0x00000000 context=0x803F09E8
19:37:36.297 [sched] selector-progress pc=0x80307EF4 lr=0x80307EF4 r3=0x00000000 r30=0x80000000 r31=0x803F02B8 run_bits=0x00000000 thread=0x00000000 context=0x803F09E8
19:37:36.297 [sched] selector-progress pc=0x80307EF4 lr=0x80307EF4 r3=0x00000000 r30=0x80000000 r31=0x803F02B8 run_bits=0x00000000 thread=0x00000000 context=0x803F09E8
19:37:36.297 [sched] selector-progress pc=0x80307EF4 lr=0x80307EF4 r3=0x00000000 r30=0x80000000 r31=0x803F02B8 run_bits=0x00000000 thread=0x00000000 context=0x803F09E8
19:37:36.297 [sched] selector-progress pc=0x80307EF4 lr=0x80307EF4 r3=0x00000000 r30=0x80000000 r31=0x803F02B8 run_bits=0x00000000 thread=0x00000000 context=0x803F09E8
19:37:36.297 [sched] selector-progress pc=0x80307EF4 lr=0x80307EF4 r3=0x00000000 r30=0x80000000 r31=0x803F02B8 run_bits=0x00000000 thread=0x00000000 context=0x803F09E8
19:37:36.297 [sched] selector-progress pc=0x80307EF4 lr=0x80307EF4 r3=0x00000000 r30=0x80000000 r31=0x803F02B8 run_bits=0x00000000 thread=0x00000000 context=0x803F09E8
19:37:36.297 [sched] selector-progress pc=0x80307EF4 lr=0x80307EF4 r3=0x00000000 r30=0x80000000 r31=0x803F02B8 run_bits=0x00000000 thread=0x00000000 context=0x803F09E8
19:37:36.297 [sched] selector-progress pc=0x80307EF4 lr=0x80307EF4 r3=0x00000000 r30=0x80000000 r31=0x803F02B8 run_bits=0x00000000 thread=0x00000000 context=0x803F09E8
19:37:36.297 [sched] selector-progress pc=0x80307EF4 lr=0x80307EF4 r3=0x00000000 r30=0x80000000 r31=0x803F02B8 run_bits=0x00000000 thread=0x00000000 context=0x803F09E8
19:37:36.297 [sched] selector-progress pc=0x80307EF4 lr=0x80307EF4 r3=0x00000000 r30=0x80000000 r31=0x803F02B8 run_bits=0x00000000 thread=0x00000000 context=0x803F09E8
19:37:36.297 [sched] selector-progress pc=0x80307EF4 lr=0x80307EF4 r3=0x00000000 r30=0x80000000 r31=0x803F02B8 run_bits=0x00000000 thread=0x00000000 context=0x803F09E8
19:37:36.297 [sched] selector-progress pc=0x80307EF4 lr=0x80307EF4 r3=0x00000000 r30=0x80000000 r31=0x803F02B8 run_bits=0x00000000 thread=0x00000000 context=0x803F09E8
19:37:36.297 [sched] selector-progress pc=0x80307EF4 lr=0x80307EF4 r3=0x00000000 r30=0x80000000 r31=0x803F02B8 run_bits=0x00000000 thread=0x00000000 context=0x803F09E8
19:37:36.297 [sched] selector-progress pc=0x80307EF4 lr=0x80307EF4 r3=0x00000000 r30=0x80000000 r31=0x803F02B8 run_bits=0x00000000 thread=0x00000000 context=0x803F09E8
19:37:36.297 [sched] selector-progress pc=0x80307EF4 lr=0x80307EF4 r3=0x00000000 r30=0x80000000 r31=0x803F02B8 run_bits=0x00000000 thread=0x00000000 context=0x803F09E8
19:37:36.297 [sched] selector-progress pc=0x80307EF4 lr=0x80307EF4 r3=0x00000000 r30=0x80000000 r31=0x803F02B8 run_bits=0x00000000 thread=0x00000000 context=0x803F09E8
19:37:36.297 [sched] selector-progress pc=0x80307EF4 lr=0x80307EF4 r3=0x00000000 r30=0x80000000 r31=0x803F02B8 run_bits=0x00000000 thread=0x00000000 context=0x803F09E8
19:37:36.297 [sched] selector-progress pc=0x80307EF4 lr=0x80307EF4 r3=0x00000000 r30=0x80000000 r31=0x803F02B8 run_bits=0x00000000 thread=0x00000000 context=0x803F09E8
19:37:36.297 [sched] selector-progress pc=0x80307EF4 lr=0x80307EF4 r3=0x00000000 r30=0x80000000 r31=0x803F02B8 run_bits=0x00000000 thread=0x00000000 context=0x803F09E8
19:37:36.297 [sched] selector-progress pc=0x80307EF4 lr=0x80307EF4 r3=0x00000000 r30=0x80000000 r31=0x803F02B8 run_bits=0x00000000 thread=0x00000000 context=0x803F09E8
19:37:36.297 [sched] selector-progress pc=0x80307EF4 lr=0x80307EF4 r3=0x00000000 r30=0x80000000 r31=0x803F02B8 run_bits=0x00000000 thread=0x00000000 context=0x803F09E8
19:37:36.297 [sched] selector-progress pc=0x80307EF4 lr=0x80307EF4 r3=0x00000000 r30=0x80000000 r31=0x803F02B8 run_bits=0x00000000 thread=0x00000000 context=0x803F09E8
19:37:36.297 [sched] selector-progress pc=0x80307EF4 lr=0x80307EF4 r3=0x00000000 r30=0x80000000 r31=0x803F02B8 run_bits=0x00000000 thread=0x00000000 context=0x803F09E8
19:37:36.297 [sched] selector-progress pc=0x80307EF4 lr=0x80307EF4 r3=0x00000000 r30=0x80000000 r31=0x803F02B8 run_bits=0x00000000 thread=0x00000000 context=0x803F09E8
19:37:36.297 [sched] selector-progress pc=0x80307EF4 lr=0x80307EF4 r3=0x00000000 r30=0x80000000 r31=0x803F02B8 run_bits=0x00000000 thread=0x00000000 context=0x803F09E8
19:37:36.297 [sched] selector-progress pc=0x80307EF4 lr=0x80307EF4 r3=0x00000000 r30=0x80000000 r31=0x803F02B8 run_bits=0x00000000 thread=0x00000000 context=0x803F09E8
19:37:36.297 [sched] selector-progress pc=0x80307EF4 lr=0x80307EF4 r3=0x00000000 r30=0x80000000 r31=0x803F02B8 run_bits=0x00000000 thread=0x00000000 context=0x803F09E8
19:37:36.297 [sched] selector-progress pc=0x80307EF4 lr=0x80307EF4 r3=0x00000000 r30=0x80000000 r31=0x803F02B8 run_bits=0x00000000 thread=0x00000000 context=0x803F09E8
19:37:36.297 [sched] selector-progress pc=0x80307EF4 lr=0x80307EF4 r3=0x00000000 r30=0x80000000 r31=0x803F02B8 run_bits=0x00000000 thread=0x00000000 context=0x803F09E8
19:37:36.297 [sched] selector-progress pc=0x80307EF4 lr=0x80307EF4 r3=0x00000000 r30=0x80000000 r31=0x803F02B8 run_bits=0x00000000 thread=0x00000000 context=0x803F09E8
19:37:36.297 [sched] selector-progress pc=0x80307EF4 lr=0x80307EF4 r3=0x00000000 r30=0x80000000 r31=0x803F02B8 run_bits=0x00000000 thread=0x00000000 context=0x803F09E8
19:37:36.297 [sched] selector-progress pc=0x80307EF4 lr=0x80307EF4 r3=0x00000000 r30=0x80000000 r31=0x803F02B8 run_bits=0x00000000 thread=0x00000000 context=0x803F09E8
19:37:36.297 [sched] selector-progress pc=0x80307EF4 lr=0x80307EF4 r3=0x00000000 r30=0x80000000 r31=0x803F02B8 run_bits=0x00000000 thread=0x00000000 context=0x803F09E8
19:37:36.297 [sched] selector-progress pc=0x80307EF4 lr=0x80307EF4 r3=0x00000000 r30=0x80000000 r31=0x803F02B8 run_bits=0x00000000 thread=0x00000000 context=0x803F09E8
19:37:36.297 [sched] selector-progress pc=0x80307EF4 lr=0x80307EF4 r3=0x00000000 r30=0x80000000 r31=0x803F02B8 run_bits=0x00000000 thread=0x00000000 context=0x803F09E8
19:37:36.297 [sched] selector-progress pc=0x80307EF4 lr=0x80307EF4 r3=0x00000000 r30=0x80000000 r31=0x803F02B8 run_bits=0x00000000 thread=0x00000000 context=0x803F09E8
19:37:36.297 [sched] selector-progress pc=0x80307EF4 lr=0x80307EF4 r3=0x00000000 r30=0x80000000 r31=0x803F02B8 run_bits=0x00000000 thread=0x00000000 context=0x803F09E8
19:37:36.297 [sched] selector-progress pc=0x80307EF4 lr=0x80307EF4 r3=0x00000000 r30=0x80000000 r31=0x803F02B8 run_bits=0x00000000 thread=0x00000000 context=0x803F09E8
19:37:36.297 [sched] selector-progress pc=0x80307EF4 lr=0x80307EF4 r3=0x00000000 r30=0x80000000 r31=0x803F02B8 run_bits=0x00000000 thread=0x00000000 context=0x803F09E8
19:37:36.297 [sched] selector-progress pc=0x80307EF4 lr=0x80307EF4 r3=0x00000000 r30=0x80000000 r31=0x803F02B8 run_bits=0x00000000 thread=0x00000000 context=0x803F09E8
19:37:36.297 [sched] selector-progress pc=0x80307EF4 lr=0x80307EF4 r3=0x00000000 r30=0x80000000 r31=0x803F02B8 run_bits=0x00000000 thread=0x00000000 context=0x803F09E8
19:37:36.297 [sched] selector-progress pc=0x80307EF4 lr=0x80307EF4 r3=0x00000000 r30=0x80000000 r31=0x803F02B8 run_bits=0x00000000 thread=0x00000000 context=0x803F09E8
19:37:36.297 [sched] selector-progress pc=0x80307EF4 lr=0x80307EF4 r3=0x00000000 r30=0x80000000 r31=0x803F02B8 run_bits=0x00000000 thread=0x00000000 context=0x803F09E8
19:37:36.297 [sched] selector-progress pc=0x80307EF4 lr=0x80307EF4 r3=0x00000000 r30=0x80000000 r31=0x803F02B8 run_bits=0x00000000 thread=0x00000000 context=0x803F09E8
19:37:36.297 [sched] selector-progress pc=0x80307EF4 lr=0x80307EF4 r3=0x00000000 r30=0x80000000 r31=0x803F02B8 run_bits=0x00000000 thread=0x00000000 context=0x803F09E8
19:37:36.297 [sched] selector-progress pc=0x80307EF4 lr=0x80307EF4 r3=0x00000000 r30=0x80000000 r31=0x803F02B8 run_bits=0x00000000 thread=0x00000000 context=0x803F09E8
19:37:36.297 [sched] selector-progress pc=0x80307EF4 lr=0x80307EF4 r3=0x00000000 r30=0x80000000 r31=0x803F02B8 run_bits=0x00000000 thread=0x00000000 context=0x803F09E8
19:37:36.297 [sched] selector-progress pc=0x80307EF4 lr=0x80307EF4 r3=0x00000000 r30=0x80000000 r31=0x803F02B8 run_bits=0x00000000 thread=0x00000000 context=0x803F09E8
19:37:36.297 [sched] selector-progress pc=0x80307EF4 lr=0x80307EF4 r3=0x00000000 r30=0x80000000 r31=0x803F02B8 run_bits=0x00000000 thread=0x00000000 context=0x803F09E8
19:37:36.297 [sched] selector-progress pc=0x80307EF4 lr=0x80307EF4 r3=0x00000000 r30=0x80000000 r31=0x803F02B8 run_bits=0x00000000 thread=0x00000000 context=0x803F09E8
19:37:36.297 [sched] selector-progress pc=0x80307EF4 lr=0x80307EF4 r3=0x00000000 r30=0x80000000 r31=0x803F02B8 run_bits=0x00000000 thread=0x00000000 context=0x803F09E8
19:37:36.297 [sched] selector-progress pc=0x80307EF4 lr=0x80307EF4 r3=0x00000000 r30=0x80000000 r31=0x803F02B8 run_bits=0x00000000 thread=0x00000000 context=0x803F09E8
19:37:36.297 [sched] selector-progress pc=0x80307EF4 lr=0x80307EF4 r3=0x00000000 r30=0x80000000 r31=0x803F02B8 run_bits=0x00000000 thread=0x00000000 context=0x803F09E8
19:37:36.297 [sched] selector-progress pc=0x80307EF4 lr=0x80307EF4 r3=0x00000000 r30=0x80000000 r31=0x803F02B8 run_bits=0x00000000 thread=0x00000000 context=0x803F09E8
19:37:36.297 [sched] selector-progress pc=0x80307EF4 lr=0x80307EF4 r3=0x00000000 r30=0x80000000 r31=0x803F02B8 run_bits=0x00000000 thread=0x00000000 context=0x803F09E8
19:37:36.297 [sched] selector-progress pc=0x80307EF4 lr=0x80307EF4 r3=0x00000000 r30=0x80000000 r31=0x803F02B8 run_bits=0x00000000 thread=0x00000000 context=0x803F09E8
19:37:36.297 [sched] selector-progress pc=0x80307EF4 lr=0x80307EF4 r3=0x00000000 r30=0x80000000 r31=0x803F02B8 run_bits=0x00000000 thread=0x00000000 context=0x803F09E8
19:37:36.297 [sched] selector-progress pc=0x80307EF4 lr=0x80307EF4 r3=0x00000000 r30=0x80000000 r31=0x803F02B8 run_bits=0x00000000 thread=0x00000000 context=0x803F09E8
19:37:36.297 [sched] selector-progress pc=0x80307EF4 lr=0x80307EF4 r3=0x00000000 r30=0x80000000 r31=0x803F02B8 run_bits=0x00000000 thread=0x00000000 context=0x803F09E8
19:37:36.299 [sched] selector-progress pc=0x80307EF4 lr=0x80307EF4 r3=0x00000000 r30=0x80000000 r31=0x803F02B8 run_bits=0x00000000 thread=0x00000000 context=0x803F09E8
19:37:36.299 [sched] selector-progress pc=0x80307EF4 lr=0x80307EF4 r3=0x00000000 r30=0x80000000 r31=0x803F02B8 run_bits=0x00000000 thread=0x00000000 context=0x803F09E8
19:37:36.299 [sched] selector-progress pc=0x80307EF4 lr=0x80307EF4 r3=0x00000000 r30=0x80000000 r31=0x803F02B8 run_bits=0x00000000 thread=0x00000000 context=0x803F09E8
19:37:36.299 [sched] selector-progress pc=0x80307EF4 lr=0x80307EF4 r3=0x00000000 r30=0x80000000 r31=0x803F02B8 run_bits=0x00000000 thread=0x00000000 context=0x803F09E8
19:37:36.299 [sched] selector-progress pc=0x80307EF4 lr=0x80307EF4 r3=0x00000000 r30=0x80000000 r31=0x803F02B8 run_bits=0x00000000 thread=0x00000000 context=0x803F09E8
19:37:36.299 [sched] selector-progress pc=0x80307EF4 lr=0x80307EF4 r3=0x00000000 r30=0x80000000 r31=0x803F02B8 run_bits=0x00000000 thread=0x00000000 context=0x803F09E8
19:37:36.299 [sched] selector-progress pc=0x80307EF4 lr=0x80307EF4 r3=0x00000000 r30=0x80000000 r31=0x803F02B8 run_bits=0x00000000 thread=0x00000000 context=0x803F09E8
19:37:36.299 [sched] selector-progress pc=0x80307EF4 lr=0x80307EF4 r3=0x00000000 r30=0x80000000 r31=0x803F02B8 run_bits=0x00000000 thread=0x00000000 context=0x803F09E8
19:37:36.299 [sched] selector-progress pc=0x80307EF4 lr=0x80307EF4 r3=0x00000000 r30=0x80000000 r31=0x803F02B8 run_bits=0x00000000 thread=0x00000000 context=0x803F09E8
19:37:36.299 [sched] selector-progress pc=0x80307EF4 lr=0x80307EF4 r3=0x00000000 r30=0x80000000 r31=0x803F02B8 run_bits=0x00000000 thread=0x00000000 context=0x803F09E8
19:37:36.299 [sched] selector-progress pc=0x80307EF4 lr=0x80307EF4 r3=0x00000000 r30=0x80000000 r31=0x803F02B8 run_bits=0x00000000 thread=0x00000000 context=0x803F09E8
19:37:36.299 [sched] selector-progress pc=0x80307EF4 lr=0x80307EF4 r3=0x00000000 r30=0x80000000 r31=0x803F02B8 run_bits=0x00000000 thread=0x00000000 context=0x803F09E8
19:37:36.299 [sched] selector-progress pc=0x80307EF4 lr=0x80307EF4 r3=0x00000000 r30=0x80000000 r31=0x803F02B8 run_bits=0x00000000 thread=0x00000000 context=0x803F09E8
19:37:36.299 [sched] selector-progress pc=0x80307EF4 lr=0x80307EF4 r3=0x00000000 r30=0x80000000 r31=0x803F02B8 run_bits=0x00000000 thread=0x00000000 context=0x803F09E8
19:37:36.299 [sched] selector-progress pc=0x80307EF4 lr=0x80307EF4 r3=0x00000000 r30=0x80000000 r31=0x803F02B8 run_bits=0x00000000 thread=0x00000000 context=0x803F09E8
19:37:36.299 [sched] selector-progress pc=0x80307EF4 lr=0x80307EF4 r3=0x00000000 r30=0x80000000 r31=0x803F02B8 run_bits=0x00000000 thread=0x00000000 context=0x803F09E8
19:37:36.299 [sched] selector-progress pc=0x80307EF4 lr=0x80307EF4 r3=0x00000000 r30=0x80000000 r31=0x803F02B8 run_bits=0x00000000 thread=0x00000000 context=0x803F09E8
19:37:36.299 [sched] selector-progress pc=0x80307EF4 lr=0x80307EF4 r3=0x00000000 r30=0x80000000 r31=0x803F02B8 run_bits=0x00000000 thread=0x00000000 context=0x803F09E8
19:37:36.299 [sched] selector-progress pc=0x80307EF4 lr=0x80307EF4 r3=0x00000000 r30=0x80000000 r31=0x803F02B8 run_bits=0x00000000 thread=0x00000000 context=0x803F09E8
19:37:36.299 [sched] selector-progress pc=0x80307EF4 lr=0x80307EF4 r3=0x00000000 r30=0x80000000 r31=0x803F02B8 run_bits=0x00000000 thread=0x00000000 context=0x803F09E8
19:37:36.299 [sched] selector-progress pc=0x80307EF4 lr=0x80307EF4 r3=0x00000000 r30=0x80000000 r31=0x803F02B8 run_bits=0x00000000 thread=0x00000000 context=0x803F09E8
19:37:36.299 [sched] selector-progress pc=0x80307EF4 lr=0x80307EF4 r3=0x00000000 r30=0x80000000 r31=0x803F02B8 run_bits=0x00000000 thread=0x00000000 context=0x803F09E8
19:37:36.299 [sched] selector-progress pc=0x80307EF4 lr=0x80307EF4 r3=0x00000000 r30=0x80000000 r31=0x803F02B8 run_bits=0x00000000 thread=0x00000000 context=0x803F09E8
19:37:36.299 [sched] selector-progress pc=0x80307EF4 lr=0x80307EF4 r3=0x00000000 r30=0x80000000 r31=0x803F02B8 run_bits=0x00000000 thread=0x00000000 context=0x803F09E8
19:37:36.299 [sched] selector-progress pc=0x80307EF4 lr=0x80307EF4 r3=0x00000000 r30=0x80000000 r31=0x803F02B8 run_bits=0x00000000 thread=0x00000000 context=0x803F09E8
19:37:36.299 [sched] selector-progress pc=0x80307EF4 lr=0x80307EF4 r3=0x00000000 r30=0x80000000 r31=0x803F02B8 run_bits=0x00000000 thread=0x00000000 context=0x803F09E8
19:37:36.299 [sched] selector-progress pc=0x80307EF4 lr=0x80307EF4 r3=0x00000000 r30=0x80000000 r31=0x803F02B8 run_bits=0x00000000 thread=0x00000000 context=0x803F09E8
19:37:36.299 [sched] selector-progress pc=0x80307EF4 lr=0x80307EF4 r3=0x00000000 r30=0x80000000 r31=0x803F02B8 run_bits=0x00000000 thread=0x00000000 context=0x803F09E8
19:37:36.299 [sched] selector-progress pc=0x80307EF4 lr=0x80307EF4 r3=0x00000000 r30=0x80000000 r31=0x803F02B8 run_bits=0x00000000 thread=0x00000000 context=0x803F09E8
19:37:36.299 [sched] selector-progress pc=0x80307EF4 lr=0x80307EF4 r3=0x00000000 r30=0x80000000 r31=0x803F02B8 run_bits=0x00000000 thread=0x00000000 context=0x803F09E8
19:37:36.299 [sched] selector-progress pc=0x80307EF4 lr=0x80307EF4 r3=0x00000000 r30=0x80000000 r31=0x803F02B8 run_bits=0x00000000 thread=0x00000000 context=0x803F09E8
19:37:36.299 [sched] selector-progress pc=0x80307EF4 lr=0x80307EF4 r3=0x00000000 r30=0x80000000 r31=0x803F02B8 run_bits=0x00000000 thread=0x00000000 context=0x803F09E8
19:37:36.299 [sched] selector-progress pc=0x80307EF4 lr=0x80307EF4 r3=0x00000000 r30=0x80000000 r31=0x803F02B8 run_bits=0x00000000 thread=0x00000000 context=0x803F09E8
19:37:36.299 [sched] selector-progress pc=0x80307EF4 lr=0x80307EF4 r3=0x00000000 r30=0x80000000 r31=0x803F02B8 run_bits=0x00000000 thread=0x00000000 context=0x803F09E8
19:37:36.299 [sched] selector-progress pc=0x80307EF4 lr=0x80307EF4 r3=0x00000000 r30=0x80000000 r31=0x803F02B8 run_bits=0x00000000 thread=0x00000000 context=0x803F09E8
19:37:36.299 [sched] selector-progress pc=0x80307EF4 lr=0x80307EF4 r3=0x00000000 r30=0x80000000 r31=0x803F02B8 run_bits=0x00000000 thread=0x00000000 context=0x803F09E8
19:37:36.299 [sched] selector-progress pc=0x80307EF4 lr=0x80307EF4 r3=0x00000000 r30=0x80000000 r31=0x803F02B8 run_bits=0x00000000 thread=0x00000000 context=0x803F09E8
19:37:36.299 [sched] selector-progress pc=0x80307EF4 lr=0x80307EF4 r3=0x00000000 r30=0x80000000 r31=0x803F02B8 run_bits=0x00000000 thread=0x00000000 context=0x803F09E8
19:37:36.299 [sched] selector-progress pc=0x80307EF4 lr=0x80307EF4 r3=0x00000000 r30=0x80000000 r31=0x803F02B8 run_bits=0x00000000 thread=0x00000000 context=0x803F09E8
19:37:36.299 [sched] selector-progress pc=0x80307EF4 lr=0x80307EF4 r3=0x00000000 r30=0x80000000 r31=0x803F02B8 run_bits=0x00000000 thread=0x00000000 context=0x803F09E8
19:37:36.299 [sched] selector-progress pc=0x80307EF4 lr=0x80307EF4 r3=0x00000000 r30=0x80000000 r31=0x803F02B8 run_bits=0x00000000 thread=0x00000000 context=0x803F09E8
19:37:36.299 [sched] selector-progress pc=0x80307EF4 lr=0x80307EF4 r3=0x00000000 r30=0x80000000 r31=0x803F02B8 run_bits=0x00000000 thread=0x00000000 context=0x803F09E8
19:37:36.299 [sched] selector-progress pc=0x80307EF4 lr=0x80307EF4 r3=0x00000000 r30=0x80000000 r31=0x803F02B8 run_bits=0x00000000 thread=0x00000000 context=0x803F09E8
19:37:36.299 [sched] selector-progress pc=0x80307EF4 lr=0x80307EF4 r3=0x00000000 r30=0x80000000 r31=0x803F02B8 run_bits=0x00000000 thread=0x00000000 context=0x803F09E8
19:37:36.299 [sched] selector-progress pc=0x80307EF4 lr=0x80307EF4 r3=0x00000000 r30=0x80000000 r31=0x803F02B8 run_bits=0x00000000 thread=0x00000000 context=0x803F09E8
19:37:36.299 [sched] selector-progress pc=0x80307EF4 lr=0x80307EF4 r3=0x00000000 r30=0x80000000 r31=0x803F02B8 run_bits=0x00000000 thread=0x00000000 context=0x803F09E8
19:37:36.299 [sched] selector-progress pc=0x80307EF4 lr=0x80307EF4 r3=0x00000000 r30=0x80000000 r31=0x803F02B8 run_bits=0x00000000 thread=0x00000000 context=0x803F09E8
19:37:36.299 [sched] selector-progress pc=0x80307EF4 lr=0x80307EF4 r3=0x00000000 r30=0x80000000 r31=0x803F02B8 run_bits=0x00000000 thread=0x00000000 context=0x803F09E8
19:37:36.299 [sched] selector-progress pc=0x80307EF4 lr=0x80307EF4 r3=0x00000000 r30=0x80000000 r31=0x803F02B8 run_bits=0x00000000 thread=0x00000000 context=0x803F09E8
19:37:36.299 [sched] selector-progress pc=0x80307EF4 lr=0x80307EF4 r3=0x00000000 r30=0x80000000 r31=0x803F02B8 run_bits=0x00000000 thread=0x00000000 context=0x803F09E8
19:37:36.299 [sched] selector-progress pc=0x80307EF4 lr=0x80307EF4 r3=0x00000000 r30=0x80000000 r31=0x803F02B8 run_bits=0x00000000 thread=0x00000000 context=0x803F09E8
19:37:36.299 [sched] selector-progress pc=0x80307EF4 lr=0x80307EF4 r3=0x00000000 r30=0x80000000 r31=0x803F02B8 run_bits=0x00000000 thread=0x00000000 context=0x803F09E8
19:37:36.299 [sched] selector-progress pc=0x80307EF4 lr=0x80307EF4 r3=0x00000000 r30=0x80000000 r31=0x803F02B8 run_bits=0x00000000 thread=0x00000000 context=0x803F09E8
19:37:36.299 [sched] selector-progress pc=0x80307EF4 lr=0x80307EF4 r3=0x00000000 r30=0x80000000 r31=0x803F02B8 run_bits=0x00000000 thread=0x00000000 context=0x803F09E8
19:37:36.299 [sched] selector-progress pc=0x80307EF4 lr=0x80307EF4 r3=0x00000000 r30=0x80000000 r31=0x803F02B8 run_bits=0x00000000 thread=0x00000000 context=0x803F09E8
19:37:36.299 [sched] selector-progress pc=0x80307EF4 lr=0x80307EF4 r3=0x00000000 r30=0x80000000 r31=0x803F02B8 run_bits=0x00000000 thread=0x00000000 context=0x803F09E8
19:37:36.299 [sched] selector-progress pc=0x80307EF4 lr=0x80307EF4 r3=0x00000000 r30=0x80000000 r31=0x803F02B8 run_bits=0x00000000 thread=0x00000000 context=0x803F09E8
19:37:36.299 [sched] selector-progress pc=0x80307EF4 lr=0x80307EF4 r3=0x00000000 r30=0x80000000 r31=0x803F02B8 run_bits=0x00000000 thread=0x00000000 context=0x803F09E8
19:37:36.299 [sched] selector-progress pc=0x80307EF4 lr=0x80307EF4 r3=0x00000000 r30=0x80000000 r31=0x803F02B8 run_bits=0x00000000 thread=0x00000000 context=0x803F09E8
19:37:36.299 [sched] selector-progress pc=0x80307EF4 lr=0x80307EF4 r3=0x00000000 r30=0x80000000 r31=0x803F02B8 run_bits=0x00000000 thread=0x00000000 context=0x803F09E8
19:37:36.299 [sched] selector-progress pc=0x80307EF4 lr=0x80307EF4 r3=0x00000000 r30=0x80000000 r31=0x803F02B8 run_bits=0x00000000 thread=0x00000000 context=0x803F09E8
19:37:36.299 [sched] selector-progress pc=0x80307EF4 lr=0x80307EF4 r3=0x00000000 r30=0x80000000 r31=0x803F02B8 run_bits=0x00000000 thread=0x00000000 context=0x803F09E8
19:37:36.299 [sched] selector-progress pc=0x80307EF4 lr=0x80307EF4 r3=0x00000000 r30=0x80000000 r31=0x803F02B8 run_bits=0x00000000 thread=0x00000000 context=0x803F09E8
19:37:36.299 [sched] selector-progress pc=0x80307EF4 lr=0x80307EF4 r3=0x00000000 r30=0x80000000 r31=0x803F02B8 run_bits=0x00000000 thread=0x00000000 context=0x803F09E8
19:37:36.299 [sched] selector-progress pc=0x80307EF4 lr=0x80307EF4 r3=0x00000000 r30=0x80000000 r31=0x803F02B8 run_bits=0x00000000 thread=0x00000000 context=0x803F09E8
19:37:36.299 [sched] selector-progress pc=0x80307EF4 lr=0x80307EF4 r3=0x00000000 r30=0x80000000 r31=0x803F02B8 run_bits=0x00000000 thread=0x00000000 context=0x803F09E8
19:37:36.299 [sched] selector-progress pc=0x80307EF4 lr=0x80307EF4 r3=0x00000000 r30=0x80000000 r31=0x803F02B8 run_bits=0x00000000 thread=0x00000000 context=0x803F09E8
19:37:36.299 [sched] selector-progress pc=0x80307EF4 lr=0x80307EF4 r3=0x00000000 r30=0x80000000 r31=0x803F02B8 run_bits=0x00000000 thread=0x00000000 context=0x803F09E8
19:37:36.299 [sched] selector-progress pc=0x80307EF4 lr=0x80307EF4 r3=0x00000000 r30=0x80000000 r31=0x803F02B8 run_bits=0x00000000 thread=0x00000000 context=0x803F09E8
19:37:36.299 [sched] selector-progress pc=0x80307EF4 lr=0x80307EF4 r3=0x00000000 r30=0x80000000 r31=0x803F02B8 run_bits=0x00000000 thread=0x00000000 context=0x803F09E8
19:37:36.299 [sched] selector-progress pc=0x80307EF4 lr=0x80307EF4 r3=0x00000000 r30=0x80000000 r31=0x803F02B8 run_bits=0x00000000 thread=0x00000000 context=0x803F09E8
19:37:36.299 [sched] selector-progress pc=0x80307EF4 lr=0x80307EF4 r3=0x00000000 r30=0x80000000 r31=0x803F02B8 run_bits=0x00000000 thread=0x00000000 context=0x803F09E8
19:37:36.299 [sched] selector-progress pc=0x80307EF4 lr=0x80307EF4 r3=0x00000000 r30=0x80000000 r31=0x803F02B8 run_bits=0x00000000 thread=0x00000000 context=0x803F09E8
19:37:36.299 [sched] selector-progress pc=0x80307EF4 lr=0x80307EF4 r3=0x00000000 r30=0x80000000 r31=0x803F02B8 run_bits=0x00000000 thread=0x00000000 context=0x803F09E8
19:37:36.299 [sched] selector-progress pc=0x80307EF4 lr=0x80307EF4 r3=0x00000000 r30=0x80000000 r31=0x803F02B8 run_bits=0x00000000 thread=0x00000000 context=0x803F09E8
19:37:36.299 [sched] selector-progress pc=0x80307EF4 lr=0x80307EF4 r3=0x00000000 r30=0x80000000 r31=0x803F02B8 run_bits=0x00000000 thread=0x00000000 context=0x803F09E8
19:37:36.299 [sched] selector-progress pc=0x80307EF4 lr=0x80307EF4 r3=0x00000000 r30=0x80000000 r31=0x803F02B8 run_bits=0x00000000 thread=0x00000000 context=0x803F09E8
19:37:36.299 [sched] selector-progress pc=0x80307EF4 lr=0x80307EF4 r3=0x00000000 r30=0x80000000 r31=0x803F02B8 run_bits=0x00000000 thread=0x00000000 context=0x803F09E8
19:37:36.299 [sched] selector-progress pc=0x80307EF4 lr=0x80307EF4 r3=0x00000000 r30=0x80000000 r31=0x803F02B8 run_bits=0x00000000 thread=0x00000000 context=0x803F09E8
19:37:36.299 [sched] selector-progress pc=0x80307EF4 lr=0x80307EF4 r3=0x00000000 r30=0x80000000 r31=0x803F02B8 run_bits=0x00000000 thread=0x00000000 context=0x803F09E8
19:37:36.299 [sched] selector-progress pc=0x80307EF4 lr=0x80307EF4 r3=0x00000000 r30=0x80000000 r31=0x803F02B8 run_bits=0x00000000 thread=0x00000000 context=0x803F09E8
19:37:36.299 [sched] selector-progress pc=0x80307EF4 lr=0x80307EF4 r3=0x00000000 r30=0x80000000 r31=0x803F02B8 run_bits=0x00000000 thread=0x00000000 context=0x803F09E8
19:37:36.299 [sched] selector-progress pc=0x80307EF4 lr=0x80307EF4 r3=0x00000000 r30=0x80000000 r31=0x803F02B8 run_bits=0x00000000 thread=0x00000000 context=0x803F09E8
19:37:36.299 [sched] selector-progress pc=0x80307EF4 lr=0x80307EF4 r3=0x00000000 r30=0x80000000 r31=0x803F02B8 run_bits=0x00000000 thread=0x00000000 context=0x803F09E8
19:37:36.299 [sched] selector-progress pc=0x80307EF4 lr=0x80307EF4 r3=0x00000000 r30=0x80000000 r31=0x803F02B8 run_bits=0x00000000 thread=0x00000000 context=0x803F09E8
19:37:36.299 [sched] selector-progress pc=0x80307EF4 lr=0x80307EF4 r3=0x00000000 r30=0x80000000 r31=0x803F02B8 run_bits=0x00000000 thread=0x00000000 context=0x803F09E8
19:37:36.299 [sched] selector-progress pc=0x80307EF4 lr=0x80307EF4 r3=0x00000000 r30=0x80000000 r31=0x803F02B8 run_bits=0x00000000 thread=0x00000000 context=0x803F09E8
19:37:36.299 [sched] selector-progress pc=0x80307EF4 lr=0x80307EF4 r3=0x00000000 r30=0x80000000 r31=0x803F02B8 run_bits=0x00000000 thread=0x00000000 context=0x803F09E8
19:37:36.299 [sched] selector-progress pc=0x80307EF4 lr=0x80307EF4 r3=0x00000000 r30=0x80000000 r31=0x803F02B8 run_bits=0x00000000 thread=0x00000000 context=0x803F09E8
19:37:36.299 [sched] selector-progress pc=0x80307EF4 lr=0x80307EF4 r3=0x00000000 r30=0x80000000 r31=0x803F02B8 run_bits=0x00000000 thread=0x00000000 context=0x803F09E8
19:37:36.299 [sched] selector-progress pc=0x80307EF4 lr=0x80307EF4 r3=0x00000000 r30=0x80000000 r31=0x803F02B8 run_bits=0x00000000 thread=0x00000000 context=0x803F09E8
19:37:36.299 [sched] selector-progress pc=0x80307EF4 lr=0x80307EF4 r3=0x00000000 r30=0x80000000 r31=0x803F02B8 run_bits=0x00000000 thread=0x00000000 context=0x803F09E8
19:37:36.299 [sched] selector-progress pc=0x80307EF4 lr=0x80307EF4 r3=0x00000000 r30=0x80000000 r31=0x803F02B8 run_bits=0x00000000 thread=0x00000000 context=0x803F09E8
19:37:36.299 [sched] selector-progress pc=0x80307EF4 lr=0x80307EF4 r3=0x00000000 r30=0x80000000 r31=0x803F02B8 run_bits=0x00000000 thread=0x00000000 context=0x803F09E8
19:37:36.299 [sched] selector-progress pc=0x80307EF4 lr=0x80307EF4 r3=0x00000000 r30=0x80000000 r31=0x803F02B8 run_bits=0x00000000 thread=0x00000000 context=0x803F09E8
19:37:36.299 [sched] selector-progress pc=0x80307EF4 lr=0x80307EF4 r3=0x00000000 r30=0x80000000 r31=0x803F02B8 run_bits=0x00000000 thread=0x00000000 context=0x803F09E8
19:37:36.768 [aurora:info:aurora::gfx::gxcore] GXCore uniform reuse: 14530283 of 18874368 blocks reused
19:37:37.132 [perf] retrace=4147 rate=59.8 worst_ms=29.2 hitches=0 busy=92%
19:37:37.800 [aurora:info:aurora::gfx::gxcore] GXCore uniform reuse: 14943228 of 19398656 blocks reused
19:37:38.144 [perf] retrace=4208 rate=60.3 worst_ms=23.6 hitches=0 busy=91%
19:37:38.220 [osmsg] pc=0x80308B88 r3=0x803EA588 r4=0x00000000 r5=0x803EA5A0 lr=0x803059A4 used=1 recv_head=0x803EA5A0 recv_tail=0x00000010 thread=0x803E9260 state=2 wait=0x00000000
19:37:38.232 [sched] OSSetCurrentContext entry context=0x803E9260 old=0x803EA170 thread=0x803E9260 lr=0x8028EF90
19:37:38.837 [aurora:info:aurora::gfx::gxcore] GXCore uniform reuse: 15356220 of 19922944 blocks reused
19:37:39.145 [perf] retrace=4268 rate=59.9 worst_ms=26.5 hitches=0 busy=91%
19:37:39.870 [aurora:info:aurora::gfx::gxcore] GXCore uniform reuse: 15769133 of 20447232 blocks reused
19:37:40.094 [osmsg] pc=0x80308B88 r3=0x803EA588 r4=0x00000000 r5=0x803EA5A0 lr=0x803059A4 used=1 recv_head=0x803EA5A0 recv_tail=0x00000010 thread=0x803E9260 state=2 wait=0x00000000
19:37:40.146 [perf] retrace=4328 rate=59.9 worst_ms=18.7 hitches=0 busy=88%
19:37:40.896 [aurora:info:aurora::gfx::gxcore] GXCore uniform reuse: 20461078 of 20971520 blocks reused
19:37:41.148 [perf] retrace=4388 rate=59.9 worst_ms=25.0 hitches=0 busy=89%
19:37:41.642 [sched] OSSetCurrentContext return new=0x803A2960 thread=0x803A2960 lr=0x80307DE0
19:37:42.167 [perf] retrace=4449 rate=59.8 worst_ms=24.3 hitches=0 busy=89%
19:37:43.182 [perf] retrace=4510 rate=60.1 worst_ms=22.5 hitches=0 busy=87%
19:37:43.704 [sched] transition pc=0x80307AB4 run_bits=0x00008000 run_hint=0 reschedule=1 thread=0x803E9260 context=0x803E9260 lr=0x80304DF4
19:37:44.183 [perf] retrace=4570 rate=59.9 worst_ms=22.1 hitches=0 busy=87%
19:37:44.213 [gx-slow-sum] seconds=10 batches=53 total_ms=1094 max_ms=25 pipelines=0 textures=0
19:37:45.013 [sched] transition pc=0x80307FD0 run_bits=0x00000000 run_hint=0 reschedule=0 thread=0x803E9260 context=0x803E9260 lr=0x80304DF8
19:37:45.184 [perf] retrace=4630 rate=59.9 worst_ms=19.5 hitches=0 busy=91%
19:37:46.018 [sched] OSSetCurrentContext entry context=0x803A2960 old=0x803F09E8 thread=0x803A2960 lr=0x80307FAC
19:37:46.185 [perf] retrace=4690 rate=59.9 worst_ms=22.0 hitches=0 busy=90%
19:37:47.104 [aurora:info:aurora::gfx::gxcore] GXCore uniform reuse: 18660086 of 24117248 blocks reused
19:37:47.186 [perf] retrace=4750 rate=59.9 worst_ms=19.9 hitches=0 busy=91%
19:37:47.612 [interrupt] dispatch-reentered input=0x80304AE0 output=0x80304DF8 srr0=0x8030464C srr1=0x0000B032 msr=0x00001032
19:37:47.612 [interrupt] dispatch-return context=0x803E9260 saved_srr0=0x8030464C saved_srr1=0x0000B032 current=0x803E9260 current_srr0=0x8030464C current_srr1=0x0000B032 cpu_srr0=0x8030464C cpu_srr1=0x0000B032 msr=0x00001032
19:37:47.612 [interrupt] dispatch-return-after pc=0x80281F0C srr0=0x8030464C srr1=0x0000B032 msr=0x0000B032
19:37:48.187 [perf] retrace=4810 rate=59.9 worst_ms=16.9 hitches=0 busy=89%
19:37:49.188 [perf] retrace=4870 rate=59.9 worst_ms=20.1 hitches=0 busy=92%
19:37:50.189 [perf] retrace=4930 rate=59.9 worst_ms=21.9 hitches=0 busy=89%
19:37:51.191 [perf] retrace=4990 rate=59.9 worst_ms=20.5 hitches=0 busy=90%
19:37:52.192 [perf] retrace=5050 rate=59.9 worst_ms=18.3 hitches=0 busy=89%
19:37:53.192 [perf] retrace=5110 rate=60.0 worst_ms=24.4 hitches=0 busy=91%
19:37:54.193 [perf] retrace=5170 rate=60.0 worst_ms=19.7 hitches=0 busy=88%
19:37:54.297 [gx-slow-sum] seconds=10 batches=12 total_ms=248 max_ms=25 pipelines=0 textures=0
19:37:54.835 [render-slow] acquire-drawable ms=35
19:37:54.903 [aurora:info:aurora::gfx::gxcore] GXCore uniform reuse: 21756515 of 28049408 blocks reused
19:37:55.203 [perf] retrace=5228 rate=57.5 worst_ms=46.5 hitches=0 busy=87%
19:37:55.942 [aurora:info:aurora::gfx::gxcore] GXCore uniform reuse: 22169665 of 28573696 blocks reused
19:37:56.208 [perf] retrace=5289 rate=60.7 worst_ms=24.8 hitches=0 busy=87%
19:37:56.970 [aurora:info:aurora::gfx::gxcore] GXCore uniform reuse: 22582840 of 29097984 blocks reused
19:37:57.218 [perf] retrace=5349 rate=59.4 worst_ms=25.4 hitches=0 busy=88%
19:37:57.629 [sched] OSSetCurrentContext entry context=0x803E9260 old=0x803EA170 thread=0x803E9260 lr=0x8028EF90
19:37:57.999 [aurora:info:aurora::gfx::gxcore] GXCore uniform reuse: 28948614 of 29622272 blocks reused
19:37:58.231 [perf] retrace=5410 rate=60.2 worst_ms=24.9 hitches=0 busy=92%
19:37:59.182 [trace] 4M blocks pc=0x80244f78
19:37:59.235 [perf] retrace=5470 rate=59.8 worst_ms=25.0 hitches=0 busy=89%
19:38:00.069 [aurora:info:aurora::gfx::gxcore] GXCore uniform reuse: 23821263 of 30670848 blocks reused
19:38:00.237 [perf] retrace=5530 rate=59.8 worst_ms=26.7 hitches=0 busy=90%
19:38:00.249 [osmsg] pc=0x80308B88 r3=0x803EA588 r4=0x00000000 r5=0x803EA5A0 lr=0x803059A4 used=1 recv_head=0x803EA5A0 recv_tail=0x00000010 thread=0x803E9260 state=2 wait=0x00000000
19:38:01.094 [aurora:info:aurora::gfx::gxcore] GXCore uniform reuse: 24234347 of 31195136 blocks reused
19:38:01.255 [perf] retrace=5591 rate=59.9 worst_ms=24.9 hitches=0 busy=88%
19:38:01.377 [sched] OSSetCurrentContext entry context=0x803E9260 old=0x803EA170 thread=0x803E9260 lr=0x8028EF90
19:38:02.131 [aurora:info:aurora::gfx::gxcore] GXCore uniform reuse: 24647910 of 31719424 blocks reused
19:38:02.270 [perf] retrace=5652 rate=60.1 worst_ms=29.5 hitches=0 busy=96%
19:38:03.273 [perf] retrace=5712 rate=59.8 worst_ms=24.4 hitches=0 busy=92%
19:38:04.288 [perf] retrace=5773 rate=60.1 worst_ms=25.0 hitches=0 busy=94%
19:38:04.568 [sched] OSSetCurrentContext entry context=0x803EA170 old=0x803E9260 thread=0x803E9260 lr=0x8028ECE0
19:38:04.806 [gx-slow-sum] seconds=10 batches=37 total_ms=781 max_ms=33 pipelines=0 textures=0
19:38:05.247 [sched] transition pc=0x80307AB4 run_bits=0x00000000 run_hint=0 reschedule=1 thread=0x803E9260 context=0x803E9260 lr=0x80304DF4
19:38:05.290 [perf] retrace=5833 rate=59.9 worst_ms=25.1 hitches=0 busy=89%
19:38:06.297 [sched] OSSetCurrentContext entry context=0x803EA130 old=0x803E9260 thread=0x803E9260 lr=0x8028ECE0
19:38:06.308 [perf] retrace=5894 rate=59.9 worst_ms=25.4 hitches=0 busy=92%
19:38:07.316 [perf] retrace=5955 rate=60.5 worst_ms=40.1 hitches=0 busy=91%
19:38:07.808 [aurora:info:aurora::gfx::gxcore] GXCore uniform reuse: 26919478 of 34603008 blocks reused
19:38:08.146 [osmsg] pc=0x80308B88 r3=0x803EA588 r4=0x00000000 r5=0x803EA5A0 lr=0x803059A4 used=1 recv_head=0x803EA5A0 recv_tail=0x00000010 thread=0x803E9260 state=2 wait=0x00000000
19:38:08.341 [perf] retrace=6016 rate=59.5 worst_ms=32.4 hitches=0 busy=92%
19:38:09.055 [audio-lifecycle] pc=0x80296838 r3=0x00000003 r4=0x00000000 r5=0x00000000 blocks=4431524
19:38:09.346 [perf] retrace=6077 rate=60.7 worst_ms=28.9 hitches=0 busy=94%
19:38:09.879 [aurora:info:aurora::gfx::gxcore] GXCore uniform reuse: 27745521 of 35651584 blocks reused
19:38:10.349 [perf] retrace=6137 rate=59.8 worst_ms=30.1 hitches=0 busy=87%
19:38:10.905 [aurora:info:aurora::gfx::gxcore] GXCore uniform reuse: 28159018 of 36175872 blocks reused
19:38:10.952 [sched] OSSetCurrentContext entry context=0x803E9260 old=0x803EA170 thread=0x803E9260 lr=0x8028EF90
19:38:11.357 [perf] retrace=6197 rate=59.5 worst_ms=30.0 hitches=0 busy=90%
19:38:12.358 [perf] retrace=6257 rate=59.9 worst_ms=29.2 hitches=0 busy=90%
19:38:13.372 [perf] retrace=6317 rate=59.2 worst_ms=30.9 hitches=0 busy=95%
19:38:14.379 [perf] retrace=6378 rate=60.6 worst_ms=23.4 hitches=0 busy=91%
19:38:15.394 [perf] retrace=6439 rate=60.1 worst_ms=26.9 hitches=0 busy=91%
19:38:15.837 [gx-slow-sum] seconds=10 batches=28 total_ms=590 max_ms=27 pipelines=0 textures=0
19:38:15.868 [sched] transition pc=0x80307AB4 run_bits=0x00008000 run_hint=0 reschedule=1 thread=0x803E9260 context=0x803E9260 lr=0x80304DF4
19:38:16.355 [osmsg] pc=0x80308B88 r3=0x803EA588 r4=0x00000000 r5=0x803EA5A0 lr=0x803059A4 used=1 recv_head=0x803EA5A0 recv_tail=0x00000010 thread=0x803E9260 state=2 wait=0x00000000
19:38:16.401 [perf] retrace=6499 rate=59.6 worst_ms=23.5 hitches=0 busy=89%
19:38:17.405 [perf] retrace=6559 rate=59.8 worst_ms=25.3 hitches=0 busy=88%
19:38:17.631 [aurora:info:aurora::gfx::gxcore] GXCore uniform reuse: 30842973 of 39583744 blocks reused
19:38:18.412 [perf] retrace=6620 rate=60.5 worst_ms=23.8 hitches=0 busy=90%
19:38:18.666 [aurora:info:aurora::gfx::gxcore] GXCore uniform reuse: 31256262 of 40108032 blocks reused
19:38:19.190 [aurora:info:aurora::gfx::gxcore] GXCore uniform reuse: 31462560 of 40370176 blocks reused
19:38:19.417 [perf] retrace=6680 rate=59.7 worst_ms=26.2 hitches=0 busy=89%
19:38:19.567 [sched] OSSetCurrentContext entry context=0x803E9260 old=0x803EA170 thread=0x803E9260 lr=0x8028EF90
19:38:19.699 [aurora:info:aurora::gfx::gxcore] GXCore uniform reuse: 31669759 of 40632320 blocks reused
19:38:20.417 [perf] retrace=6740 rate=60.0 worst_ms=25.4 hitches=0 busy=88%
19:38:21.419 [perf] retrace=6800 rate=59.9 worst_ms=27.0 hitches=0 busy=88%
19:38:22.047 [trace] 5M blocks pc=0x80307ef4
19:38:22.047 [sched] post-GX thread snapshot blocks=5000000
19:38:22.047 [sched] thread addr=0x803F06D0 state=1 queue=0x00000000 saved_pc=0x80307EAC sp=0x803FDF08
19:38:22.047 [sched] thread addr=0x803A2960 state=1 queue=0x00000000 saved_pc=0x80307EAC sp=0x8040CC38
19:38:22.047 [sched] thread addr=0x804211E0 state=4 queue=0x8039CD68 saved_pc=0x80307EAC sp=0x80421130
19:38:22.047 [sched] thread addr=0x80425680 state=4 queue=0x8039CDC8 saved_pc=0x80307EAC sp=0x804255D0
19:38:22.047 [sched] thread addr=0x80429AA0 state=4 queue=0x8039D090 saved_pc=0x80307EAC sp=0x804299F0
19:38:22.047 [sched] thread addr=0x804CE100 state=4 queue=0x8039D220 saved_pc=0x80307EAC sp=0x804CE040
19:38:22.047 [sched] thread addr=0x803A5F90 state=4 queue=0x803A72C8 saved_pc=0x80307EAC sp=0x803A71B0
19:38:22.047 [sched] thread addr=0x803A7320 state=1 queue=0x00000000 saved_pc=0x80307EAC sp=0x803A8580
19:38:22.433 [perf] retrace=6861 rate=60.2 worst_ms=25.8 hitches=0 busy=91%
19:38:23.452 [perf] retrace=6921 rate=58.9 worst_ms=26.6 hitches=0 busy=91%
19:38:24.183 [sched] OSSetCurrentContext entry context=0x803E9260 old=0x803EA170 thread=0x803E9260 lr=0x8028EF90
19:38:24.465 [perf] retrace=6983 rate=61.2 worst_ms=31.6 hitches=0 busy=96%
19:38:25.469 [perf] retrace=7043 rate=59.8 worst_ms=33.7 hitches=0 busy=96%
19:38:26.364 [osmsg] pc=0x80308B88 r3=0x803EA580 r4=0x00000001 r5=0x0000000E lr=0x80305A80 used=0 recv_head=0x00000000 recv_tail=0x00000000 thread=0x803E9260 state=2 wait=0x00000000
19:38:26.481 [perf] retrace=7104 rate=60.3 worst_ms=31.0 hitches=0 busy=91%
19:38:26.879 [gx-slow-sum] seconds=10 batches=32 total_ms=661 max_ms=26 pipelines=0 textures=0
19:38:26.916 [aurora:info:aurora::gfx::gxcore] GXCore uniform reuse: 34554993 of 44302336 blocks reused
19:38:27.215 [audio-lifecycle] pc=0x80296840 r3=0x00000003 r4=0x00000001 r5=0x00000000 blocks=5225958
19:38:27.484 [perf] retrace=7164 rate=59.8 worst_ms=28.6 hitches=0 busy=88%
19:38:28.502 [perf] retrace=7225 rate=59.9 worst_ms=28.2 hitches=0 busy=87%
19:38:29.517 [perf] retrace=7286 rate=60.1 worst_ms=24.8 hitches=0 busy=90%
19:38:29.620 [osmsg] pc=0x80308B88 r3=0x803EA580 r4=0x00000001 r5=0x0000000E lr=0x80305A80 used=0 recv_head=0x00000000 recv_tail=0x00000000 thread=0x803E9260 state=2 wait=0x00000000
19:38:30.010 [aurora:info:aurora::gfx::gxcore] GXCore uniform reuse: 35794464 of 45875200 blocks reused
19:38:30.310 [frame] management pc=0x80023200 lr=0x80023200 r3=0x00000000 r4=0x804D8D60 current_thread=0x803A2960 current_context=0x803A2960 main_state=2 main_queue=0x00000000 run_bits=0x00000000
19:38:30.535 [perf] retrace=7347 rate=59.9 worst_ms=23.3 hitches=0 busy=91%
19:38:31.043 [aurora:info:aurora::gfx::gxcore] GXCore uniform reuse: 36208310 of 46399488 blocks reused
19:38:31.328 [osmsg] pc=0x80308B88 r3=0x803EA588 r4=0x00000000 r5=0x803EA5A0 lr=0x803059A4 used=1 recv_head=0x803EA5A0 recv_tail=0x00000010 thread=0x803E9260 state=2 wait=0x00000000
19:38:31.370 [osmsg] pc=0x80308B88 r3=0x803EA588 r4=0x00000000 r5=0x803EA5A0 lr=0x803059A4 used=1 recv_head=0x803EA5A0 recv_tail=0x00000010 thread=0x803E9260 state=2 wait=0x00000000
19:38:31.535 [perf] retrace=7407 rate=60.0 worst_ms=25.9 hitches=0 busy=94%
19:38:32.554 [perf] retrace=7468 rate=59.9 worst_ms=26.4 hitches=0 busy=94%
19:38:33.561 [perf] retrace=7529 rate=60.5 worst_ms=26.6 hitches=0 busy=90%
19:38:34.139 [aurora:info:aurora::gfx::gxcore] GXCore uniform reuse: 37446444 of 47972352 blocks reused
19:38:34.563 [perf] retrace=7589 rate=59.9 worst_ms=27.3 hitches=0 busy=92%
19:38:35.567 [perf] retrace=7649 rate=59.8 worst_ms=26.6 hitches=0 busy=90%
19:38:35.809 [sched] OSSetCurrentContext entry context=0x803E9260 old=0x803EA170 thread=0x803E9260 lr=0x8028EF90
19:38:36.579 [perf] retrace=7710 rate=60.3 worst_ms=25.3 hitches=0 busy=89%
19:38:36.623 [sched] transition pc=0x80307AB4 run_bits=0x00008000 run_hint=0 reschedule=1 thread=0x803E9260 context=0x803E9260 lr=0x80304DF4
19:38:36.958 [gx-slow-sum] seconds=10 batches=29 total_ms=592 max_ms=24 pipelines=0 textures=0
19:38:37.494 [osmsg] pc=0x80308B88 r3=0x803EA580 r4=0x00000001 r5=0x0000000E lr=0x80305A80 used=0 recv_head=0x00000000 recv_tail=0x00000000 thread=0x803E9260 state=2 wait=0x00000000
19:38:37.584 [perf] retrace=7770 rate=59.7 worst_ms=27.2 hitches=0 busy=88%
19:38:38.267 [aurora:info:aurora::gfx::gxcore] GXCore uniform reuse: 39098476 of 50069504 blocks reused
19:38:38.594 [perf] retrace=7831 rate=60.4 worst_ms=25.3 hitches=0 busy=89%
19:38:39.623 [perf] retrace=7892 rate=59.3 worst_ms=40.0 hitches=0 busy=89%
19:38:40.623 [perf] retrace=7952 rate=60.0 worst_ms=35.3 hitches=0 busy=92%
19:38:40.808 [sched] transition pc=0x80307FD0 run_bits=0x00008000 run_hint=0 reschedule=0 thread=0x803E9260 context=0x803E9260 lr=0x80304DF8
19:38:41.509 [osmsg] pc=0x80308B88 r3=0x803EA588 r4=0x00000000 r5=0x803EA5A0 lr=0x803059A4 used=1 recv_head=0x803EA5A0 recv_tail=0x00000010 thread=0x803E9260 state=2 wait=0x00000000
19:38:41.629 [perf] retrace=8013 rate=60.7 worst_ms=35.7 hitches=0 busy=91%
19:38:41.652 [render-slow] acquire-drawable ms=49
19:38:41.679 [render-slow] ms=83 item=end-frame frame=5291 pass=0
19:38:41.680 [gx-slow] batch_ms=50 bytes=184 pipelines=0 textures=0
19:38:41.920 [aurora:info:aurora::gfx::gxcore] GXCore uniform reuse: 40544777 of 51904512 blocks reused
19:38:42.439 [aurora:info:aurora::gfx::gxcore] GXCore uniform reuse: 40750765 of 52166656 blocks reused
19:38:42.633 [perf] retrace=8071 rate=57.7 worst_ms=70.4 hitches=1 busy=89%
19:38:42.955 [aurora:info:aurora::gfx::gxcore] GXCore uniform reuse: 40957839 of 52428800 blocks reused
19:38:43.637 [perf] retrace=8131 rate=59.7 worst_ms=31.6 hitches=0 busy=90%
19:38:44.640 [perf] retrace=8191 rate=59.9 worst_ms=34.2 hitches=0 busy=87%
19:38:44.655 [jas-state] retrace=8192 queue_used=0 state=4 saved_pc=0x80307EAC wait=0x806AC798 current=0x803A2960 context=0x803A2960 run_bits=0x00000000 lod_done=1 dsp_pending=0
19:38:44.934 [trace] 6M blocks pc=0x80307ef4
19:38:45.341 [sched] transition pc=0x80307FD0 run_bits=0x00000000 run_hint=0 reschedule=0 thread=0x803E9260 context=0x803E9260 lr=0x80304DF8
19:38:45.529 [aurora:info:aurora::gfx::gxcore] GXCore uniform reuse: 41991214 of 53739520 blocks reused
19:38:45.640 [perf] retrace=8251 rate=60.0 worst_ms=30.5 hitches=0 busy=87%
19:38:46.665 [perf] retrace=8312 rate=59.5 worst_ms=29.5 hitches=0 busy=89%
19:38:47.416 [gx-slow-sum] seconds=10 batches=16 total_ms=354 max_ms=50 pipelines=0 textures=0
19:38:47.681 [perf] retrace=8373 rate=60.0 worst_ms=28.2 hitches=0 busy=89%
19:38:47.710 [sched] OSSetCurrentContext entry context=0x803F09E8 old=0x8040CB78 thread=0x00000000 lr=0x80322F88
19:38:48.022 [sched] transition pc=0x80307AB4 run_bits=0x00008000 run_hint=0 reschedule=1 thread=0x803E9260 context=0x803E9260 lr=0x80304DF4
19:38:48.115 [aurora:info:aurora::gfx::gxcore] GXCore uniform reuse: 43023094 of 55050240 blocks reused
19:38:48.698 [perf] retrace=8434 rate=60.0 worst_ms=27.0 hitches=0 busy=89%
19:38:49.716 [perf] retrace=8495 rate=59.9 worst_ms=23.9 hitches=0 busy=90%
19:38:49.776 [audio-lifecycle] pc=0x80296840 r3=0x00000003 r4=0x00000001 r5=0x00000000 blocks=6211654
19:38:49.997 [osmsg] pc=0x80308B88 r3=0x803EA580 r4=0x00000001 r5=0x0000000E lr=0x80305A80 used=0 recv_head=0x00000000 recv_tail=0x00000000 thread=0x803E9260 state=2 wait=0x00000000
19:38:50.226 [sched] transition pc=0x80307FD0 run_bits=0x00008000 run_hint=0 reschedule=0 thread=0x803E9260 context=0x803E9260 lr=0x80304DF8
19:38:50.535 [render-slow] acquire-drawable ms=53
19:38:50.536 [render-slow] ms=89 item=end-frame frame=5555 pass=0
19:38:50.536 [gx-slow] batch_ms=61 bytes=184 pipelines=0 textures=0
19:38:50.718 [perf] retrace=8552 rate=56.9 worst_ms=71.5 hitches=1 busy=85%
19:38:50.750 [aurora:info:aurora::gfx::gxcore] GXCore uniform reuse: 44056532 of 56360960 blocks reused
19:38:51.408 [osmsg] pc=0x80308B88 r3=0x803EA588 r4=0x00000000 r5=0x803EA5A0 lr=0x803059A4 used=1 recv_head=0x803EA5A0 recv_tail=0x00000010 thread=0x803E9260 state=2 wait=0x00000000
19:38:51.650 [sched] OSSetCurrentContext entry context=0x803EA170 old=0x803E9260 thread=0x803E9260 lr=0x8028ECE0
19:38:51.719 [perf] retrace=8612 rate=59.9 worst_ms=29.4 hitches=0 busy=94%
19:38:52.728 [perf] retrace=8672 rate=59.5 worst_ms=31.0 hitches=0 busy=93%
19:38:53.745 [perf] retrace=8733 rate=60.0 worst_ms=26.8 hitches=0 busy=95%
19:38:54.142 [sched] OSSetCurrentContext entry context=0x803A2960 old=0x803E9260 thread=0x803A2960 lr=0x80307FAC
19:38:54.545 [sched] OSSetCurrentContext entry context=0x803E9260 old=0x803EA170 thread=0x803E9260 lr=0x8028EF90
19:38:54.756 [perf] retrace=8794 rate=60.4 worst_ms=25.2 hitches=0 busy=92%
19:38:55.757 [perf] retrace=8854 rate=59.9 worst_ms=25.5 hitches=0 busy=96%
19:38:55.902 [aurora:info:aurora::gfx::gxcore] GXCore uniform reuse: 46123402 of 58982400 blocks reused
19:38:56.758 [perf] retrace=8914 rate=59.9 worst_ms=26.1 hitches=0 busy=97%
19:38:57.050 [osmsg] pc=0x80308B88 r3=0x803F7C9C r4=0x80000000 r5=0x803A2960 lr=0x80322F90 used=0 recv_head=0x00000000 recv_tail=0x00000000 thread=0x00000000 state=0 wait=0x00000000
19:38:57.167 [sched] OSSetCurrentContext entry context=0x803E9260 old=0x803EA130 thread=0x803E9260 lr=0x8028EF90
19:38:57.519 [gx-slow-sum] seconds=10 batches=27 total_ms=596 max_ms=61 pipelines=0 textures=0
19:38:57.759 [perf] retrace=8974 rate=59.9 worst_ms=24.0 hitches=0 busy=94%
19:38:57.847 [audio-lifecycle] pc=0x80296860 r3=0x00000008 r4=0x00000000 r5=0x00000000 blocks=6561938
19:38:57.847 [audio-sequence-contract] entered base=0x80774B10 slot0=0x8076B1D4 state=4 flags=0x04030000 id=0x80000001 slot1=0x00000000 state=0 flags=0x00000000 id=0x00000000 slot2=0x8076B190 state=4 flags=0x04030000 id=0x80000800 slot4=0x3F800000 state=0 flags=0x00000000 id=0x00000000 blocks=6561938
19:38:57.847 [audio-sequence-metadata] pc=0x80296860 base=0x80774BB0 slot=2 f0=0 f1=0 f2=0 f3=0 f4=0x00000000 f8=0x00000000 f48=0x8076B190 blocks=6561938
19:38:58.486 [aurora:info:aurora::gfx::gxcore] GXCore uniform reuse: 47155568 of 60293120 blocks reused
19:38:58.760 [perf] retrace=9034 rate=59.9 worst_ms=23.3 hitches=0 busy=93%
19:38:59.761 [perf] retrace=9094 rate=59.9 worst_ms=21.8 hitches=0 busy=93%
19:39:00.536 [aurora:info:aurora::gfx::gxcore] GXCore uniform reuse: 47982522 of 61341696 blocks reused
19:39:00.762 [perf] retrace=9154 rate=59.9 worst_ms=20.6 hitches=0 busy=92%
19:39:01.763 [perf] retrace=9214 rate=59.9 worst_ms=20.9 hitches=0 busy=91%
19:39:02.764 [perf] retrace=9274 rate=59.9 worst_ms=25.5 hitches=0 busy=97%
19:39:03.653 [sched] transition pc=0x80307FD0 run_bits=0x00008000 run_hint=0 reschedule=0 thread=0x803E9260 context=0x803E9260 lr=0x80304DF8
19:39:03.765 [perf] retrace=9334 rate=59.9 worst_ms=23.2 hitches=0 busy=89%
19:39:04.167 [aurora:info:aurora::gfx::gxcore] GXCore uniform reuse: 49428624 of 63176704 blocks reused
19:39:04.766 [perf] retrace=9394 rate=59.9 worst_ms=20.0 hitches=0 busy=89%
19:39:05.767 [perf] retrace=9454 rate=59.9 worst_ms=18.8 hitches=0 busy=89%
19:39:06.218 [aurora:info:aurora::gfx::gxcore] GXCore uniform reuse: 50255898 of 64225280 blocks reused
19:39:06.768 [perf] retrace=9514 rate=59.9 worst_ms=18.5 hitches=0 busy=88%
19:39:07.769 [perf] retrace=9574 rate=59.9 worst_ms=17.1 hitches=0 busy=89%
19:39:07.866 [trace] 7M blocks pc=0x80256930
19:39:07.962 [gx-slow-sum] seconds=10 batches=12 total_ms=255 max_ms=28 pipelines=0 textures=0
19:39:08.289 [aurora:info:aurora::gfx::gxcore] GXCore uniform reuse: 51082063 of 65273856 blocks reused
19:39:08.771 [perf] retrace=9634 rate=59.9 worst_ms=18.8 hitches=0 busy=92%
19:39:09.772 [perf] retrace=9694 rate=59.9 worst_ms=20.5 hitches=0 busy=94%
19:39:10.774 [perf] retrace=9754 rate=59.9 worst_ms=20.1 hitches=0 busy=92%
19:39:10.860 [aurora:info:aurora::gfx::gxcore] GXCore uniform reuse: 52114818 of 66584576 blocks reused
19:39:11.243 [audio-sequence-contract] process-return base=0x80774B10 slot0=0x8076B1D4 state=4 flags=0x04030000 id=0x80000001 slot1=0x00000000 state=0 flags=0x00000000 id=0x00000000 slot2=0x8076B190 state=4 flags=0x04030000 id=0x80000800 slot4=0x3F800000 state=0 flags=0x00000000 id=0x00000000 blocks=7147503
19:39:11.243 [audio-sequence-metadata] pc=0x80290490 base=0x80774BB0 slot=2 f0=0 f1=0 f2=0 f3=0 f4=0x00000000 f8=0x00000000 f48=0x8076B190 blocks=7147503
19:39:11.384 [aurora:info:aurora::gfx::gxcore] GXCore uniform reuse: 52321606 of 66846720 blocks reused
19:39:11.775 [perf] retrace=9814 rate=59.9 worst_ms=21.8 hitches=0 busy=91%
19:39:12.777 [perf] retrace=9874 rate=59.8 worst_ms=23.6 hitches=0 busy=92%
19:39:13.078 [sched] transition pc=0x80307AB4 run_bits=0x00008000 run_hint=1 reschedule=1 thread=0x00000000 context=0x803F09E8 lr=0x80304DF4
19:39:13.354 [interrupt] dispatch-reentered input=0x80304AE0 output=0x80304DF8 srr0=0x8030464C srr1=0x0000B032 msr=0x00001032
19:39:13.354 [interrupt] dispatch-return context=0x803E9260 saved_srr0=0x8030464C saved_srr1=0x0000B032 current=0x803E9260 current_srr0=0x8030464C current_srr1=0x0000B032 cpu_srr0=0x8030464C cpu_srr1=0x0000B032 msr=0x00001032
19:39:13.354 [interrupt] dispatch-return-after pc=0x80283FC4 srr0=0x8030464C srr1=0x0000B032 msr=0x0000B032
19:39:13.546 [sched] transition pc=0x80307AB4 run_bits=0x00000000 run_hint=0 reschedule=1 thread=0x803E9260 context=0x803E9260 lr=0x80304DF4
19:39:13.779 [perf] retrace=9934 rate=59.9 worst_ms=23.6 hitches=0 busy=91%
19:39:14.472 [aurora:info:aurora::gfx::gxcore] GXCore uniform reuse: 53561178 of 68419584 blocks reused
19:39:14.472 [aurora:info:aurora::gfx::gxcore] GXCore uniform reuse: 66977128 of 68419584 blocks reused
19:39:14.781 [perf] retrace=9994 rate=59.9 worst_ms=23.4 hitches=0 busy=90%
19:39:15.791 [perf] retrace=10054 rate=59.4 worst_ms=27.8 hitches=0 busy=94%
19:39:16.536 [aurora:info:aurora::gfx::gxcore] GXCore uniform reuse: 54387606 of 69468160 blocks reused
19:39:16.795 [perf] retrace=10115 rate=60.8 worst_ms=24.3 hitches=0 busy=90%
19:39:17.061 [aurora:info:aurora::gfx::gxcore] GXCore uniform reuse: 54594277 of 69730304 blocks reused
19:39:17.796 [perf] retrace=10175 rate=59.9 worst_ms=23.5 hitches=0 busy=91%
19:39:18.516 [gx-slow-sum] seconds=10 batches=20 total_ms=421 max_ms=27 pipelines=0 textures=0
19:39:18.766 [audio-lifecycle] pc=0x8029057C r3=0x803A2CE8 r4=0x00007004 r5=0x803A4BB8 blocks=7476865
19:39:18.797 [perf] retrace=10235 rate=59.9 worst_ms=22.9 hitches=0 busy=90%
19:39:19.634 [aurora:info:aurora::gfx::gxcore] GXCore uniform reuse: 55627319 of 71041024 blocks reused
19:39:19.798 [perf] retrace=10295 rate=59.9 worst_ms=25.3 hitches=0 busy=94%
19:39:20.799 [perf] retrace=10355 rate=59.9 worst_ms=24.5 hitches=0 busy=93%
19:39:21.190 [aurora:info:aurora::gfx::gxcore] GXCore uniform reuse: 56246157 of 71827456 blocks reused
19:39:21.458 [audio-lifecycle] pc=0x80296840 r3=0x00000003 r4=0x00000001 r5=0x00000000 blocks=7594252
19:39:21.809 [perf] retrace=10415 rate=59.4 worst_ms=22.1 hitches=0 busy=93%
19:39:22.821 [perf] retrace=10476 rate=60.3 worst_ms=24.1 hitches=0 busy=96%
19:39:23.821 [perf] retrace=10536 rate=60.0 worst_ms=23.8 hitches=0 busy=92%
19:39:24.302 [aurora:info:aurora::gfx::gxcore] GXCore uniform reuse: 57485953 of 73400320 blocks reused
19:39:24.838 [perf] retrace=10596 rate=59.0 worst_ms=34.0 hitches=0 busy=95%
19:39:25.335 [aurora:info:aurora::gfx::gxcore] GXCore uniform reuse: 57899522 of 73924608 blocks reused
19:39:25.842 [perf] retrace=10656 rate=59.7 worst_ms=33.6 hitches=0 busy=90%
19:39:25.861 [aurora:info:aurora::gfx::gxcore] GXCore uniform reuse: 58105862 of 74186752 blocks reused
19:39:25.861 [aurora:info:aurora::gfx::gxcore] GXCore uniform reuse: 72632295 of 74186752 blocks reused
19:39:26.849 [perf] retrace=10716 rate=59.6 worst_ms=33.2 hitches=0 busy=93%
19:39:27.738 [sched] transition pc=0x80307AB4 run_bits=0x00008000 run_hint=0 reschedule=1 thread=0x803E9260 context=0x803E9260 lr=0x80304DF4
19:39:27.858 [perf] retrace=10777 rate=60.5 worst_ms=28.5 hitches=0 busy=89%
19:39:27.916 [audio-lifecycle] pc=0x80007224 r3=0x00000001 r4=0x803A4DF0 r5=0x803A4EA4 blocks=7876141
19:39:28.765 [gx-slow-sum] seconds=10 batches=23 total_ms=479 max_ms=24 pipelines=0 textures=0
19:39:28.865 [perf] retrace=10837 rate=59.5 worst_ms=28.2 hitches=0 busy=96%
19:39:29.870 [perf] retrace=10898 rate=60.7 worst_ms=30.3 hitches=0 busy=92%
19:39:29.982 [aurora:info:aurora::gfx::gxcore] GXCore uniform reuse: 59758166 of 76283904 blocks reused
19:39:29.982 [aurora:info:aurora::gfx::gxcore] GXCore uniform reuse: 74687811 of 76283904 blocks reused
19:39:30.751 [trace] 8M blocks pc=0x80241724
19:39:30.888 [perf] retrace=10959 rate=59.9 worst_ms=26.5 hitches=0 busy=89%
19:39:31.536 [aurora:info:aurora::gfx::gxcore] GXCore uniform reuse: 60377854 of 77070336 blocks reused
19:39:31.900 [perf] retrace=11019 rate=59.2 worst_ms=26.2 hitches=0 busy=87%
19:39:32.906 [sched] transition pc=0x80307AB4 run_bits=0x00008000 run_hint=0 reschedule=1 thread=0x803E9260 context=0x803E9260 lr=0x80304DF4
19:39:32.911 [perf] retrace=11080 rate=60.4 worst_ms=24.4 hitches=0 busy=89%
19:39:33.075 [aurora:info:aurora::gfx::gxcore] GXCore uniform reuse: 60997911 of 77856768 blocks reused
19:39:33.605 [aurora:info:aurora::gfx::gxcore] GXCore uniform reuse: 61204378 of 78118912 blocks reused
19:39:33.605 [aurora:info:aurora::gfx::gxcore] GXCore uniform reuse: 76486567 of 78118912 blocks reused
19:39:33.919 [perf] retrace=11141 rate=60.5 worst_ms=26.5 hitches=0 busy=89%
19:39:34.934 [perf] retrace=11201 rate=59.1 worst_ms=28.3 hitches=0 busy=88%
19:39:35.942 [perf] retrace=11262 rate=60.5 worst_ms=25.9 hitches=0 busy=90%
19:39:36.706 [aurora:info:aurora::gfx::gxcore] GXCore uniform reuse: 62443646 of 79691776 blocks reused
19:39:36.943 [perf] retrace=11322 rate=59.9 worst_ms=23.7 hitches=0 busy=87%
19:39:37.946 [perf] retrace=11382 rate=59.8 worst_ms=26.3 hitches=0 busy=87%
19:39:38.759 [aurora:info:aurora::gfx::gxcore] GXCore uniform reuse: 63270193 of 80740352 blocks reused
19:39:38.960 [perf] retrace=11443 rate=60.2 worst_ms=25.4 hitches=0 busy=93%
19:39:39.280 [aurora:info:aurora::gfx::gxcore] GXCore uniform reuse: 63476789 of 81002496 blocks reused
19:39:39.442 [gx-slow-sum] seconds=10 batches=20 total_ms=411 max_ms=25 pipelines=0 textures=0
19:39:39.962 [perf] retrace=11503 rate=59.8 worst_ms=26.3 hitches=0 busy=90%
19:39:40.973 [perf] retrace=11563 rate=59.4 worst_ms=24.7 hitches=0 busy=87%
19:39:41.979 [perf] retrace=11623 rate=59.6 worst_ms=28.2 hitches=0 busy=92%
19:39:42.372 [aurora:info:aurora::gfx::gxcore] GXCore uniform reuse: 64716072 of 82575360 blocks reused
19:39:42.999 [perf] retrace=11685 rate=60.8 worst_ms=24.0 hitches=0 busy=89%
19:39:44.020 [perf] retrace=11746 rate=59.8 worst_ms=25.9 hitches=0 busy=89%
19:39:44.323 [audio-lifecycle] pc=0x8029057C r3=0x803A2CE8 r4=0x00007000 r5=0x803A4BAC blocks=8593736
19:39:44.430 [aurora:info:aurora::gfx::gxcore] GXCore uniform reuse: 65543179 of 83623936 blocks reused
19:39:45.031 [perf] retrace=11807 rate=60.3 worst_ms=26.4 hitches=0 busy=90%
19:39:45.463 [aurora:info:aurora::gfx::gxcore] GXCore uniform reuse: 65956552 of 84148224 blocks reused
19:39:46.037 [perf] retrace=11867 rate=59.6 worst_ms=27.2 hitches=0 busy=92%
19:39:47.041 [perf] retrace=11928 rate=60.8 worst_ms=21.0 hitches=0 busy=90%
19:39:47.528 [aurora:info:aurora::gfx::gxcore] GXCore uniform reuse: 66782719 of 85196800 blocks reused
19:39:48.049 [perf] retrace=11988 rate=59.5 worst_ms=28.4 hitches=0 busy=89%
19:39:49.063 [perf] retrace=12049 rate=60.2 worst_ms=24.9 hitches=0 busy=92%
19:39:50.078 [perf] retrace=12110 rate=60.1 worst_ms=26.9 hitches=0 busy=89%
19:39:51.079 [perf] retrace=12170 rate=59.9 worst_ms=26.3 hitches=0 busy=90%
19:39:51.271 [interrupt] dispatch-reentered input=0x80304AE0 output=0x80304DF8 srr0=0x8030464C srr1=0x0000B032 msr=0x00001032
19:39:51.271 [interrupt] dispatch-return context=0x803E9260 saved_srr0=0x8030464C saved_srr1=0x0000B032 current=0x803E9260 current_srr0=0x8030464C current_srr1=0x0000B032 cpu_srr0=0x8030464C cpu_srr1=0x0000B032 msr=0x00001032
19:39:51.271 [interrupt] dispatch-return-after pc=0x80283C14 srr0=0x8030464C srr1=0x0000B032 msr=0x0000B032
19:39:51.456 [gx-slow-sum] seconds=10 batches=16 total_ms=325 max_ms=22 pipelines=0 textures=0
19:39:52.080 [perf] retrace=12230 rate=59.9 worst_ms=25.1 hitches=0 busy=88%
19:39:52.676 [aurora:info:aurora::gfx::gxcore] GXCore uniform reuse: 68848682 of 87818240 blocks reused
19:39:53.084 [perf] retrace=12290 rate=59.7 worst_ms=23.1 hitches=0 busy=93%
19:39:53.604 [trace] 9M blocks pc=0x80249340
19:39:54.102 [perf] retrace=12351 rate=59.9 worst_ms=22.7 hitches=0 busy=89%
19:39:55.116 [perf] retrace=12412 rate=60.1 worst_ms=20.5 hitches=0 busy=90%
19:39:56.121 [perf] retrace=12472 rate=59.7 worst_ms=23.7 hitches=0 busy=93%
19:39:57.123 [perf] retrace=12532 rate=59.9 worst_ms=23.5 hitches=0 busy=92%
19:39:57.314 [aurora:info:aurora::gfx::gxcore] GXCore uniform reuse: 70708003 of 90177536 blocks reused
19:39:58.136 [perf] retrace=12593 rate=60.3 worst_ms=23.9 hitches=0 busy=89%
19:39:59.140 [perf] retrace=12653 rate=59.8 worst_ms=29.4 hitches=0 busy=91%
19:39:59.379 [aurora:info:aurora::gfx::gxcore] GXCore uniform reuse: 71534281 of 91226112 blocks reused
19:39:59.872 [audio-lifecycle] pc=0x8029057C r3=0x803A2CE8 r4=0x00007001 r5=0x803A4BB0 blocks=9274213
19:39:59.901 [aurora:info:aurora::gfx::gxcore] GXCore uniform reuse: 71741008 of 91488256 blocks reused
19:40:00.158 [perf] retrace=12714 rate=59.9 worst_ms=23.0 hitches=0 busy=91%
19:40:00.793 [sched] transition pc=0x80307FD0 run_bits=0x00000000 run_hint=0 reschedule=0 thread=0x803E9260 context=0x803E9260 lr=0x80304DF8
19:40:01.172 [perf] retrace=12775 rate=60.2 worst_ms=23.5 hitches=0 busy=90%
19:40:02.173 [perf] retrace=12835 rate=59.9 worst_ms=23.3 hitches=0 busy=89%
19:40:02.477 [aurora:info:aurora::gfx::gxcore] GXCore uniform reuse: 72773592 of 92798976 blocks reused
19:40:02.989 [aurora:info:aurora::gfx::gxcore] GXCore uniform reuse: 72979376 of 93061120 blocks reused
19:40:03.174 [perf] retrace=12895 rate=59.9 worst_ms=26.3 hitches=0 busy=93%
19:40:03.505 [sched] transition pc=0x80307FD0 run_bits=0x00008000 run_hint=0 reschedule=0 thread=0x803E9260 context=0x803E9260 lr=0x80304DF8
19:40:04.016 [aurora:info:aurora::gfx::gxcore] GXCore uniform reuse: 73392074 of 93585408 blocks reused
19:40:04.175 [perf] retrace=12955 rate=59.9 worst_ms=22.4 hitches=0 busy=93%
19:40:04.225 [gx-slow-sum] seconds=10 batches=16 total_ms=332 max_ms=24 pipelines=0 textures=0
19:40:05.051 [aurora:info:aurora::gfx::gxcore] GXCore uniform reuse: 73803820 of 94109696 blocks reused
19:40:05.176 [perf] retrace=13015 rate=59.9 worst_ms=21.8 hitches=0 busy=92%
19:40:05.569 [aurora:info:aurora::gfx::gxcore] GXCore uniform reuse: 74009493 of 94371840 blocks reused
19:40:06.177 [perf] retrace=13075 rate=59.9 worst_ms=20.2 hitches=0 busy=90%
19:40:06.406 [osmsg] pc=0x80308B88 r3=0x803EA580 r4=0x00000001 r5=0x0000000A lr=0x80305A80 used=0 recv_head=0x00000000 recv_tail=0x00000000 thread=0x803E9260 state=2 wait=0x00000000
19:40:06.590 [aurora:info:aurora::gfx::gxcore] GXCore uniform reuse: 74422032 of 94896128 blocks reused
19:40:07.178 [perf] retrace=13135 rate=59.9 worst_ms=23.5 hitches=0 busy=92%
19:40:08.179 [perf] retrace=13195 rate=59.9 worst_ms=28.3 hitches=0 busy=89%
19:40:09.180 [perf] retrace=13255 rate=59.9 worst_ms=19.8 hitches=0 busy=89%
19:40:09.694 [aurora:info:aurora::gfx::gxcore] GXCore uniform reuse: 75661702 of 96468992 blocks reused
19:40:10.181 [perf] retrace=13315 rate=59.9 worst_ms=19.7 hitches=0 busy=88%
19:40:10.218 [aurora:info:aurora::gfx::gxcore] GXCore uniform reuse: 75867755 of 96731136 blocks reused
19:40:10.548 [osmsg] pc=0x80308B88 r3=0x803EA588 r4=0x00000000 r5=0x803EA5A0 lr=0x803059A4 used=1 recv_head=0x803EA5A0 recv_tail=0x00000010 thread=0x803E9260 state=2 wait=0x00000000
19:40:10.728 [aurora:info:aurora::gfx::gxcore] GXCore uniform reuse: 76074734 of 96993280 blocks reused
19:40:11.182 [perf] retrace=13375 rate=59.9 worst_ms=16.9 hitches=0 busy=88%
19:40:12.183 [perf] retrace=13435 rate=59.9 worst_ms=21.5 hitches=0 busy=90%
19:40:13.185 [perf] retrace=13495 rate=59.9 worst_ms=23.1 hitches=0 busy=93%
19:40:13.306 [aurora:info:aurora::gfx::gxcore] GXCore uniform reuse: 77107102 of 98304000 blocks reused
19:40:13.597 [osmsg] pc=0x80308B88 r3=0x803EA588 r4=0x00000000 r5=0x803EA5A0 lr=0x803059A4 used=1 recv_head=0x803EA5A0 recv_tail=0x00000010 thread=0x803E9260 state=2 wait=0x00000000
19:40:14.186 [perf] retrace=13555 rate=59.9 worst_ms=19.7 hitches=0 busy=91%
19:40:14.879 [gx-slow-sum] seconds=10 batches=5 total_ms=104 max_ms=21 pipelines=0 textures=0
19:40:15.188 [perf] retrace=13615 rate=59.9 worst_ms=23.0 hitches=0 busy=90%
19:40:15.373 [aurora:info:aurora::gfx::gxcore] GXCore uniform reuse: 77932847 of 99352576 blocks reused
19:40:16.190 [perf] retrace=13675 rate=59.9 worst_ms=21.7 hitches=0 busy=90%
19:40:16.466 [trace] 10M blocks pc=0x802824dc
19:40:17.193 [perf] retrace=13735 rate=59.8 worst_ms=22.0 hitches=0 busy=89%
19:40:18.193 [perf] retrace=13795 rate=60.0 worst_ms=28.8 hitches=0 busy=90%
19:40:19.195 [perf] retrace=13855 rate=59.9 worst_ms=22.9 hitches=0 busy=89%
19:40:19.959 [sched] transition pc=0x80307FD0 run_bits=0x00008000 run_hint=0 reschedule=0 thread=0x803E9260 context=0x803E9260 lr=0x80304DF8
19:40:20.031 [aurora:info:aurora::gfx::gxcore] GXCore uniform reuse: 79790453 of 101711872 blocks reused
19:40:20.196 [perf] retrace=13915 rate=60.0 worst_ms=24.2 hitches=0 busy=90%
19:40:20.967 [osmsg] pc=0x80308B88 r3=0x803EA588 r4=0x00000000 r5=0x803EA5A0 lr=0x803059A4 used=1 recv_head=0x803EA5A0 recv_tail=0x00000010 thread=0x803E9260 state=2 wait=0x00000000
19:40:21.057 [aurora:info:aurora::gfx::gxcore] GXCore uniform reuse: 80203876 of 102236160 blocks reused
19:40:21.057 [aurora:info:aurora::gfx::gxcore] GXCore uniform reuse: 100119334 of 102236160 blocks reused
19:40:21.197 [perf] retrace=13975 rate=59.9 worst_ms=24.8 hitches=0 busy=90%
19:40:22.210 [perf] retrace=14036 rate=60.2 worst_ms=26.5 hitches=0 busy=90%
19:40:23.211 [perf] retrace=14096 rate=59.9 worst_ms=22.7 hitches=0 busy=92%
19:40:24.213 [perf] retrace=14156 rate=59.9 worst_ms=22.7 hitches=0 busy=88%
19:40:24.849 [audio-event] authentic sound_id=0x00007004 voice=-1 pc=0x802904EC blocks=10366524
19:40:24.965 [gx-slow-sum] seconds=10 batches=26 total_ms=539 max_ms=24 pipelines=0 textures=0
19:40:25.233 [perf] retrace=14217 rate=59.8 worst_ms=27.7 hitches=0 busy=93%
19:40:25.753 [render-slow] acquire-drawable ms=56
19:40:25.761 [gx-slow] batch_ms=56 bytes=184 pipelines=0 textures=0
19:40:26.004 [audio-lifecycle] pc=0x8029057C r3=0x803A2CE8 r4=0x00007000 r5=0x803A4BAC blocks=10414726
19:40:26.241 [perf] retrace=14275 rate=57.6 worst_ms=72.2 hitches=1 busy=86%
19:40:26.806 [aurora:info:aurora::gfx::gxcore] GXCore uniform reuse: 82474701 of 105119744 blocks reused
19:40:27.245 [perf] retrace=14336 rate=60.7 worst_ms=29.0 hitches=0 busy=88%
19:40:27.645 [audio-lifecycle] pc=0x8029684C r3=0x00000003 r4=0x8076B190 r5=0x00000000 blocks=10486824
19:40:28.246 [perf] retrace=14396 rate=59.9 worst_ms=25.0 hitches=0 busy=89%
19:40:29.136 [frame] management pc=0x80023208 lr=0x80023208 r3=0x00001CBC r4=0x803E8140 current_thread=0x803A2960 current_context=0x803A2960 main_state=2 main_queue=0x00000000 run_bits=0x00000000
19:40:29.262 [perf] retrace=14457 rate=60.0 worst_ms=21.8 hitches=0 busy=86%
19:40:30.264 [perf] retrace=14517 rate=59.9 worst_ms=23.2 hitches=0 busy=87%
19:40:31.272 [perf] retrace=14578 rate=60.5 worst_ms=29.9 hitches=0 busy=87%
19:40:32.273 [perf] retrace=14638 rate=59.9 worst_ms=32.1 hitches=0 busy=87%
19:40:33.288 [perf] retrace=14697 rate=58.2 worst_ms=46.5 hitches=0 busy=87%
19:40:33.517 [aurora:info:aurora::gfx::gxcore] GXCore uniform reuse: 85158831 of 108527616 blocks reused
19:40:34.098 [sched] transition pc=0x80307AB4 run_bits=0x00008000 run_hint=1 reschedule=1 thread=0x803E9260 context=0x803E9260 lr=0x80304DF4
19:40:34.297 [perf] retrace=14758 rate=60.5 worst_ms=29.9 hitches=0 busy=89%
19:40:35.294 [gx-slow-sum] seconds=10 batches=17 total_ms=388 max_ms=56 pipelines=0 textures=0
19:40:35.297 [perf] retrace=14818 rate=60.0 worst_ms=31.1 hitches=0 busy=87%
19:40:36.314 [perf] retrace=14875 rate=56.1 worst_ms=41.1 hitches=0 busy=86%
19:40:37.323 [perf] retrace=14935 rate=59.4 worst_ms=28.1 hitches=0 busy=92%
19:40:37.554 [render-slow] acquire-drawable ms=66
19:40:37.576 [render-slow] ms=103 item=end-frame frame=8755 pass=0
19:40:37.576 [gx-slow] batch_ms=71 bytes=184 pipelines=0 textures=0
19:40:38.310 [aurora:info:aurora::gfx::gxcore] GXCore uniform reuse: 87016597 of 110886912 blocks reused
19:40:38.337 [perf] retrace=14992 rate=56.2 worst_ms=90.0 hitches=1 busy=86%
19:40:39.335 [aurora:info:aurora::gfx::gxcore] GXCore uniform reuse: 87429802 of 111411200 blocks reused
19:40:39.347 [perf] retrace=15053 rate=60.4 worst_ms=30.7 hitches=0 busy=90%
19:40:39.515 [trace] 11M blocks pc=0x80040068
19:40:40.355 [perf] retrace=15113 rate=59.5 worst_ms=27.2 hitches=0 busy=90%
19:40:41.378 [perf] retrace=15174 rate=59.6 worst_ms=26.0 hitches=0 busy=91%
19:40:42.389 [perf] retrace=15235 rate=60.3 worst_ms=24.6 hitches=0 busy=88%
19:40:43.401 [perf] retrace=15296 rate=60.3 worst_ms=24.1 hitches=0 busy=88%
19:40:43.459 [aurora:info:aurora::gfx::gxcore] GXCore uniform reuse: 89081520 of 113508352 blocks reused
19:40:44.414 [perf] retrace=15357 rate=60.2 worst_ms=23.5 hitches=0 busy=87%
19:40:44.494 [aurora:info:aurora::gfx::gxcore] GXCore uniform reuse: 89494791 of 114032640 blocks reused
19:40:45.415 [perf] retrace=15417 rate=59.9 worst_ms=24.7 hitches=0 busy=87%
19:40:45.527 [aurora:info:aurora::gfx::gxcore] GXCore uniform reuse: 89908149 of 114556928 blocks reused
19:40:46.010 [gx-slow-sum] seconds=10 batches=34 total_ms=795 max_ms=71 pipelines=0 textures=0
19:40:46.057 [aurora:info:aurora::gfx::gxcore] GXCore uniform reuse: 90114488 of 114819072 blocks reused
19:40:46.057 [aurora:info:aurora::gfx::gxcore] GXCore uniform reuse: 112470175 of 114819072 blocks reused
19:40:46.432 [perf] retrace=15478 rate=60.0 worst_ms=25.1 hitches=0 busy=92%
19:40:47.457 [perf] retrace=15539 rate=59.5 worst_ms=27.9 hitches=0 busy=88%
19:40:47.599 [aurora:info:aurora::gfx::gxcore] GXCore uniform reuse: 90734296 of 115605504 blocks reused
19:40:48.467 [perf] retrace=15600 rate=60.4 worst_ms=27.0 hitches=0 busy=88%
19:40:48.635 [aurora:info:aurora::gfx::gxcore] GXCore uniform reuse: 91147317 of 116129792 blocks reused
19:40:48.690 [sched] transition pc=0x80307FD0 run_bits=0x00008000 run_hint=0 reschedule=0 thread=0x803E9260 context=0x803E9260 lr=0x80304DF8
19:40:49.245 [interrupt] dispatch-reentered input=0x80304AE0 output=0x80304DF8 srr0=0x8030464C srr1=0x0000B032 msr=0x00001032
19:40:49.245 [interrupt] dispatch-return context=0x803E9260 saved_srr0=0x8030464C saved_srr1=0x0000B032 current=0x803E9260 current_srr0=0x8030464C current_srr1=0x0000B032 cpu_srr0=0x8030464C cpu_srr1=0x0000B032 msr=0x00001032
19:40:49.245 [interrupt] dispatch-return-after pc=0x8030464C srr0=0x8030464C srr1=0x0000B032 msr=0x0000B032
19:40:49.485 [perf] retrace=15661 rate=59.9 worst_ms=26.7 hitches=0 busy=90%
19:40:50.456 [sched] transition pc=0x80307FD0 run_bits=0x00008000 run_hint=0 reschedule=0 thread=0x803E9260 context=0x803E9260 lr=0x80304DF8
19:40:50.509 [perf] retrace=15722 rate=59.6 worst_ms=33.3 hitches=0 busy=90%
19:40:51.541 [perf] retrace=15784 rate=60.1 worst_ms=32.2 hitches=0 busy=88%
19:40:52.249 [aurora:info:aurora::gfx::gxcore] GXCore uniform reuse: 115555471 of 117964800 blocks reused
19:40:52.552 [perf] retrace=15845 rate=60.3 worst_ms=34.0 hitches=0 busy=90%
19:40:52.590 [sched] transition pc=0x80307AB4 run_bits=0x00008000 run_hint=0 reschedule=1 thread=0x803E9260 context=0x803E9260 lr=0x80304DF4
19:40:53.568 [perf] retrace=15906 rate=60.1 worst_ms=30.5 hitches=0 busy=90%
19:40:54.302 [aurora:info:aurora::gfx::gxcore] GXCore uniform reuse: 93418772 of 119013376 blocks reused
19:40:54.572 [perf] retrace=15966 rate=59.8 worst_ms=32.1 hitches=0 busy=87%
19:40:55.340 [aurora:info:aurora::gfx::gxcore] GXCore uniform reuse: 93832459 of 119537664 blocks reused
19:40:55.576 [perf] retrace=16027 rate=60.8 worst_ms=28.8 hitches=0 busy=90%
19:40:55.928 [osmsg] pc=0x80308B88 r3=0x803F7C9C r4=0x80000000 r5=0x803A2960 lr=0x80322F90 used=0 recv_head=0x00000000 recv_tail=0x00000000 thread=0x803A2960 state=2 wait=0x00000000
19:40:56.028 [gx-slow-sum] seconds=10 batches=31 total_ms=638 max_ms=24 pipelines=0 textures=0
19:40:56.586 [perf] retrace=16087 rate=59.4 worst_ms=28.5 hitches=0 busy=89%
19:40:57.597 [perf] retrace=16148 rate=60.4 worst_ms=30.5 hitches=0 busy=90%
19:40:58.604 [perf] retrace=16208 rate=59.6 worst_ms=27.3 hitches=0 busy=88%
19:40:59.621 [perf] retrace=16269 rate=60.0 worst_ms=30.3 hitches=0 busy=88%
19:40:59.996 [aurora:info:aurora::gfx::gxcore] GXCore uniform reuse: 95690455 of 121896960 blocks reused
19:41:00.627 [perf] retrace=16329 rate=59.6 worst_ms=27.3 hitches=0 busy=88%
19:41:01.030 [aurora:info:aurora::gfx::gxcore] GXCore uniform reuse: 96103740 of 122421248 blocks reused
19:41:01.546 [jas-state] retrace=16384 queue_used=0 state=4 saved_pc=0x80307EAC wait=0x806AC798 current=0x803A2960 context=0x803A2960 run_bits=0x00000000 lod_done=1 dsp_pending=0
19:41:01.633 [perf] retrace=16390 rate=60.6 worst_ms=31.9 hitches=0 busy=90%
19:41:02.363 [trace] 12M blocks pc=0x802d8c9c
19:41:02.637 [perf] retrace=16450 rate=59.8 worst_ms=25.9 hitches=0 busy=88%
19:41:03.597 [aurora:info:aurora::gfx::gxcore] GXCore uniform reuse: 97135238 of 123731968 blocks reused
19:41:03.645 [perf] retrace=16510 rate=59.5 worst_ms=28.0 hitches=0 busy=89%
19:41:04.110 [aurora:info:aurora::gfx::gxcore] GXCore uniform reuse: 97342431 of 123994112 blocks reused
19:41:04.660 [perf] retrace=16571 rate=60.1 worst_ms=24.0 hitches=0 busy=90%
19:41:05.668 [perf] retrace=16632 rate=60.5 worst_ms=24.9 hitches=0 busy=87%
19:41:06.490 [gx-slow-sum] seconds=10 batches=17 total_ms=348 max_ms=23 pipelines=0 textures=0
19:41:06.675 [perf] retrace=16692 rate=59.5 worst_ms=28.4 hitches=0 busy=88%
19:41:07.105 [sched] transition pc=0x80307FD0 run_bits=0x00008000 run_hint=0 reschedule=0 thread=0x803E9260 context=0x803E9260 lr=0x80304DF8
19:41:07.695 [perf] retrace=16753 rate=59.9 worst_ms=26.2 hitches=0 busy=88%
19:41:08.245 [aurora:info:aurora::gfx::gxcore] GXCore uniform reuse: 98994353 of 126091264 blocks reused
19:41:08.702 [perf] retrace=16813 rate=59.5 worst_ms=24.7 hitches=0 busy=87%
19:41:09.708 [perf] retrace=16872 rate=58.7 worst_ms=28.7 hitches=0 busy=96%
19:41:09.964 [audio-event] authentic sound_id=0x00007000 voice=-1 pc=0x802904EC blocks=12331692
19:41:10.714 [perf] retrace=16933 rate=60.6 worst_ms=28.1 hitches=0 busy=90%
19:41:11.723 [perf] retrace=16993 rate=59.4 worst_ms=29.2 hitches=0 busy=86%
19:41:11.875 [aurora:info:aurora::gfx::gxcore] GXCore uniform reuse: 100438219 of 127926272 blocks reused
19:41:12.724 [perf] retrace=17053 rate=59.9 worst_ms=27.0 hitches=0 busy=87%
19:41:12.916 [aurora:info:aurora::gfx::gxcore] GXCore uniform reuse: 100851548 of 128450560 blocks reused
19:41:13.437 [aurora:info:aurora::gfx::gxcore] GXCore uniform reuse: 101057775 of 128712704 blocks reused
19:41:13.732 [perf] retrace=17114 rate=60.5 worst_ms=28.5 hitches=0 busy=91%
19:41:14.207 [sched] transition pc=0x80307FD0 run_bits=0x00008000 run_hint=0 reschedule=0 thread=0x803E9260 context=0x803E9260 lr=0x80304DF8
19:41:14.732 [perf] retrace=17174 rate=60.0 worst_ms=25.6 hitches=0 busy=87%
19:41:15.735 [perf] retrace=17234 rate=59.9 worst_ms=27.3 hitches=0 busy=87%
19:41:16.585 [gx-slow-sum] seconds=10 batches=38 total_ms=787 max_ms=24 pipelines=0 textures=0
19:41:16.748 [perf] retrace=17295 rate=60.2 worst_ms=25.6 hitches=0 busy=88%
19:41:17.754 [perf] retrace=17355 rate=59.7 worst_ms=36.2 hitches=0 busy=90%
19:41:18.759 [perf] retrace=17413 rate=57.7 worst_ms=48.7 hitches=0 busy=93%
19:41:19.773 [perf] retrace=17474 rate=60.1 worst_ms=25.9 hitches=0 busy=89%
19:41:20.774 [perf] retrace=17534 rate=59.9 worst_ms=25.5 hitches=0 busy=90%
19:41:21.777 [perf] retrace=17594 rate=59.9 worst_ms=25.3 hitches=0 busy=93%
19:41:22.793 [perf] retrace=17655 rate=60.0 worst_ms=24.5 hitches=0 busy=91%
19:41:23.796 [perf] retrace=17715 rate=59.8 worst_ms=22.3 hitches=0 busy=89%
19:41:24.815 [perf] retrace=17776 rate=59.9 worst_ms=23.0 hitches=0 busy=96%
19:41:25.286 [trace] 13M blocks pc=0x80244f78
19:41:25.829 [perf] retrace=17837 rate=60.1 worst_ms=23.2 hitches=0 busy=91%
19:41:26.680 [gx-slow-sum] seconds=10 batches=49 total_ms=1040 max_ms=30 pipelines=0 textures=0
19:41:26.830 [perf] retrace=17897 rate=59.9 worst_ms=23.2 hitches=0 busy=96%
19:41:27.718 [sched] transition pc=0x80307AB4 run_bits=0x00008000 run_hint=0 reschedule=1 thread=0x803E9260 context=0x803E9260 lr=0x80304DF4
19:41:27.831 [perf] retrace=17957 rate=59.9 worst_ms=21.8 hitches=0 busy=93%
19:41:28.468 [aurora:info:aurora::gfx::gxcore] GXCore uniform reuse: 107044820 of 136314880 blocks reused
19:41:28.832 [perf] retrace=18017 rate=59.9 worst_ms=22.2 hitches=0 busy=88%
19:41:29.833 [perf] retrace=18077 rate=59.9 worst_ms=23.8 hitches=0 busy=92%
19:41:30.834 [perf] retrace=18137 rate=59.9 worst_ms=26.7 hitches=0 busy=93%
19:41:31.835 [perf] retrace=18197 rate=59.9 worst_ms=24.8 hitches=0 busy=92%
19:41:32.836 [perf] retrace=18257 rate=59.9 worst_ms=25.2 hitches=0 busy=94%
19:41:33.837 [perf] retrace=18317 rate=59.9 worst_ms=29.8 hitches=0 busy=92%
19:41:34.840 [perf] retrace=18377 rate=59.8 worst_ms=22.9 hitches=0 busy=92%
19:41:35.711 [aurora:info:aurora::gfx::gxcore] GXCore uniform reuse: 109934992 of 139984896 blocks reused
19:41:35.858 [perf] retrace=18438 rate=60.0 worst_ms=22.8 hitches=0 busy=90%
19:41:36.791 [gx-slow-sum] seconds=10 batches=32 total_ms=658 max_ms=24 pipelines=0 textures=0
19:41:36.859 [perf] retrace=18498 rate=59.9 worst_ms=26.9 hitches=0 busy=91%
19:41:37.275 [aurora:info:aurora::gfx::gxcore] GXCore uniform reuse: 110552765 of 140771328 blocks reused
19:41:37.789 [aurora:info:aurora::gfx::gxcore] GXCore uniform reuse: 110759744 of 141033472 blocks reused
19:41:37.860 [perf] retrace=18558 rate=60.0 worst_ms=26.2 hitches=0 busy=94%
19:41:38.310 [aurora:info:aurora::gfx::gxcore] GXCore uniform reuse: 110965746 of 141295616 blocks reused
19:41:38.861 [perf] retrace=18618 rate=59.9 worst_ms=23.7 hitches=0 busy=91%
19:41:39.345 [aurora:info:aurora::gfx::gxcore] GXCore uniform reuse: 111378506 of 141819904 blocks reused
19:41:39.877 [perf] retrace=18679 rate=60.1 worst_ms=20.3 hitches=0 busy=88%
19:41:40.380 [aurora:info:aurora::gfx::gxcore] GXCore uniform reuse: 111791210 of 142344192 blocks reused
19:41:40.879 [perf] retrace=18738 rate=58.9 worst_ms=31.0 hitches=0 busy=92%
19:41:40.928 [osmsg] pc=0x80308B88 r3=0x803EA580 r4=0x00000001 r5=0x0000000F lr=0x80305A80 used=0 recv_head=0x00000000 recv_tail=0x00000000 thread=0x803E9260 state=2 wait=0x00000000
19:41:41.425 [aurora:info:aurora::gfx::gxcore] GXCore uniform reuse: 112204492 of 142868480 blocks reused
19:41:41.884 [perf] retrace=18799 rate=60.7 worst_ms=29.4 hitches=0 busy=90%
19:41:42.453 [aurora:info:aurora::gfx::gxcore] GXCore uniform reuse: 140516156 of 143392768 blocks reused
19:41:42.909 [perf] retrace=18860 rate=59.5 worst_ms=30.8 hitches=0 busy=86%
19:41:43.920 [perf] retrace=18921 rate=60.3 worst_ms=29.2 hitches=0 busy=90%
19:41:44.005 [aurora:info:aurora::gfx::gxcore] GXCore uniform reuse: 113236981 of 144179200 blocks reused
19:41:44.921 [perf] retrace=18981 rate=60.0 worst_ms=25.2 hitches=0 busy=93%
19:41:45.923 [perf] retrace=19041 rate=59.9 worst_ms=23.0 hitches=0 busy=91%
19:41:46.941 [perf] retrace=19102 rate=59.9 worst_ms=25.7 hitches=0 busy=89%
19:41:47.149 [gx-slow-sum] seconds=10 batches=31 total_ms=639 max_ms=33 pipelines=0 textures=0
19:41:47.957 [perf] retrace=19163 rate=60.0 worst_ms=24.4 hitches=0 busy=91%
19:41:48.159 [trace] 14M blocks pc=0x80307ef4
19:41:48.649 [aurora:info:aurora::gfx::gxcore] GXCore uniform reuse: 115095060 of 146538496 blocks reused
19:41:48.958 [perf] retrace=19223 rate=60.0 worst_ms=21.4 hitches=0 busy=87%
19:41:49.689 [aurora:info:aurora::gfx::gxcore] GXCore uniform reuse: 115508309 of 147062784 blocks reused
19:41:49.964 [perf] retrace=19283 rate=59.6 worst_ms=25.9 hitches=0 busy=88%
19:41:50.201 [aurora:info:aurora::gfx::gxcore] GXCore uniform reuse: 115714539 of 147324928 blocks reused
19:41:50.595 [audio-lifecycle] pc=0x80296860 r3=0x00000008 r4=0x00000000 r5=0x00000000 blocks=14106491
19:41:50.595 [audio-sequence-contract] entered base=0x80774B10 slot0=0x8076B1D4 state=4 flags=0x04030000 id=0x80000001 slot1=0x00000000 state=0 flags=0x00000000 id=0x00000000 slot2=0x8076B190 state=4 flags=0x04030000 id=0x80000800 slot4=0x3F800000 state=0 flags=0x00000000 id=0x00000000 blocks=14106491
19:41:50.595 [audio-sequence-metadata] pc=0x80296860 base=0x80774BB0 slot=2 f0=0 f1=0 f2=0 f3=0 f4=0x00000000 f8=0x00000000 f48=0x8076B190 blocks=14106491
19:41:50.712 [aurora:info:aurora::gfx::gxcore] GXCore uniform reuse: 115921559 of 147587072 blocks reused
19:41:50.972 [perf] retrace=19344 rate=60.5 worst_ms=24.9 hitches=0 busy=88%
19:41:51.237 [aurora:info:aurora::gfx::gxcore] GXCore uniform reuse: 116127835 of 147849216 blocks reused
19:41:51.237 [aurora:info:aurora::gfx::gxcore] GXCore uniform reuse: 144887553 of 147849216 blocks reused
19:41:51.433 [osmsg] pc=0x80308B88 r3=0x803EA588 r4=0x00000000 r5=0x803EA5A0 lr=0x803059A4 used=1 recv_head=0x803EA5A0 recv_tail=0x00000010 thread=0x803E9260 state=2 wait=0x00000000
19:41:51.972 [perf] retrace=19404 rate=60.0 worst_ms=26.2 hitches=0 busy=89%
19:41:52.982 [perf] retrace=19464 rate=59.4 worst_ms=21.5 hitches=0 busy=88%
19:41:53.819 [aurora:info:aurora::gfx::gxcore] GXCore uniform reuse: 117160667 of 149159936 blocks reused
19:41:53.996 [perf] retrace=19525 rate=60.1 worst_ms=22.3 hitches=0 busy=92%
19:41:55.004 [osmsg] pc=0x80308B88 r3=0x803F7C9C r4=0x80000000 r5=0x803A2960 lr=0x80322F90 used=0 recv_head=0x00000000 recv_tail=0x00000000 thread=0x803A2960 state=2 wait=0x00000000
19:41:55.009 [perf] retrace=19586 rate=60.3 worst_ms=25.9 hitches=0 busy=94%
19:41:56.009 [perf] retrace=19646 rate=59.9 worst_ms=28.2 hitches=0 busy=92%
19:41:56.412 [aurora:info:aurora::gfx::gxcore] GXCore uniform reuse: 118192378 of 150470656 blocks reused
19:41:57.010 [perf] retrace=19706 rate=59.9 worst_ms=22.4 hitches=0 busy=90%
19:41:57.238 [gx-slow-sum] seconds=10 batches=47 total_ms=968 max_ms=27 pipelines=0 textures=0
19:41:57.954 [aurora:info:aurora::gfx::gxcore] GXCore uniform reuse: 118810948 of 151257088 blocks reused
19:41:58.011 [perf] retrace=19766 rate=59.9 worst_ms=24.6 hitches=0 busy=90%
19:41:59.012 [perf] retrace=19826 rate=59.9 worst_ms=23.9 hitches=0 busy=92%
19:42:00.013 [perf] retrace=19886 rate=59.9 worst_ms=20.9 hitches=0 busy=91%
19:42:01.014 [perf] retrace=19946 rate=59.9 worst_ms=18.1 hitches=0 busy=91%
19:42:01.033 [aurora:info:aurora::gfx::gxcore] GXCore uniform reuse: 120047377 of 152829952 blocks reused
19:42:02.018 [perf] retrace=20006 rate=59.8 worst_ms=23.7 hitches=0 busy=93%
19:42:03.019 [perf] retrace=20066 rate=60.0 worst_ms=27.2 hitches=0 busy=95%
19:42:04.019 [perf] retrace=20126 rate=60.0 worst_ms=20.7 hitches=0 busy=93%
19:42:04.657 [aurora:info:aurora::gfx::gxcore] GXCore uniform reuse: 121492653 of 154664960 blocks reused
19:42:05.024 [perf] retrace=20186 rate=59.7 worst_ms=22.8 hitches=0 busy=93%
19:42:06.024 [perf] retrace=20246 rate=60.0 worst_ms=26.5 hitches=0 busy=95%
19:42:06.713 [aurora:info:aurora::gfx::gxcore] GXCore uniform reuse: 122319219 of 155713536 blocks reused
19:42:07.029 [perf] retrace=20306 rate=59.7 worst_ms=24.7 hitches=0 busy=94%
19:42:07.235 [aurora:info:aurora::gfx::gxcore] GXCore uniform reuse: 122525873 of 155975680 blocks reused
19:42:07.853 [gx-slow-sum] seconds=10 batches=53 total_ms=1096 max_ms=24 pipelines=0 textures=0
19:42:08.038 [perf] retrace=20367 rate=60.4 worst_ms=23.6 hitches=0 busy=90%
19:42:09.039 [perf] retrace=20427 rate=59.9 worst_ms=20.4 hitches=0 busy=90%
19:42:09.575 [osmsg] pc=0x80308B88 r3=0x803EA588 r4=0x00000000 r5=0x803EA5A0 lr=0x803059A4 used=1 recv_head=0x803EA5A0 recv_tail=0x00000010 thread=0x803E9260 state=2 wait=0x00000000
19:42:10.040 [perf] retrace=20487 rate=59.9 worst_ms=32.1 hitches=0 busy=92%
19:42:11.022 [trace] 15M blocks pc=0x80249308
19:42:11.041 [perf] retrace=20547 rate=59.9 worst_ms=23.6 hitches=0 busy=90%
19:42:12.042 [perf] retrace=20607 rate=59.9 worst_ms=21.6 hitches=0 busy=89%
19:42:13.047 [perf] retrace=20667 rate=59.7 worst_ms=24.5 hitches=0 busy=90%
19:42:13.424 [aurora:info:aurora::gfx::gxcore] GXCore uniform reuse: 125004952 of 159121408 blocks reused
19:42:13.953 [aurora:info:aurora::gfx::gxcore] GXCore uniform reuse: 125211514 of 159383552 blocks reused
19:42:14.064 [perf] retrace=20728 rate=60.0 worst_ms=22.6 hitches=0 busy=89%
19:42:14.462 [aurora:info:aurora::gfx::gxcore] GXCore uniform reuse: 125418525 of 159645696 blocks reused
19:42:15.065 [perf] retrace=20788 rate=59.9 worst_ms=22.0 hitches=0 busy=88%
19:42:16.065 [perf] retrace=20848 rate=60.0 worst_ms=22.5 hitches=0 busy=89%
19:42:16.531 [aurora:info:aurora::gfx::gxcore] GXCore uniform reuse: 126244487 of 160694272 blocks reused
19:42:17.067 [perf] retrace=20908 rate=59.9 worst_ms=22.7 hitches=0 busy=93%
19:42:17.910 [gx-slow-sum] seconds=10 batches=32 total_ms=685 max_ms=29 pipelines=0 textures=0
19:42:18.082 [perf] retrace=20969 rate=60.1 worst_ms=27.1 hitches=0 busy=92%
19:42:19.017 [osmsg] pc=0x80308B88 r3=0x803EA580 r4=0x00000001 r5=0x00000005 lr=0x80305A80 used=0 recv_head=0x00000000 recv_tail=0x00000000 thread=0x803E9260 state=2 wait=0x00000000
19:42:19.083 [perf] retrace=21029 rate=59.9 worst_ms=18.4 hitches=0 busy=89%
19:42:20.084 [perf] retrace=21089 rate=59.9 worst_ms=21.9 hitches=0 busy=89%
19:42:20.116 [audio-lifecycle] pc=0x80296844 r3=0x00000003 r4=0x8076B190 r5=0x00000000 blocks=15397431
19:42:21.085 [perf] retrace=21149 rate=59.9 worst_ms=20.8 hitches=0 busy=90%
19:42:21.548 [osmsg] pc=0x80308B88 r3=0x803EA588 r4=0x00000000 r5=0x803EA5A0 lr=0x803059A4 used=1 recv_head=0x803EA5A0 recv_tail=0x00000010 thread=0x803E9260 state=2 wait=0x00000000
19:42:22.088 [perf] retrace=21209 rate=59.8 worst_ms=20.8 hitches=0 busy=89%
19:42:23.091 [perf] retrace=21269 rate=59.8 worst_ms=24.7 hitches=0 busy=91%
19:42:23.942 [osmsg] pc=0x80308B88 r3=0x803EA580 r4=0x00000001 r5=0x00000010 lr=0x80305A80 used=0 recv_head=0x00000000 recv_tail=0x00000000 thread=0x803E9260 state=2 wait=0x00000000
19:42:24.093 [perf] retrace=21329 rate=59.9 worst_ms=24.9 hitches=0 busy=93%
19:42:24.320 [frame] draw-iter root=0x803F6178 lists=0x803B9E80 count=1000 sizes=1,0,1,1,1,1,0,1,0,0 list1_head=0x00000000 priority104_head=0x80AADABC priority104_size=1 node_data=0x80372028 tag_data=0x80ABE558 tag_use=1
19:42:24.488 [osmsg] pc=0x80308B88 r3=0x803EA580 r4=0x00000001 r5=0x00000003 lr=0x80305A80 used=0 recv_head=0x00000000 recv_tail=0x00000000 thread=0x803E9260 state=2 wait=0x00000000
19:42:24.921 [render-slow] acquire-drawable ms=39
19:42:25.098 [perf] retrace=21387 rate=57.7 worst_ms=42.0 hitches=0 busy=89%
19:42:25.355 [render-slow] acquire-drawable ms=61
19:42:25.355 [render-slow] ms=94 item=end-frame frame=11979 pass=0
19:42:25.356 [gx-slow] batch_ms=64 bytes=184 pipelines=0 textures=0
19:42:26.110 [perf] retrace=21444 rate=56.3 worst_ms=73.9 hitches=1 busy=87%
19:42:27.004 [render-slow] acquire-drawable ms=43
19:42:27.114 [perf] retrace=21502 rate=57.8 worst_ms=50.6 hitches=1 busy=88%
19:42:27.165 [osmsg] pc=0x80308B88 r3=0x803EA580 r4=0x00000001 r5=0x0000000F lr=0x80305A80 used=0 recv_head=0x00000000 recv_tail=0x00000000 thread=0x803E9260 state=2 wait=0x00000000
19:42:27.535 [aurora:info:aurora::gfx::gxcore] GXCore uniform reuse: 162876551 of 166199296 blocks reused
19:42:27.738 [render-slow] acquire-drawable ms=67
19:42:27.738 [render-slow] ms=105 item=end-frame frame=12047 pass=0
19:42:27.738 [gx-slow] batch_ms=77 bytes=184 pipelines=0 textures=0
19:42:27.808 [audio-lifecycle] pc=0x80296F00 r3=0x00000003 r4=0x8076B190 r5=0x00000000 blocks=15724530
19:42:27.934 [gx-slow-sum] seconds=10 batches=45 total_ms=1064 max_ms=77 pipelines=0 textures=0
19:42:28.116 [perf] retrace=21558 rate=55.9 worst_ms=89.4 hitches=1 busy=85%
19:42:28.538 [render-slow] acquire-drawable ms=47
19:42:28.669 [aurora:info:aurora::gfx::gxcore] GXCore uniform reuse: 130992568 of 166723584 blocks reused
19:42:29.137 [perf] retrace=21618 rate=58.8 worst_ms=49.8 hitches=0 busy=89%
19:42:29.707 [aurora:info:aurora::gfx::gxcore] GXCore uniform reuse: 131405846 of 167247872 blocks reused
19:42:30.137 [perf] retrace=21677 rate=59.0 worst_ms=28.7 hitches=0 busy=92%
19:42:31.142 [perf] retrace=21737 rate=59.7 worst_ms=34.1 hitches=0 busy=92%
19:42:32.149 [perf] retrace=21798 rate=60.6 worst_ms=35.7 hitches=0 busy=90%
19:42:33.151 [perf] retrace=21858 rate=59.9 worst_ms=34.9 hitches=0 busy=90%
19:42:34.130 [trace] 16M blocks pc=0x8030464c
19:42:34.153 [perf] retrace=21918 rate=59.9 worst_ms=33.6 hitches=0 busy=91%
19:42:34.871 [aurora:info:aurora::gfx::gxcore] GXCore uniform reuse: 133470403 of 169869312 blocks reused
19:42:35.162 [perf] retrace=21978 rate=59.4 worst_ms=33.2 hitches=0 busy=92%
19:42:36.174 [perf] retrace=22039 rate=60.3 worst_ms=30.8 hitches=0 busy=91%
19:42:36.940 [aurora:info:aurora::gfx::gxcore] GXCore uniform reuse: 134296295 of 170917888 blocks reused
19:42:37.183 [perf] retrace=22100 rate=60.5 worst_ms=31.1 hitches=0 busy=93%
19:42:37.977 [aurora:info:aurora::gfx::gxcore] GXCore uniform reuse: 134709414 of 171442176 blocks reused
19:42:38.202 [perf] retrace=22161 rate=59.8 worst_ms=29.8 hitches=0 busy=90%
19:42:38.519 [gx-slow-sum] seconds=10 batches=30 total_ms=634 max_ms=37 pipelines=0 textures=0
19:42:39.002 [aurora:info:aurora::gfx::gxcore] GXCore uniform reuse: 135122523 of 171966464 blocks reused
19:42:39.214 [perf] retrace=22222 rate=60.3 worst_ms=29.0 hitches=0 busy=88%
19:42:39.540 [aurora:info:aurora::gfx::gxcore] GXCore uniform reuse: 135328671 of 172228608 blocks reused
19:42:40.046 [aurora:info:aurora::gfx::gxcore] GXCore uniform reuse: 135535631 of 172490752 blocks reused
19:42:40.216 [perf] retrace=22282 rate=59.9 worst_ms=27.0 hitches=0 busy=89%
19:42:40.565 [aurora:info:aurora::gfx::gxcore] GXCore uniform reuse: 135741802 of 172752896 blocks reused
19:42:41.079 [aurora:info:aurora::gfx::gxcore] GXCore uniform reuse: 135948654 of 173015040 blocks reused
19:42:41.234 [perf] retrace=22342 rate=58.9 worst_ms=25.4 hitches=0 busy=96%
19:42:41.605 [aurora:info:aurora::gfx::gxcore] GXCore uniform reuse: 136154831 of 173277184 blocks reused
19:42:41.966 [interrupt] dispatch-reentered input=0x80304AE0 output=0x80304DF8 srr0=0x8030464C srr1=0x0000B032 msr=0x00001032
19:42:41.966 [interrupt] dispatch-return context=0x803E9260 saved_srr0=0x8030464C saved_srr1=0x0000B032 current=0x803E9260 current_srr0=0x8030464C current_srr1=0x0000B032 cpu_srr0=0x8030464C cpu_srr1=0x0000B032 msr=0x00001032
19:42:42.115 [aurora:info:aurora::gfx::gxcore] GXCore uniform reuse: 136361767 of 173539328 blocks reused
19:42:42.218 [audio-note] authentic pc=0x8028892C bank=21 program=70 key=86 velocity=255 param=0x00000000 blocks=16353879
19:42:42.252 [perf] retrace=22404 rate=60.9 worst_ms=24.2 hitches=0 busy=93%
19:42:42.639 [aurora:info:aurora::gfx::gxcore] GXCore uniform reuse: 136567847 of 173801472 blocks reused
19:42:43.145 [aurora:info:aurora::gfx::gxcore] GXCore uniform reuse: 136774633 of 174063616 blocks reused
19:42:43.257 [perf] retrace=22464 rate=59.7 worst_ms=24.5 hitches=0 busy=89%
19:42:43.456 [audio-lifecycle] pc=0x8029046C r3=0x803A2CE8 r4=0x0000000C r5=0x803C522C blocks=16408001
19:42:43.678 [aurora:info:aurora::gfx::gxcore] GXCore uniform reuse: 136980717 of 174325760 blocks reused
19:42:44.184 [aurora:info:aurora::gfx::gxcore] GXCore uniform reuse: 137187589 of 174587904 blocks reused
19:42:44.261 [perf] retrace=22524 rate=59.8 worst_ms=25.0 hitches=0 busy=94%
19:42:45.262 [perf] retrace=22585 rate=60.9 worst_ms=26.1 hitches=0 busy=91%
19:42:46.271 [perf] retrace=22645 rate=59.4 worst_ms=25.7 hitches=0 busy=88%
19:42:47.172 [osmsg] pc=0x80308B88 r3=0x803ED758 r4=0x00000000 r5=0x0000B032 lr=0x80306014 used=2150329444 recv_head=0x00000000 recv_tail=0x00000000 thread=0x803A2960 state=2 wait=0x00000000
19:42:47.289 [perf] retrace=22706 rate=60.0 worst_ms=24.6 hitches=0 busy=90%
19:42:47.759 [osmsg] pc=0x80308B88 r3=0x803EA580 r4=0x00000001 r5=0x00000008 lr=0x80305A80 used=0 recv_head=0x00000000 recv_tail=0x00000000 thread=0x803E9260 state=2 wait=0x00000000
19:42:48.292 [perf] retrace=22766 rate=59.8 worst_ms=24.0 hitches=0 busy=90%
19:42:48.771 [gx-slow-sum] seconds=10 batches=60 total_ms=1230 max_ms=23 pipelines=0 textures=0
19:42:49.301 [perf] retrace=22826 rate=59.4 worst_ms=22.6 hitches=0 busy=88%
19:42:49.869 [aurora:info:aurora::gfx::gxcore] GXCore uniform reuse: 139456155 of 177471488 blocks reused
19:42:50.309 [perf] retrace=22887 rate=60.5 worst_ms=28.0 hitches=0 busy=90%
19:42:51.325 [perf] retrace=22948 rate=60.0 worst_ms=23.7 hitches=0 busy=90%
19:42:51.924 [aurora:info:aurora::gfx::gxcore] GXCore uniform reuse: 140280666 of 178520064 blocks reused
19:42:52.327 [perf] retrace=23008 rate=59.8 worst_ms=26.2 hitches=0 busy=90%
19:42:52.447 [aurora:info:aurora::gfx::gxcore] GXCore uniform reuse: 140486988 of 178782208 blocks reused
19:42:52.840 [interrupt] dispatch-return context=0x803E9260 saved_srr0=0x8030464C saved_srr1=0x0000B032 current=0x803E9260 current_srr0=0x8030464C current_srr1=0x0000B032 cpu_srr0=0x8030464C cpu_srr1=0x0000B032 msr=0x00001032
19:42:52.951 [aurora:info:aurora::gfx::gxcore] GXCore uniform reuse: 140694066 of 179044352 blocks reused
19:42:52.951 [aurora:info:aurora::gfx::gxcore] GXCore uniform reuse: 175485846 of 179044352 blocks reused
19:42:53.338 [perf] retrace=23069 rate=60.3 worst_ms=25.2 hitches=0 busy=90%
19:42:54.341 [perf] retrace=23129 rate=59.8 worst_ms=36.7 hitches=0 busy=90%
19:42:55.355 [perf] retrace=23190 rate=60.2 worst_ms=35.7 hitches=0 busy=89%
19:42:56.356 [perf] retrace=23250 rate=59.9 worst_ms=33.4 hitches=0 busy=90%
19:42:56.977 [trace] 17M blocks pc=0x80244f78
19:42:57.360 [perf] retrace=23310 rate=59.7 worst_ms=36.2 hitches=0 busy=90%
19:42:58.367 [perf] retrace=23371 rate=60.6 worst_ms=29.5 hitches=0 busy=91%
19:42:58.879 [gx-slow-sum] seconds=10 batches=30 total_ms=619 max_ms=23 pipelines=0 textures=0
19:42:59.373 [perf] retrace=23431 rate=59.7 worst_ms=29.8 hitches=0 busy=93%
19:43:00.380 [perf] retrace=23491 rate=59.6 worst_ms=25.6 hitches=0 busy=90%
19:43:00.409 [audio-lifecycle] pc=0x8029684C r3=0x00000003 r4=0x8076B190 r5=0x00000000 blocks=17149782
19:43:01.005 [osmsg] pc=0x80308B88 r3=0x803EA588 r4=0x00000000 r5=0x803EA5A0 lr=0x803059A4 used=1 recv_head=0x803EA5A0 recv_tail=0x00000010 thread=0x803E9260 state=2 wait=0x00000000
19:43:01.392 [perf] retrace=23552 rate=60.3 worst_ms=25.1 hitches=0 busy=95%
19:43:02.253 [aurora:info:aurora::gfx::gxcore] GXCore uniform reuse: 144409899 of 183762944 blocks reused
19:43:02.394 [perf] retrace=23612 rate=59.8 worst_ms=24.5 hitches=0 busy=89%
19:43:03.407 [perf] retrace=23673 rate=60.2 worst_ms=23.9 hitches=0 busy=92%
19:43:03.798 [aurora:info:aurora::gfx::gxcore] GXCore uniform reuse: 145030282 of 184549376 blocks reused
19:43:04.415 [perf] retrace=23733 rate=59.6 worst_ms=32.3 hitches=0 busy=91%
19:43:05.420 [perf] retrace=23794 rate=60.7 worst_ms=29.1 hitches=0 busy=92%
19:43:06.420 [perf] retrace=23853 rate=59.0 worst_ms=28.1 hitches=0 busy=92%
19:43:07.429 [aurora:info:aurora::gfx::gxcore] GXCore uniform reuse: 146475140 of 186384384 blocks reused
19:43:07.436 [perf] retrace=23914 rate=60.0 worst_ms=23.4 hitches=0 busy=89%
19:43:08.448 [aurora:info:aurora::gfx::gxcore] GXCore uniform reuse: 183200108 of 186908672 blocks reused
19:43:08.451 [perf] retrace=23975 rate=60.1 worst_ms=24.6 hitches=0 busy=91%
19:43:08.905 [render-slow] acquire-drawable ms=64
19:43:09.358 [gx-slow-sum] seconds=10 batches=38 total_ms=812 max_ms=44 pipelines=0 textures=0
19:43:09.458 [perf] retrace=24033 rate=57.6 worst_ms=53.9 hitches=1 busy=87%
19:43:10.458 [perf] retrace=24093 rate=60.0 worst_ms=24.5 hitches=0 busy=91%
19:43:10.553 [aurora:info:aurora::gfx::gxcore] GXCore uniform reuse: 147715720 of 187957248 blocks reused
19:43:11.463 [perf] retrace=24153 rate=59.7 worst_ms=22.4 hitches=0 busy=91%
19:43:12.474 [perf] retrace=24213 rate=59.3 worst_ms=28.7 hitches=0 busy=93%
19:43:13.494 [perf] retrace=24274 rate=59.8 worst_ms=30.2 hitches=0 busy=93%
19:43:14.508 [perf] retrace=24335 rate=60.1 worst_ms=28.9 hitches=0 busy=94%
19:43:15.508 [perf] retrace=24395 rate=60.0 worst_ms=24.4 hitches=0 busy=90%
19:43:15.728 [aurora:info:aurora::gfx::gxcore] GXCore uniform reuse: 149781272 of 190578688 blocks reused
19:43:16.513 [perf] retrace=24455 rate=59.7 worst_ms=23.1 hitches=0 busy=90%
19:43:16.759 [aurora:info:aurora::gfx::gxcore] GXCore uniform reuse: 187308371 of 191102976 blocks reused
19:43:17.531 [perf] retrace=24516 rate=59.9 worst_ms=24.0 hitches=0 busy=89%
19:43:17.597 [audio-lifecycle] pc=0x8029057C r3=0x803A2CE8 r4=0x00007001 r5=0x803A4BB0 blocks=17899671
19:43:18.546 [perf] retrace=24577 rate=60.1 worst_ms=26.8 hitches=0 busy=91%
19:43:18.819 [aurora:info:aurora::gfx::gxcore] GXCore uniform reuse: 151021030 of 192151552 blocks reused
19:43:19.336 [aurora:info:aurora::gfx::gxcore] GXCore uniform reuse: 151227881 of 192413696 blocks reused
19:43:19.548 [perf] retrace=24637 rate=59.9 worst_ms=36.5 hitches=0 busy=90%
19:43:19.906 [trace] 18M blocks pc=0x80307ef4
19:43:19.941 [gx-slow-sum] seconds=10 batches=22 total_ms=459 max_ms=26 pipelines=0 textures=0
19:43:20.549 [perf] retrace=24698 rate=60.9 worst_ms=35.2 hitches=0 busy=94%
19:43:20.868 [aurora:info:aurora::gfx::gxcore] GXCore uniform reuse: 151849545 of 193200128 blocks reused
19:43:21.416 [interrupt] dispatch-return context=0x803E9260 saved_srr0=0x8030464C saved_srr1=0x0000B032 current=0x803E9260 current_srr0=0x8030464C current_srr1=0x0000B032 cpu_srr0=0x8030464C cpu_srr1=0x0000B032 msr=0x00001032
19:43:21.551 [perf] retrace=24758 rate=59.9 worst_ms=30.9 hitches=0 busy=93%
19:43:21.909 [osmsg] pc=0x80308B88 r3=0x803EA588 r4=0x00000000 r5=0x803EA5A0 lr=0x803059A4 used=1 recv_head=0x803EA5A0 recv_tail=0x00000010 thread=0x803E9260 state=2 wait=0x00000000
19:43:22.555 [perf] retrace=24819 rate=60.8 worst_ms=24.3 hitches=0 busy=93%
19:43:22.816 [osmsg] pc=0x80308B88 r3=0x803EA588 r4=0x00000000 r5=0x803EA5A0 lr=0x803059A4 used=1 recv_head=0x803EA5A0 recv_tail=0x00000010 thread=0x803E9260 state=2 wait=0x00000000
19:43:23.574 [perf] retrace=24880 rate=59.9 worst_ms=23.1 hitches=0 busy=90%
19:43:23.928 [audio-lifecycle] pc=0x8029057C r3=0x803A2CE8 r4=0x00007004 r5=0x803A4BB8 blocks=18177291
19:43:23.968 [aurora:info:aurora::gfx::gxcore] GXCore uniform reuse: 153088904 of 194772992 blocks reused
19:43:24.486 [aurora:info:aurora::gfx::gxcore] GXCore uniform reuse: 153295351 of 195035136 blocks reused
19:43:24.575 [perf] retrace=24940 rate=59.9 worst_ms=22.8 hitches=0 busy=91%
19:43:25.002 [aurora:info:aurora::gfx::gxcore] GXCore uniform reuse: 153502550 of 195297280 blocks reused
19:43:25.595 [perf] retrace=25001 rate=59.8 worst_ms=28.8 hitches=0 busy=89%
19:43:26.613 [perf] retrace=25062 rate=59.9 worst_ms=24.4 hitches=0 busy=90%
19:43:27.614 [perf] retrace=25122 rate=59.9 worst_ms=25.3 hitches=0 busy=94%
19:43:27.681 [osmsg] pc=0x80308B88 r3=0x803EA580 r4=0x00000001 r5=0x00000005 lr=0x80305A80 used=0 recv_head=0x00000000 recv_tail=0x00000000 thread=0x803E9260 state=2 wait=0x00000000
19:43:28.481 [osmsg] pc=0x80308B88 r3=0x803EA588 r4=0x00000000 r5=0x803EA5A0 lr=0x803059A4 used=1 recv_head=0x803EA5A0 recv_tail=0x00000010 thread=0x803E9260 state=2 wait=0x00000000
19:43:28.620 [perf] retrace=25183 rate=60.6 worst_ms=22.7 hitches=0 busy=90%
19:43:29.636 [perf] retrace=25242 rate=58.1 worst_ms=25.3 hitches=0 busy=93%
19:43:30.238 [gx-slow-sum] seconds=10 batches=27 total_ms=562 max_ms=25 pipelines=0 textures=0
19:43:30.642 [perf] retrace=25303 rate=60.6 worst_ms=25.7 hitches=0 busy=95%
19:43:31.647 [perf] retrace=25363 rate=59.7 worst_ms=25.1 hitches=0 busy=92%
19:43:32.662 [perf] retrace=25424 rate=60.1 worst_ms=24.9 hitches=0 busy=89%
19:43:33.680 [perf] retrace=25485 rate=59.9 worst_ms=25.5 hitches=0 busy=90%
19:43:33.707 [osmsg] pc=0x80308B88 r3=0x803B5004 r4=0x00000000 r5=0x0000B032 lr=0x80306014 used=2151323264 recv_head=0x00000000 recv_tail=0x00000000 thread=0x803A2960 state=2 wait=0x00000000
19:43:33.810 [aurora:info:aurora::gfx::gxcore] GXCore uniform reuse: 157011814 of 199753728 blocks reused
19:43:34.690 [perf] retrace=25546 rate=60.4 worst_ms=32.1 hitches=0 busy=90%
19:43:34.844 [aurora:info:aurora::gfx::gxcore] GXCore uniform reuse: 157425206 of 200278016 blocks reused
19:43:35.694 [perf] retrace=25606 rate=59.8 worst_ms=34.2 hitches=0 busy=92%
19:43:36.032 [osmsg] pc=0x80308B88 r3=0x803EA588 r4=0x00000000 r5=0x803EA5A0 lr=0x803059A4 used=1 recv_head=0x803EA5A0 recv_tail=0x00000010 thread=0x803E9260 state=2 wait=0x00000000
19:43:36.701 [perf] retrace=25667 rate=60.6 worst_ms=30.1 hitches=0 busy=92%
19:43:37.711 [perf] retrace=25727 rate=59.4 worst_ms=31.4 hitches=0 busy=90%
19:43:37.935 [aurora:info:aurora::gfx::gxcore] GXCore uniform reuse: 158664168 of 201850880 blocks reused
19:43:38.655 [render-slow] acquire-drawable ms=54
19:43:38.663 [render-slow] ms=86 item=end-frame frame=14168 pass=0
19:43:38.663 [gx-slow] batch_ms=56 bytes=184 pipelines=0 textures=0
19:43:38.725 [perf] retrace=25785 rate=57.2 worst_ms=71.3 hitches=1 busy=87%
19:43:38.996 [aurora:info:aurora::gfx::gxcore] GXCore uniform reuse: 159077457 of 202375168 blocks reused
19:43:39.517 [aurora:info:aurora::gfx::gxcore] GXCore uniform reuse: 159283991 of 202637312 blocks reused
19:43:39.732 [perf] retrace=25846 rate=60.6 worst_ms=25.1 hitches=0 busy=92%
19:43:40.618 [gx-slow-sum] seconds=10 batches=21 total_ms=462 max_ms=56 pipelines=0 textures=0
19:43:40.736 [perf] retrace=25906 rate=59.7 worst_ms=24.8 hitches=0 busy=90%
19:43:41.742 [perf] retrace=25965 rate=58.7 worst_ms=26.7 hitches=0 busy=92%
19:43:42.019 [audio-event] authentic sound_id=0x00007001 voice=-1 pc=0x802904EC blocks=18965709
19:43:42.743 [perf] retrace=26025 rate=59.9 worst_ms=22.8 hitches=0 busy=94%
19:43:42.810 [trace] 19M blocks pc=0x80307ef4
19:43:43.161 [aurora:info:aurora::gfx::gxcore] GXCore uniform reuse: 160729623 of 204472320 blocks reused
19:43:43.748 [perf] retrace=26084 rate=58.7 worst_ms=31.2 hitches=0 busy=91%
19:43:44.759 [perf] retrace=26145 rate=60.3 worst_ms=28.8 hitches=0 busy=92%
19:43:45.761 [perf] retrace=26204 rate=58.9 worst_ms=34.0 hitches=0 busy=90%
19:43:45.788 [aurora:info:aurora::gfx::gxcore] GXCore uniform reuse: 161761246 of 205783040 blocks reused
19:43:46.780 [perf] retrace=26265 rate=59.9 worst_ms=24.6 hitches=0 busy=91%
19:43:47.066 [audio-lifecycle] pc=0x8029057C r3=0x803A2CE8 r4=0x0000303D r5=0x803A2E0C blocks=19184678
19:43:47.787 [perf] retrace=26325 rate=59.6 worst_ms=23.3 hitches=0 busy=92%
19:43:48.360 [aurora:info:aurora::gfx::gxcore] GXCore uniform reuse: 162793063 of 207093760 blocks reused
19:43:48.787 [perf] retrace=26385 rate=60.0 worst_ms=24.4 hitches=0 busy=92%
19:43:48.876 [aurora:info:aurora::gfx::gxcore] GXCore uniform reuse: 163000156 of 207355904 blocks reused
19:43:49.796 [perf] retrace=26446 rate=60.5 worst_ms=25.7 hitches=0 busy=90%
19:43:50.677 [gx-slow-sum] seconds=10 batches=30 total_ms=627 max_ms=27 pipelines=0 textures=0
19:43:50.803 [perf] retrace=26505 rate=58.6 worst_ms=38.8 hitches=0 busy=94%
19:43:51.808 [perf] retrace=26565 rate=59.7 worst_ms=24.8 hitches=0 busy=90%
19:43:52.712 [scene] request pc=0x8002A2EC r1=0x8040CF10 r3=0x00000001 r4=0x804D8D60 r5=0x006C7400 r6=0x80307EAC lr=0x80029FAC
19:43:52.808 [perf] retrace=26625 rate=60.0 worst_ms=26.1 hitches=0 busy=89%
19:43:53.033 [aurora:info:aurora::gfx::gxcore] GXCore uniform reuse: 164652138 of 209453056 blocks reused
19:43:53.811 [perf] retrace=26685 rate=59.8 worst_ms=24.7 hitches=0 busy=88%
19:43:54.819 [perf] retrace=26746 rate=60.5 worst_ms=25.0 hitches=0 busy=88%
19:43:55.619 [aurora:info:aurora::gfx::gxcore] GXCore uniform reuse: 165683825 of 210763776 blocks reused
19:43:55.835 [perf] retrace=26807 rate=60.1 worst_ms=37.3 hitches=0 busy=89%
19:43:56.647 [aurora:info:aurora::gfx::gxcore] GXCore uniform reuse: 166097378 of 211288064 blocks reused
19:43:56.842 [perf] retrace=26867 rate=59.6 worst_ms=37.9 hitches=0 busy=87%
19:43:57.848 [perf] retrace=26928 rate=60.6 worst_ms=33.2 hitches=0 busy=91%
19:43:58.707 [aurora:info:aurora::gfx::gxcore] GXCore uniform reuse: 166923378 of 212336640 blocks reused
19:43:58.857 [perf] retrace=26988 rate=59.5 worst_ms=32.4 hitches=0 busy=88%
19:43:59.234 [aurora:info:aurora::gfx::gxcore] GXCore uniform reuse: 167129893 of 212598784 blocks reused
19:43:59.741 [aurora:info:aurora::gfx::gxcore] GXCore uniform reuse: 167337047 of 212860928 blocks reused
19:43:59.880 [perf] retrace=27049 rate=59.6 worst_ms=33.0 hitches=0 busy=89%
19:44:00.731 [gx-slow-sum] seconds=10 batches=23 total_ms=474 max_ms=24 pipelines=0 textures=0
19:44:00.890 [perf] retrace=27110 rate=60.4 worst_ms=28.2 hitches=0 busy=92%
19:44:01.812 [aurora:info:aurora::gfx::gxcore] GXCore uniform reuse: 168163293 of 213909504 blocks reused
19:44:01.908 [perf] retrace=27171 rate=59.9 worst_ms=32.7 hitches=0 busy=90%
19:44:02.924 [perf] retrace=27232 rate=60.0 worst_ms=27.3 hitches=0 busy=91%
19:44:03.925 [perf] retrace=27292 rate=59.9 worst_ms=26.4 hitches=0 busy=89%
19:44:04.930 [perf] retrace=27352 rate=59.7 worst_ms=25.7 hitches=0 busy=89%
19:44:05.726 [trace] 20M blocks pc=0x802d66f0
19:44:05.936 [aurora:info:aurora::gfx::gxcore] GXCore uniform reuse: 169815456 of 216006656 blocks reused
19:44:05.937 [perf] retrace=27413 rate=60.6 worst_ms=23.9 hitches=0 busy=90%
19:44:06.943 [perf] retrace=27473 rate=59.7 worst_ms=24.7 hitches=0 busy=89%
19:44:07.953 [perf] retrace=27533 rate=59.4 worst_ms=23.9 hitches=0 busy=89%
19:44:08.957 [perf] retrace=27590 rate=56.7 worst_ms=30.4 hitches=0 busy=89%
19:44:09.095 [aurora:info:aurora::gfx::gxcore] GXCore uniform reuse: 171054763 of 217579520 blocks reused
19:44:09.606 [render-slow] acquire-drawable ms=51
19:44:09.614 [render-slow] ms=89 item=end-frame frame=15090 pass=0
19:44:09.614 [gx-slow] batch_ms=50 bytes=184 pipelines=0 textures=0
19:44:09.967 [perf] retrace=27646 rate=55.5 worst_ms=62.2 hitches=1 busy=87%
19:44:10.462 [osmsg] pc=0x80308B88 r3=0x803EA588 r4=0x00000000 r5=0x803EA5A0 lr=0x803059A4 used=1 recv_head=0x803EA5A0 recv_tail=0x00000010 thread=0x803E9260 state=2 wait=0x00000000
19:44:10.800 [frame] management pc=0x800231BC lr=0x8003ED78 r3=0x00000001 r4=0x804D8D60 current_thread=0x803A2960 current_context=0x803A2960 main_state=2 main_queue=0x00000000 run_bits=0x00000000
19:44:10.969 [perf] retrace=27706 rate=59.9 worst_ms=28.7 hitches=0 busy=93%
19:44:11.371 [gx-slow-sum] seconds=10 batches=37 total_ms=796 max_ms=50 pipelines=0 textures=0
19:44:11.969 [perf] retrace=27766 rate=60.0 worst_ms=23.0 hitches=0 busy=89%
19:44:12.978 [perf] retrace=27827 rate=60.5 worst_ms=27.7 hitches=0 busy=93%
19:44:13.800 [aurora:info:aurora::gfx::gxcore] GXCore uniform reuse: 215581394 of 219938816 blocks reused
19:44:13.978 [perf] retrace=27887 rate=60.0 worst_ms=22.9 hitches=0 busy=95%
19:44:14.318 [aurora:info:aurora::gfx::gxcore] GXCore uniform reuse: 173121900 of 220200960 blocks reused
19:44:14.991 [perf] retrace=27948 rate=60.2 worst_ms=24.6 hitches=0 busy=93%
19:44:15.350 [aurora:info:aurora::gfx::gxcore] GXCore uniform reuse: 173535220 of 220725248 blocks reused
19:44:15.473 [audio-lifecycle] pc=0x80296828 r3=0x00000008 r4=0x00000000 r5=0x00000000 blocks=20420696
19:44:15.473 [audio-sequence-contract] process base=0x80774B10 slot0=0x8076B1D4 state=4 flags=0x04030000 id=0x80000001 slot1=0x00000000 state=0 flags=0x00000000 id=0x00000000 slot2=0x8076B190 state=4 flags=0x04030000 id=0x80000800 slot4=0x3F800000 state=0 flags=0x00000000 id=0x00000000 blocks=20420696
19:44:15.473 [audio-sequence-metadata] pc=0x80296828 base=0x80774BB0 slot=2 f0=0 f1=0 f2=0 f3=0 f4=0x00000000 f8=0x00000000 f48=0x8076B190 blocks=20420696
19:44:16.002 [perf] retrace=28008 rate=59.4 worst_ms=24.7 hitches=0 busy=92%
19:44:17.006 [perf] retrace=28069 rate=60.7 worst_ms=31.9 hitches=0 busy=91%
19:44:17.925 [aurora:info:aurora::gfx::gxcore] GXCore uniform reuse: 174568732 of 222035968 blocks reused
19:44:18.025 [perf] retrace=28130 rate=59.9 worst_ms=30.6 hitches=0 busy=92%
19:44:18.441 [aurora:info:aurora::gfx::gxcore] GXCore uniform reuse: 217890678 of 222298112 blocks reused
19:44:19.026 [perf] retrace=28190 rate=59.9 worst_ms=30.9 hitches=0 busy=91%
19:44:19.557 [audio-lifecycle] pc=0x8029057C r3=0x803A2CE8 r4=0x0000303D r5=0x803A2DEC blocks=20599689
19:44:20.029 [perf] retrace=28250 rate=59.8 worst_ms=30.9 hitches=0 busy=90%
19:44:20.494 [aurora:info:aurora::gfx::gxcore] GXCore uniform reuse: 175601778 of 223346688 blocks reused
19:44:21.035 [perf] retrace=28310 rate=59.6 worst_ms=27.4 hitches=0 busy=93%
19:44:21.385 [gx-slow-sum] seconds=10 batches=36 total_ms=740 max_ms=23 pipelines=0 textures=0
19:44:21.525 [aurora:info:aurora::gfx::gxcore] GXCore uniform reuse: 176015181 of 223870976 blocks reused
19:44:22.047 [perf] retrace=28371 rate=60.3 worst_ms=27.2 hitches=0 busy=92%
19:44:22.473 [interrupt] dispatch-return context=0x803E9260 saved_srr0=0x8030464C saved_srr1=0x0000B032 current=0x803E9260 current_srr0=0x8030464C current_srr1=0x0000B032 cpu_srr0=0x8030464C cpu_srr1=0x0000B032 msr=0x00001032
19:44:22.608 [frame] management pc=0x8003EC84 lr=0x80023200 r3=0x00000000 r4=0x800231BC current_thread=0x803A2960 current_context=0x803A2960 main_state=2 main_queue=0x00000000 run_bits=0x00000000
19:44:23.065 [perf] retrace=28432 rate=59.9 worst_ms=32.0 hitches=0 busy=90%
19:44:24.082 [perf] retrace=28493 rate=60.0 worst_ms=26.6 hitches=0 busy=92%
19:44:24.115 [aurora:info:aurora::gfx::gxcore] GXCore uniform reuse: 177047011 of 225181696 blocks reused
19:44:25.090 [perf] retrace=28554 rate=60.5 worst_ms=23.6 hitches=0 busy=92%
19:44:25.665 [aurora:info:aurora::gfx::gxcore] GXCore uniform reuse: 177667245 of 225968128 blocks reused
19:44:26.093 [perf] retrace=28614 rate=59.8 worst_ms=24.2 hitches=0 busy=91%
19:44:26.175 [aurora:info:aurora::gfx::gxcore] GXCore uniform reuse: 177873324 of 226230272 blocks reused
19:44:27.099 [perf] retrace=28674 rate=59.7 worst_ms=23.6 hitches=0 busy=92%
19:44:28.100 [perf] retrace=28734 rate=59.9 worst_ms=23.5 hitches=0 busy=94%
19:44:28.705 [trace] 21M blocks pc=0x800a13b4
19:44:29.118 [perf] retrace=28795 rate=59.9 worst_ms=24.3 hitches=0 busy=93%
19:44:30.119 [perf] retrace=28855 rate=59.9 worst_ms=25.6 hitches=0 busy=91%
19:44:30.200 [audio-event] authentic sound_id=0x0000303D voice=-1 pc=0x802904EC blocks=21065481
19:44:30.802 [aurora:info:aurora::gfx::gxcore] GXCore uniform reuse: 179728070 of 228589568 blocks reused
19:44:31.121 [perf] retrace=28915 rate=59.9 worst_ms=26.2 hitches=0 busy=93%
19:44:31.462 [gx-slow-sum] seconds=10 batches=36 total_ms=742 max_ms=24 pipelines=0 textures=0
19:44:32.126 [perf] retrace=28976 rate=60.7 worst_ms=24.1 hitches=0 busy=92%
19:44:33.137 [perf] retrace=29036 rate=59.3 worst_ms=26.8 hitches=0 busy=90%
19:44:34.147 [perf] retrace=29097 rate=60.4 worst_ms=25.6 hitches=0 busy=92%
19:44:34.416 [aurora:info:aurora::gfx::gxcore] GXCore uniform reuse: 181172209 of 230424576 blocks reused
19:44:34.932 [aurora:info:aurora::gfx::gxcore] GXCore uniform reuse: 181378846 of 230686720 blocks reused
19:44:35.156 [perf] retrace=29157 rate=59.5 worst_ms=26.7 hitches=0 busy=89%
19:44:35.449 [aurora:info:aurora::gfx::gxcore] GXCore uniform reuse: 181585825 of 230948864 blocks reused
19:44:36.170 [perf] retrace=29218 rate=60.2 worst_ms=26.5 hitches=0 busy=89%
19:44:37.170 [perf] retrace=29278 rate=60.0 worst_ms=26.9 hitches=0 busy=90%
19:44:38.171 [perf] retrace=29338 rate=60.0 worst_ms=28.8 hitches=0 busy=93%
19:44:38.642 [osmsg] pc=0x80308B88 r3=0x803EA580 r4=0x00000001 r5=0x00000008 lr=0x80305A80 used=0 recv_head=0x00000000 recv_tail=0x00000000 thread=0x803E9260 state=2 wait=0x00000000
19:44:39.187 [perf] retrace=29399 rate=60.1 worst_ms=34.8 hitches=0 busy=94%
19:44:39.296 [interrupt] dispatch-return context=0x803E9260 saved_srr0=0x8030464C saved_srr1=0x0000B032 current=0x803E9260 current_srr0=0x8030464C current_srr1=0x0000B032 cpu_srr0=0x8030464C cpu_srr1=0x0000B032 msr=0x00001032
19:44:40.091 [aurora:info:aurora::gfx::gxcore] GXCore uniform reuse: 228683111 of 233308160 blocks reused
19:44:40.198 [perf] retrace=29460 rate=60.3 worst_ms=30.2 hitches=0 busy=92%
19:44:41.198 [perf] retrace=29520 rate=60.0 worst_ms=30.2 hitches=0 busy=90%
19:44:42.156 [aurora:info:aurora::gfx::gxcore] GXCore uniform reuse: 184270036 of 234356736 blocks reused
19:44:42.200 [perf] retrace=29580 rate=59.9 worst_ms=26.9 hitches=0 busy=93%
19:44:42.398 [gx-slow-sum] seconds=10 batches=18 total_ms=378 max_ms=25 pipelines=0 textures=0
19:44:43.201 [perf] retrace=29640 rate=59.9 worst_ms=23.5 hitches=0 busy=95%
19:44:44.209 [perf] retrace=29699 rate=58.5 worst_ms=26.6 hitches=0 busy=96%
19:44:45.214 [perf] retrace=29760 rate=60.7 worst_ms=24.4 hitches=0 busy=92%
19:44:45.260 [aurora:info:aurora::gfx::gxcore] GXCore uniform reuse: 185508346 of 235929600 blocks reused
19:44:46.219 [perf] retrace=29820 rate=59.7 worst_ms=24.1 hitches=0 busy=91%
19:44:47.227 [perf] retrace=29881 rate=60.5 worst_ms=27.4 hitches=0 busy=93%
19:44:48.229 [perf] retrace=29941 rate=59.9 worst_ms=25.1 hitches=0 busy=91%
19:44:48.869 [aurora:info:aurora::gfx::gxcore] GXCore uniform reuse: 186953428 of 237764608 blocks reused
19:44:48.877 [frame] management pc=0x800231BC lr=0x8003ED78 r3=0x00000001 r4=0x804D8D60 current_thread=0x803A2960 current_context=0x803A2960 main_state=2 main_queue=0x00000000 run_bits=0x00000000
19:44:49.243 [perf] retrace=30002 rate=60.1 worst_ms=24.3 hitches=0 busy=88%
19:44:49.398 [aurora:info:aurora::gfx::gxcore] GXCore uniform reuse: 187159910 of 238026752 blocks reused
19:44:50.257 [perf] retrace=30062 rate=59.2 worst_ms=24.9 hitches=0 busy=89%
19:44:51.259 [perf] retrace=30123 rate=60.9 worst_ms=23.4 hitches=0 busy=89%
19:44:51.551 [audio-lifecycle] pc=0x80007224 r3=0x00000001 r4=0x803A4DF0 r5=0x803A4EA4 blocks=21999235
19:44:51.560 [trace] 22M blocks pc=0x80244f9c
19:44:52.265 [perf] retrace=30183 rate=59.7 worst_ms=25.7 hitches=0 busy=89%
19:44:52.522 [osmsg] pc=0x80308B88 r3=0x803EA580 r4=0x00000001 r5=0x00000005 lr=0x80305A80 used=0 recv_head=0x00000000 recv_tail=0x00000000 thread=0x803E9260 state=2 wait=0x00000000
19:44:52.692 [gx-slow-sum] seconds=10 batches=39 total_ms=802 max_ms=24 pipelines=0 textures=0
19:44:53.284 [perf] retrace=30244 rate=59.8 worst_ms=24.2 hitches=0 busy=91%
19:44:54.066 [display] beginRender pc=0x802558CC r1=0x8040CD00 r3=0x804D8D20 lr=0x8000AFB4
19:44:54.292 [perf] retrace=30301 rate=56.6 worst_ms=31.0 hitches=0 busy=95%
19:44:55.302 [perf] retrace=30362 rate=60.4 worst_ms=25.1 hitches=0 busy=95%
19:44:56.317 [perf] retrace=30423 rate=60.1 worst_ms=21.4 hitches=0 busy=93%
19:44:56.678 [aurora:info:aurora::gfx::gxcore] GXCore uniform reuse: 190051414 of 241696768 blocks reused
19:44:57.318 [perf] retrace=30483 rate=59.9 worst_ms=20.9 hitches=0 busy=90%
19:44:58.329 [perf] retrace=30543 rate=59.4 worst_ms=25.6 hitches=0 busy=97%
19:44:58.748 [aurora:info:aurora::gfx::gxcore] GXCore uniform reuse: 190876731 of 242745344 blocks reused
19:44:59.335 [perf] retrace=30603 rate=59.6 worst_ms=24.6 hitches=0 busy=90%
19:44:59.779 [aurora:info:aurora::gfx::gxcore] GXCore uniform reuse: 191290211 of 243269632 blocks reused
19:45:00.303 [aurora:info:aurora::gfx::gxcore] GXCore uniform reuse: 191496548 of 243531776 blocks reused
19:45:00.346 [perf] retrace=30664 rate=60.3 worst_ms=24.1 hitches=0 busy=90%
19:45:01.227 [osmsg] pc=0x80308B88 r3=0x803EA580 r4=0x00000001 r5=0x00000008 lr=0x80305A80 used=0 recv_head=0x00000000 recv_tail=0x00000000 thread=0x803E9260 state=2 wait=0x00000000
19:45:01.354 [perf] retrace=30724 rate=59.5 worst_ms=24.4 hitches=0 busy=90%
19:45:01.851 [aurora:info:aurora::gfx::gxcore] GXCore uniform reuse: 192115959 of 244318208 blocks reused
19:45:02.021 [frame] management pc=0x800231BC lr=0x8003ED78 r3=0x00000001 r4=0x804D8D60 current_thread=0x803A2960 current_context=0x803A2960 main_state=2 main_queue=0x00000000 run_bits=0x00000000
19:45:02.358 [perf] retrace=30785 rate=60.8 worst_ms=33.0 hitches=0 busy=92%
19:45:03.162 [gx-slow-sum] seconds=10 batches=45 total_ms=931 max_ms=26 pipelines=0 textures=0
19:45:03.358 [perf] retrace=30845 rate=60.0 worst_ms=34.1 hitches=0 busy=91%
19:45:03.400 [aurora:info:aurora::gfx::gxcore] GXCore uniform reuse: 192732644 of 245104640 blocks reused
19:45:04.362 [perf] retrace=30905 rate=59.8 worst_ms=33.5 hitches=0 busy=90%
19:45:04.936 [aurora:info:aurora::gfx::gxcore] GXCore uniform reuse: 193351006 of 245891072 blocks reused
19:45:05.381 [perf] retrace=30966 rate=59.9 worst_ms=26.4 hitches=0 busy=91%
19:45:06.382 [perf] retrace=31026 rate=59.9 worst_ms=25.0 hitches=0 busy=89%
19:45:07.385 [perf] retrace=31086 rate=59.8 worst_ms=29.6 hitches=0 busy=92%
19:45:08.393 [perf] retrace=31146 rate=59.6 worst_ms=28.5 hitches=0 busy=89%
19:45:09.408 [perf] retrace=31207 rate=60.1 worst_ms=25.5 hitches=0 busy=96%
19:45:10.415 [perf] retrace=31268 rate=60.6 worst_ms=26.5 hitches=0 busy=92%
19:45:11.139 [aurora:info:aurora::gfx::gxcore] GXCore uniform reuse: 195828438 of 249036800 blocks reused
19:45:11.416 [perf] retrace=31328 rate=59.9 worst_ms=23.0 hitches=0 busy=92%
19:45:11.623 [render-slow] acquire-drawable ms=61
19:45:11.636 [render-slow] ms=95 item=end-frame frame=16944 pass=0
19:45:11.636 [gx-slow] batch_ms=63 bytes=184 pipelines=0 textures=0
19:45:12.214 [aurora:info:aurora::gfx::gxcore] GXCore uniform reuse: 196242043 of 249561088 blocks reused
19:45:12.279 [mouse] camera on (the buttons press what Controls says, the wheel zooms, Esc gives the mouse back)
19:45:12.422 [perf] retrace=31386 rate=57.6 worst_ms=73.3 hitches=1 busy=88%
19:45:13.185 [gx-slow-sum] seconds=10 batches=33 total_ms=722 max_ms=63 pipelines=0 textures=0
19:45:13.440 [perf] retrace=31447 rate=59.9 worst_ms=22.1 hitches=0 busy=89%
19:45:14.119 [audio-event] authentic sound_id=0x00003800 voice=-1 pc=0x802904EC blocks=22981725
19:45:14.445 [perf] retrace=31506 rate=58.7 worst_ms=21.3 hitches=0 busy=93%
19:45:14.531 [trace] 23M blocks pc=0x8028ba90
19:45:14.607 [aurora:info:aurora::gfx::gxcore] GXCore uniform reuse: 197046791 of 250609664 blocks reused
19:45:15.451 [perf] retrace=31566 rate=59.7 worst_ms=30.0 hitches=0 busy=94%
19:45:16.467 [perf] retrace=31627 rate=60.1 worst_ms=32.0 hitches=0 busy=92%
19:45:16.878 [aurora:info:aurora::gfx::gxcore] GXCore uniform reuse: 197822301 of 251658240 blocks reused
19:45:17.346 [audio-event] authentic sound_id=0x00007000 voice=-1 pc=0x802904EC blocks=23121906
19:45:17.395 [aurora:info:aurora::gfx::gxcore] GXCore uniform reuse: 198013827 of 251920384 blocks reused
19:45:17.475 [perf] retrace=31686 rate=58.5 worst_ms=25.4 hitches=0 busy=94%
19:45:18.174 [osmsg] pc=0x80308B88 r3=0x803B5004 r4=0x00000000 r5=0x0000B032 lr=0x80306014 used=2151323264 recv_head=0x00000000 recv_tail=0x00000000 thread=0x803A2960 state=2 wait=0x00000000
19:45:18.483 [perf] retrace=31747 rate=60.5 worst_ms=30.6 hitches=0 busy=87%
19:45:18.817 [aurora:info:aurora::gfx::gxcore] GXCore uniform reuse: 198395782 of 252444672 blocks reused
19:45:19.488 [perf] retrace=31808 rate=60.7 worst_ms=46.3 hitches=0 busy=70%
19:45:20.495 [perf] retrace=31869 rate=60.6 worst_ms=40.2 hitches=0 busy=74%
19:45:21.503 [perf] retrace=31930 rate=60.5 worst_ms=38.3 hitches=0 busy=71%
19:45:22.507 [perf] retrace=31990 rate=59.8 worst_ms=31.3 hitches=0 busy=85%
19:45:23.158 [osmsg] pc=0x80308B88 r3=0x80ADDDC0 r4=0x00000000 r5=0x80ADDDD8 lr=0x803059A4 used=0 recv_head=0x80ADDDD8 recv_tail=0x00000001 thread=0x804211E0 state=2 wait=0x00000000
19:45:23.496 [gx-slow-sum] seconds=10 batches=96 total_ms=2134 max_ms=36 pipelines=0 textures=1
19:45:23.509 [perf] retrace=32050 rate=59.9 worst_ms=25.2 hitches=0 busy=84%
19:45:23.828 [aurora:info:aurora::gfx::gxcore] GXCore uniform reuse: 199370512 of 253755392 blocks reused
19:45:24.510 [perf] retrace=32110 rate=59.9 worst_ms=21.8 hitches=0 busy=85%
19:45:25.449 [aurora:info:aurora::gfx::gxcore] GXCore uniform reuse: 199781655 of 254279680 blocks reused
19:45:25.512 [perf] retrace=32170 rate=59.9 worst_ms=24.4 hitches=0 busy=84%
19:45:26.235 [aurora:info:aurora::gfx::gxcore] GXCore uniform reuse: 249476746 of 254541824 blocks reused
19:45:26.520 [perf] retrace=32231 rate=60.5 worst_ms=22.4 hitches=0 busy=86%
19:45:27.536 [perf] retrace=32292 rate=60.0 worst_ms=22.6 hitches=0 busy=85%
19:45:28.540 [perf] retrace=32353 rate=60.8 worst_ms=32.5 hitches=0 busy=83%
19:45:28.629 [aurora:info:aurora::gfx::gxcore] GXCore uniform reuse: 200584879 of 255328256 blocks reused
19:45:29.540 [perf] retrace=32413 rate=60.0 worst_ms=36.0 hitches=0 busy=83%
19:45:30.544 [perf] retrace=32473 rate=59.8 worst_ms=37.4 hitches=0 busy=84%
19:45:31.571 [perf] retrace=32534 rate=59.4 worst_ms=30.6 hitches=0 busy=83%
19:45:32.585 [perf] retrace=32595 rate=60.1 worst_ms=26.8 hitches=0 busy=85%
19:45:33.590 [perf] retrace=32655 rate=59.7 worst_ms=24.6 hitches=0 busy=87%
19:45:34.601 [perf] retrace=32709 rate=53.5 worst_ms=30.5 hitches=0 busy=88%
19:45:35.305 [interp-pace] in-between frames 7 -> 1 (the game ran below full speed, 27.9 game frames a second; back after 3 s calm)
19:45:35.595 [jas-state] retrace=32768 queue_used=0 state=4 saved_pc=0x80307EAC wait=0x806AC798 current=0x803A2960 context=0x803A2960 run_bits=0x00000000 lod_done=1 dsp_pending=0
19:45:35.613 [perf] retrace=32769 rate=59.3 worst_ms=23.1 hitches=0 busy=95%
19:45:36.617 [perf] retrace=32832 rate=62.7 worst_ms=20.8 hitches=0 busy=91%
19:45:37.146 [fps-dip] retrace=32864 shown=61.0 game=30 speed=100% interpolated=30/30 draws/frame=10849 rejected=0.3% unmatched=0.1% busy=84% waits: gx=2ms present=18ms gpu=1ms workers: gx=44% interp=30% render=8% stage=sea room=44 event=0 pos=-194080,400,318536 target=120 pipelines=0 cause=unclear reason=presents late
19:45:37.439 [trace] 24M blocks pc=0x8008c274
19:45:37.618 [perf] retrace=32892 rate=59.9 worst_ms=20.5 hitches=0 busy=82%
19:45:38.147 [fps-dip] retrace=32924 shown=58.9 game=29 speed=100% interpolated=29/29 draws/frame=10748 rejected=0.4% unmatched=0.1% busy=84% waits: gx=2ms present=20ms gpu=1ms workers: gx=44% interp=31% render=7% stage=sea room=44 event=0 pos=-194268,400,318707 target=120 pipelines=0 cause=unclear reason=presents late
19:45:38.255 [interp-pace] in-between frames 1 -> 7
19:45:38.619 [perf] retrace=32952 rate=59.9 worst_ms=21.3 hitches=0 busy=84%
19:45:38.773 [render-slow] acquire-drawable ms=56
19:45:38.780 [mouse] camera off (click to turn it on)
19:45:38.780 [gx-slow] batch_ms=60 bytes=184 pipelines=0 textures=0
19:45:39.624 [aurora:info:aurora::gfx::gxcore] GXCore uniform reuse: 203561677 of 259260416 blocks reused
19:45:39.636 [perf] retrace=33011 rate=58.1 worst_ms=76.7 hitches=1 busy=85%
19:45:40.638 [perf] retrace=33071 rate=59.9 worst_ms=28.3 hitches=0 busy=83%
19:45:41.652 [perf] retrace=33132 rate=60.2 worst_ms=30.4 hitches=0 busy=83%
19:45:42.653 [perf] retrace=33192 rate=59.9 worst_ms=28.6 hitches=0 busy=81%
19:45:42.865 [aurora:info:aurora::gfx::gxcore] GXCore uniform reuse: 204369118 of 260308992 blocks reused
19:45:43.663 [perf] retrace=33253 rate=60.4 worst_ms=30.3 hitches=0 busy=80%
19:45:43.670 [gx-slow-sum] seconds=10 batches=41 total_ms=1012 max_ms=60 pipelines=0 textures=2
19:45:44.529 [osmsg] pc=0x80308B88 r3=0x803EA588 r4=0x00000000 r5=0x803EA5A0 lr=0x803059A4 used=1 recv_head=0x803EA5A0 recv_tail=0x00000010 thread=0x803E9260 state=2 wait=0x00000000
19:45:44.665 [perf] retrace=33313 rate=59.9 worst_ms=28.2 hitches=0 busy=81%
19:45:45.254 [interrupt] dispatch-return context=0x803E9260 saved_srr0=0x8030464C saved_srr1=0x0000B032 current=0x803E9260 current_srr0=0x8030464C current_srr1=0x0000B032 cpu_srr0=0x8030464C cpu_srr1=0x0000B032 msr=0x00001032
19:45:45.313 [aurora:info:aurora::gfx::gxcore] GXCore uniform reuse: 255866609 of 261095424 blocks reused
19:45:45.349 [interp-pace] in-between frames 7 -> 1 (the game ran below full speed, 27.3 game frames a second; back after 6 s calm)
19:45:45.676 [perf] retrace=33375 rate=61.3 worst_ms=26.7 hitches=0 busy=81%
19:45:46.203 [fps-dip] retrace=33407 shown=104.3 game=31 speed=103% interpolated=31/31 draws/frame=10740 rejected=0.3% unmatched=0.1% busy=81% waits: gx=2ms present=68ms gpu=1ms workers: gx=46% interp=34% render=12% stage=sea room=44 event=0 pos=-194316,400,318802 target=120 pipelines=0 cause=unclear reason=presents late
19:45:46.427 [frame] management pc=0x8003ED8C lr=0x80023200 r3=0x00000000 r4=0x804D8D60 current_thread=0x803A2960 current_context=0x803A2960 main_state=2 main_queue=0x00000000 run_bits=0x00000000
19:45:46.677 [perf] retrace=33435 rate=59.9 worst_ms=18.1 hitches=0 busy=79%
19:45:47.204 [fps-dip] retrace=33467 shown=59.9 game=30 speed=100% interpolated=30/30 draws/frame=10735 rejected=0.3% unmatched=0.1% busy=82% waits: gx=2ms present=19ms gpu=2ms workers: gx=45% interp=31% render=9% stage=sea room=44 event=0 pos=-194316,400,318802 target=120 pipelines=0 cause=unclear reason=presents late
19:45:47.678 [perf] retrace=33495 rate=59.9 worst_ms=22.5 hitches=0 busy=84%
19:45:48.206 [fps-dip] retrace=33527 shown=58.9 game=30 speed=100% interpolated=30/30 draws/frame=10732 rejected=0.3% unmatched=0.1% busy=87% waits: gx=5ms present=18ms gpu=2ms workers: gx=45% interp=31% render=9% stage=sea room=44 event=0 pos=-194316,400,318802 target=120 pipelines=0 cause=unclear reason=presents late
19:45:48.679 [perf] retrace=33555 rate=59.9 worst_ms=25.7 hitches=0 busy=85%
19:45:49.207 [fps-dip] retrace=33587 shown=60.0 game=30 speed=100% interpolated=30/30 draws/frame=10727 rejected=0.3% unmatched=0.1% busy=81% waits: gx=2ms present=17ms gpu=1ms workers: gx=44% interp=30% render=8% stage=sea room=44 event=0 pos=-194316,400,318802 target=120 pipelines=0 cause=unclear reason=presents late
19:45:49.680 [perf] retrace=33615 rate=59.9 worst_ms=19.8 hitches=0 busy=80%
19:45:50.207 [fps-dip] retrace=33647 shown=59.9 game=30 speed=100% interpolated=30/30 draws/frame=10722 rejected=0.3% unmatched=0.1% busy=81% waits: gx=2ms present=18ms gpu=2ms workers: gx=44% interp=30% render=9% stage=sea room=44 event=0 pos=-194316,400,318802 target=120 pipelines=0 cause=unclear reason=presents late
19:45:50.681 [perf] retrace=33675 rate=59.9 worst_ms=22.1 hitches=0 busy=82%
19:45:51.235 [fps-dip] retrace=33708 shown=60.4 game=30 speed=99% interpolated=30/30 draws/frame=10738 rejected=0.3% unmatched=0.1% busy=81% waits: gx=2ms present=17ms gpu=1ms workers: gx=44% interp=30% render=9% stage=sea room=44 event=0 pos=-194316,400,318802 target=120 pipelines=0 cause=unclear reason=presents late
19:45:51.336 [interp-pace] in-between frames 1 -> 7
19:45:51.682 [perf] retrace=33735 rate=59.9 worst_ms=22.2 hitches=0 busy=82%
19:45:52.683 [perf] retrace=33795 rate=59.9 worst_ms=21.7 hitches=0 busy=83%
19:45:53.684 [perf] retrace=33855 rate=59.9 worst_ms=21.5 hitches=0 busy=82%
19:45:54.345 [interrupt] dispatch-return context=0x803E9260 saved_srr0=0x8030464C saved_srr1=0x0000B032 current=0x803E9260 current_srr0=0x8030464C current_srr1=0x0000B032 cpu_srr0=0x8030464C cpu_srr1=0x0000B032 msr=0x00001032
19:45:54.685 [perf] retrace=33915 rate=59.9 worst_ms=23.6 hitches=0 busy=83%
19:45:55.686 [perf] retrace=33975 rate=59.9 worst_ms=24.4 hitches=0 busy=85%
19:45:55.973 [render-slow] acquire-drawable ms=42
19:45:56.698 [perf] retrace=34035 rate=59.3 worst_ms=46.3 hitches=0 busy=85%
19:45:56.710 [aurora:info:aurora::gfx::gxcore] GXCore uniform reuse: 207800450 of 264765440 blocks reused
19:45:56.974 [interrupt] dispatch-return context=0x803E9260 saved_srr0=0x8030464C saved_srr1=0x0000B032 current=0x803E9260 current_srr0=0x8030464C current_srr1=0x0000B032 cpu_srr0=0x8030464C cpu_srr1=0x0000B032 msr=0x00001032
19:45:57.420 [audio-lifecycle] pc=0x8029057C r3=0x803A2CE8 r4=0x0000303D r5=0x803A2DBC blocks=24872818
19:45:57.700 [perf] retrace=34094 rate=58.9 worst_ms=34.7 hitches=0 busy=81%
19:45:57.748 [run] stopped: quit after 24887081 blocks at pc=0x80322bcc
19:45:57.748 [collision-provenance] summary ground_cross_returns=1128983 deferred_fp=0 valid_seen=1 sentinel_seen=1
19:45:57.748 [actor-search-native] runs=9882656 nodes=1153244895
19:45:57.748 [fp] summary invalid=0 same_owner=0 fresh=3 restored=64247
19:45:57.748 [cpu-abi] summary lava_constant_checks=16503 deferred_fp=0 r2=0x803FFD00 constant_word=CE6E6B28
19:45:57.748 [clock] summary cycles=276185412176 timebase=34214559945951014 retraces=34096 vi_pending=0 ai_remainder=105648 title_ready=1 title_retrace=328
19:45:57.748 [cycle-delivery] summary external=366646 hash=F39DF4BA240B147E history=1024 history_overflow=365622 dsp=298207 first_dsp_valid=1 first_dsp_cycle=14846687 first_dsp_cause=0x00010040 first_dsp_pc=0x8030464C first_dsp_context=0x804211E0
19:45:57.748 [delivery-hash] external=366646 no_cycle=78CD0DED7C36A134 cycle_sum=50024368635277720
19:45:57.748 [delivery-play] count=347564 hash=A4D0285B1BD3DB76 no_cycle=77B3E762242D67B9 cycle_sum=49939936413135321 first_cycle=11194200002 last_cycle=276182506764
19:45:57.748 [cycle-delivery] external[0] ordinal=1 cycle=6690603 prefix=5611FE4500B64C57 cause=0x00010008 pc=0x80304628 context=0x803F06D0
19:45:57.748 [cycle-delivery] external[1] ordinal=2 cycle=6691641 prefix=283B6EDD0070AE97 cause=0x00010008 pc=0x80304628 context=0x803F06D0
19:45:57.748 [cycle-delivery] external[2] ordinal=3 cycle=6692679 prefix=41729F6D4C97E195 cause=0x00010008 pc=0x80304628 context=0x803F06D0
19:45:57.748 [cycle-delivery] external[3] ordinal=4 cycle=6693717 prefix=46F5C5B8F60E649D cause=0x00010008 pc=0x80304628 context=0x803F06D0
19:45:57.748 [cycle-delivery] external[4] ordinal=5 cycle=6696146 prefix=0BF31D17720BDDA7 cause=0x00010004 pc=0x8030464C context=0x803F06D0
19:45:57.748 [cycle-delivery] external[5] ordinal=6 cycle=7055493 prefix=6A1A375C62E02773 cause=0x00010008 pc=0x8030464C context=0x803A2960
19:45:57.748 [cycle-delivery] external[6] ordinal=7 cycle=7056970 prefix=BD730422D6406288 cause=0x00010008 pc=0x8030464C context=0x803A2960
19:45:57.748 [cycle-delivery] external[7] ordinal=8 cycle=7058447 prefix=F34B0B07691C3C9A cause=0x00010008 pc=0x8030464C context=0x803A2960
19:45:57.748 [cycle-delivery] external[8] ordinal=9 cycle=7059924 prefix=F20B6BB577608614 cause=0x00010008 pc=0x8030464C context=0x803A2960
19:45:57.748 [cycle-delivery] external[9] ordinal=10 cycle=8100000 prefix=73D37463C7FF2A93 cause=0x00010100 pc=0x80244BE8 context=0x803A2960
19:45:57.748 [cycle-delivery] external[10] ordinal=11 cycle=14356599 prefix=7F95FA3888E1CD09 cause=0x00010008 pc=0x8030464C context=0x803A2960
19:45:57.748 [cycle-delivery] external[11] ordinal=12 cycle=14358076 prefix=8AE1341A82DE81DC cause=0x00010008 pc=0x8030464C context=0x803A2960
19:45:57.748 [cycle-delivery] external[12] ordinal=13 cycle=14359553 prefix=990FFC9A605FCE18 cause=0x00010008 pc=0x8030464C context=0x803A2960
19:45:57.748 [cycle-delivery] external[13] ordinal=14 cycle=14361030 prefix=145EA4B45764569C cause=0x00010008 pc=0x8030464C context=0x803A2960
19:45:57.748 [cycle-delivery] external[14] ordinal=15 cycle=14846687 prefix=C3F2B1586C8B3487 cause=0x00010040 pc=0x8030464C context=0x804211E0
19:45:57.748 [cycle-delivery] external[15] ordinal=16 cycle=14847213 prefix=3E14C72B4729F55C cause=0x00010040 pc=0x8030464C context=0x804211E0
19:45:57.748 [cycle-delivery] external[16] ordinal=17 cycle=15350686 prefix=2DC1ADB1EE2676F9 cause=0x00010040 pc=0x8030464C context=0x804211E0
19:45:57.748 [cycle-delivery] external[17] ordinal=18 cycle=15351212 prefix=0E4DC2A6B524C22C cause=0x00010040 pc=0x8030464C context=0x804211E0
19:45:57.748 [cycle-delivery] external[18] ordinal=19 cycle=15854688 prefix=BCC9A1D8606B982D cause=0x00010040 pc=0x8030464C context=0x804211E0
19:45:57.748 [cycle-delivery] external[19] ordinal=20 cycle=15855214 prefix=59A650AF96717378 cause=0x00010040 pc=0x8030464C context=0x804211E0
19:45:57.748 [cycle-delivery] external[20] ordinal=21 cycle=16200001 prefix=17D887CC824797DF cause=0x00010100 pc=0x80307EF4 context=0x803F09E8
19:45:57.748 [cycle-delivery] external[21] ordinal=22 cycle=16358686 prefix=95888975E8E11EC9 cause=0x00010040 pc=0x8030464C context=0x804211E0
19:45:57.748 [cycle-delivery] external[22] ordinal=23 cycle=16359212 prefix=B225E83FFBA8D0D7 cause=0x00010040 pc=0x8030464C context=0x804211E0
19:45:57.748 [cycle-delivery] external[23] ordinal=24 cycle=16862688 prefix=BD8A47A5AA65F3FE cause=0x00010040 pc=0x8030464C context=0x804211E0
19:45:57.748 [cycle-delivery] external[24] ordinal=25 cycle=16863214 prefix=78271556BDDF669F cause=0x00010040 pc=0x8030464C context=0x804211E0
19:45:57.748 [cycle-delivery] external[25] ordinal=26 cycle=17366687 prefix=414BDB23BAF42737 cause=0x00010040 pc=0x8030464C context=0x804211E0
19:45:57.748 [cycle-delivery] external[26] ordinal=27 cycle=17367213 prefix=405DEEC8EEF744E4 cause=0x00010040 pc=0x8030464C context=0x804211E0
19:45:57.748 [cycle-delivery] external[27] ordinal=28 cycle=17870686 prefix=D806FAD91CB602C2 cause=0x00010040 pc=0x8030464C context=0x804211E0
19:45:57.748 [cycle-delivery] external[28] ordinal=29 cycle=17871212 prefix=DF7CF6AF335EA4B0 cause=0x00010040 pc=0x8030464C context=0x804211E0
19:45:57.748 [cycle-delivery] external[29] ordinal=30 cycle=18374688 prefix=92B8B311D7AB5C8B cause=0x00010040 pc=0x8030464C context=0x804211E0
19:45:57.748 [cycle-delivery] external[30] ordinal=31 cycle=18375214 prefix=24AC306061CC1734 cause=0x00010040 pc=0x8030464C context=0x804211E0
19:45:57.748 [cycle-delivery] external[31] ordinal=32 cycle=18878687 prefix=EAD655845A9100C2 cause=0x00010040 pc=0x8030464C context=0x804211E0
19:45:57.748 [cycle-delivery] external[32] ordinal=33 cycle=18879213 prefix=9554767DC2457C2C cause=0x00010040 pc=0x8030464C context=0x804211E0
19:45:57.748 [cycle-delivery] external[33] ordinal=34 cycle=19382686 prefix=5DFE8C13713FFCA9 cause=0x00010040 pc=0x8030464C context=0x804211E0
19:45:57.748 [cycle-delivery] external[34] ordinal=35 cycle=19383212 prefix=0DEA8D0B0DBCFE3C cause=0x00010040 pc=0x8030464C context=0x804211E0
19:45:57.748 [cycle-delivery] external[35] ordinal=36 cycle=19886688 prefix=11DA8C96BE1C4E24 cause=0x00010040 pc=0x8030464C context=0x804211E0
19:45:57.748 [cycle-delivery] external[36] ordinal=37 cycle=19887214 prefix=41C19D4F6D4BEB70 cause=0x00010040 pc=0x8030464C context=0x804211E0
19:45:57.748 [cycle-delivery] external[37] ordinal=38 cycle=20390687 prefix=1DE3F6079CA12520 cause=0x00010040 pc=0x8030464C context=0x804211E0
19:45:57.748 [cycle-delivery] external[38] ordinal=39 cycle=20391213 prefix=A2EB77440947424C cause=0x00010040 pc=0x8030464C context=0x804211E0
19:45:57.748 [cycle-delivery] external[39] ordinal=40 cycle=20894686 prefix=809940EA58FE137C cause=0x00010040 pc=0x8030464C context=0x804211E0
19:45:57.748 [cycle-delivery] external[40] ordinal=41 cycle=20895212 prefix=867F53BB72A2ABEC cause=0x00010040 pc=0x8030464C context=0x804211E0
19:45:57.748 [cycle-delivery] external[41] ordinal=42 cycle=21398688 prefix=18679FEA0101D651 cause=0x00010040 pc=0x8030464C context=0x804211E0
19:45:57.748 [cycle-delivery] external[42] ordinal=43 cycle=21399214 prefix=A0DFF4CF9C369B60 cause=0x00010040 pc=0x8030464C context=0x804211E0
19:45:57.748 [cycle-delivery] external[43] ordinal=44 cycle=21902687 prefix=564AC00E0712881D cause=0x00010040 pc=0x8030464C context=0x804211E0
19:45:57.748 [cycle-delivery] external[44] ordinal=45 cycle=21903213 prefix=0D719E84A6CD870C cause=0x00010040 pc=0x8030464C context=0x804211E0
19:45:57.748 [cycle-delivery] external[45] ordinal=46 cycle=22406686 prefix=EFA9883D9BBBC344 cause=0x00010040 pc=0x8030464C context=0x804211E0
19:45:57.748 [cycle-delivery] external[46] ordinal=47 cycle=22407212 prefix=16B815E2C5D731F4 cause=0x00010040 pc=0x8030464C context=0x804211E0
19:45:57.748 [cycle-delivery] external[47] ordinal=48 cycle=22910688 prefix=ADF2911A4310DB7A cause=0x00010040 pc=0x8030464C context=0x804211E0
19:45:57.748 [cycle-delivery] external[48] ordinal=49 cycle=22911214 prefix=80260E4C7B01FF18 cause=0x00010040 pc=0x8030464C context=0x804211E0
19:45:57.748 [cycle-delivery] external[49] ordinal=50 cycle=23414687 prefix=FE99C1A075A0A452 cause=0x00010040 pc=0x8030464C context=0x804211E0
19:45:57.748 [cycle-delivery] external[50] ordinal=51 cycle=23415213 prefix=F146CA1F68A00068 cause=0x00010040 pc=0x8030464C context=0x804211E0
19:45:57.748 [cycle-delivery] external[51] ordinal=52 cycle=23918686 prefix=7D87126F2AD6E52D cause=0x00010040 pc=0x8030464C context=0x804211E0
19:45:57.748 [cycle-delivery] external[52] ordinal=53 cycle=23919212 prefix=39E697675C0050E8 cause=0x00010040 pc=0x8030464C context=0x804211E0
19:45:57.748 [cycle-delivery] external[53] ordinal=54 cycle=24300002 prefix=2A2AB59339E8EE00 cause=0x00010100 pc=0x80307EF4 context=0x803F09E8
19:45:57.748 [cycle-delivery] external[54] ordinal=55 cycle=24302650 prefix=9AD5B820C8AC8364 cause=0x00010400 pc=0x80304628 context=0x803F09E8
19:45:57.748 [cycle-delivery] external[55] ordinal=56 cycle=24311283 prefix=4233643F9647A2B2 cause=0x00010400 pc=0x80322BCC context=0x803A2960
19:45:57.748 [cycle-delivery] external[56] ordinal=57 cycle=24355137 prefix=FF11DB13D42F1E89 cause=0x00010400 pc=0x80304628 context=0x803F09E8
19:45:57.748 [cycle-delivery] external[57] ordinal=58 cycle=24422688 prefix=4414B692CA846767 cause=0x00010040 pc=0x8030464C context=0x804211E0
19:45:57.748 [cycle-delivery] external[58] ordinal=59 cycle=24423214 prefix=D4CE7F380C48A3F1 cause=0x00010040 pc=0x8030464C context=0x804211E0
19:45:57.748 [cycle-delivery] external[59] ordinal=60 cycle=24926687 prefix=A0D9C563158B5722 cause=0x00010040 pc=0x8030464C context=0x804211E0
19:45:57.748 [cycle-delivery] external[60] ordinal=61 cycle=24927213 prefix=127460E702D8AC95 cause=0x00010040 pc=0x8030464C context=0x804211E0
19:45:57.748 [cycle-delivery] external[61] ordinal=62 cycle=25430686 prefix=0347CB7288F05F22 cause=0x00010040 pc=0x8030464C context=0x804211E0
19:45:57.748 [cycle-delivery] external[62] ordinal=63 cycle=25431212 prefix=66CEBECCEEF96929 cause=0x00010040 pc=0x8030464C context=0x804211E0
19:45:57.748 [cycle-delivery] external[63] ordinal=64 cycle=25934688 prefix=6894F3FEFE14956C cause=0x00010040 pc=0x8030464C context=0x804211E0
19:45:57.748 [cycle-delivery] external[64] ordinal=65 cycle=25935214 prefix=3B560456601533B1 cause=0x00010040 pc=0x8030464C context=0x804211E0
19:45:57.748 [cycle-delivery] external[65] ordinal=66 cycle=26438687 prefix=CE9D91EBC0A7D01A cause=0x00010040 pc=0x8030464C context=0x804211E0
19:45:57.748 [cycle-delivery] external[66] ordinal=67 cycle=26439213 prefix=E7804E164DA42051 cause=0x00010040 pc=0x8030464C context=0x804211E0
19:45:57.748 [cycle-delivery] external[67] ordinal=68 cycle=26942686 prefix=15A8B6A18E76126D cause=0x00010040 pc=0x8030464C context=0x804211E0
19:45:57.748 [cycle-delivery] external[68] ordinal=69 cycle=26943212 prefix=A0F32FC8BC8570E1 cause=0x00010040 pc=0x8030464C context=0x804211E0
19:45:57.748 [cycle-delivery] external[69] ordinal=70 cycle=27446688 prefix=7677F966D472FB95 cause=0x00010040 pc=0x8030464C context=0x804211E0
19:45:57.748 [cycle-delivery] external[70] ordinal=71 cycle=27447214 prefix=A685DBC3069F15E5 cause=0x00010040 pc=0x8030464C context=0x804211E0
19:45:57.748 [cycle-delivery] external[71] ordinal=72 cycle=27950687 prefix=515F9633F2BD8A23 cause=0x00010040 pc=0x8030464C context=0x804211E0
19:45:57.748 [cycle-delivery] external[72] ordinal=73 cycle=27951213 prefix=23B931DEA2FFF3C5 cause=0x00010040 pc=0x8030464C context=0x804211E0
19:45:57.748 [cycle-delivery] external[73] ordinal=74 cycle=28454686 prefix=3C1A1B0A65850075 cause=0x00010040 pc=0x8030464C context=0x804211E0
19:45:57.748 [cycle-delivery] external[74] ordinal=75 cycle=28455212 prefix=0BFE92CBD068BA49 cause=0x00010040 pc=0x8030464C context=0x804211E0
19:45:57.748 [cycle-delivery] external[75] ordinal=76 cycle=28958688 prefix=4ABA37CF9BF27A86 cause=0x00010040 pc=0x8030464C context=0x804211E0
19:45:57.748 [cycle-delivery] external[76] ordinal=77 cycle=28959214 prefix=AA241DB9EF350DF5 cause=0x00010040 pc=0x8030464C context=0x804211E0
19:45:57.748 [cycle-delivery] external[77] ordinal=78 cycle=29462687 prefix=AE0B0C2F11CF2208 cause=0x00010040 pc=0x8030464C context=0x804211E0
19:45:57.748 [cycle-delivery] external[78] ordinal=79 cycle=29463213 prefix=F7C9870877E3B2DD cause=0x00010040 pc=0x8030464C context=0x804211E0
19:45:57.748 [cycle-delivery] external[79] ordinal=80 cycle=29966686 prefix=87AFBCA1B94E2E4E cause=0x00010040 pc=0x8030464C context=0x804211E0
19:45:57.748 [cycle-delivery] external[80] ordinal=81 cycle=29967212 prefix=4322825304691455 cause=0x00010040 pc=0x8030464C context=0x804211E0
19:45:57.748 [cycle-delivery] external[81] ordinal=82 cycle=30470688 prefix=9487C14455A10AA0 cause=0x00010040 pc=0x8030464C context=0x804211E0
19:45:57.748 [cycle-delivery] external[82] ordinal=83 cycle=30471214 prefix=E9D59A962ECBD4ED cause=0x00010040 pc=0x8030464C context=0x804211E0
19:45:57.748 [cycle-delivery] external[83] ordinal=84 cycle=30974687 prefix=35061CF80F75B8F9 cause=0x00010040 pc=0x8030464C context=0x804211E0
19:45:57.748 [cycle-delivery] external[84] ordinal=85 cycle=30975213 prefix=496EC707D22CBCB5 cause=0x00010040 pc=0x8030464C context=0x804211E0
19:45:57.748 [cycle-delivery] external[85] ordinal=86 cycle=31478686 prefix=49FDC5CB63BF5803 cause=0x00010040 pc=0x8030464C context=0x804211E0
19:45:57.748 [cycle-delivery] external[86] ordinal=87 cycle=31479212 prefix=D887AB364F1C8FED cause=0x00010040 pc=0x8030464C context=0x804211E0
19:45:57.748 [cycle-delivery] external[87] ordinal=88 cycle=31982688 prefix=C3BB8A148F23D48A cause=0x00010040 pc=0x8030464C context=0x804211E0
19:45:57.748 [cycle-delivery] external[88] ordinal=89 cycle=31983214 prefix=ACF8344FD78B0EDD cause=0x00010040 pc=0x8030464C context=0x804211E0
19:45:57.748 [cycle-delivery] external[89] ordinal=90 cycle=32400001 prefix=EAC2145FDB4AE07F cause=0x00010100 pc=0x80307EF4 context=0x803F09E8
19:45:57.748 [cycle-delivery] external[90] ordinal=91 cycle=32404432 prefix=41B28325A7F2592A cause=0x00010400 pc=0x80322BCC context=0x803A2960
19:45:57.748 [cycle-delivery] external[91] ordinal=92 cycle=32448583 prefix=64F6A21BCCAB8972 cause=0x00010400 pc=0x80304628 context=0x803F09E8
19:45:57.748 [cycle-delivery] external[92] ordinal=93 cycle=32486688 prefix=EF3282E173366671 cause=0x00010040 pc=0x8030464C context=0x804211E0
19:45:57.748 [cycle-delivery] external[93] ordinal=94 cycle=32487214 prefix=206ECE67EE8C716A cause=0x00010040 pc=0x8030464C context=0x804211E0
19:45:57.748 [cycle-delivery] external[94] ordinal=95 cycle=32990687 prefix=D338AC8597B68BB8 cause=0x00010040 pc=0x8030464C context=0x804211E0
19:45:57.748 [cycle-delivery] external[95] ordinal=96 cycle=32991213 prefix=1D5EF8512A5BF3E6 cause=0x00010040 pc=0x8030464C context=0x804211E0
19:45:57.748 [cycle-delivery] external[96] ordinal=97 cycle=33494686 prefix=D776CFEFB6EA7E3C cause=0x00010040 pc=0x8030464C context=0x804211E0
19:45:57.748 [cycle-delivery] external[97] ordinal=98 cycle=33495212 prefix=3D05AD5D53C82C6E cause=0x00010040 pc=0x8030464C context=0x804211E0
19:45:57.748 [cycle-delivery] external[98] ordinal=99 cycle=33998688 prefix=8668D621F96BF50B cause=0x00010040 pc=0x8030464C context=0x804211E0
19:45:57.748 [cycle-delivery] external[99] ordinal=100 cycle=33999214 prefix=3A56AC0B7E3B47D6 cause=0x00010040 pc=0x8030464C context=0x804211E0
19:45:57.748 [cycle-delivery] external[100] ordinal=101 cycle=34502687 prefix=0A3F39E4BA0E3421 cause=0x00010040 pc=0x8030464C context=0x804211E0
19:45:57.748 [cycle-delivery] external[101] ordinal=102 cycle=34503213 prefix=F805A35280759FFA cause=0x00010040 pc=0x8030464C context=0x804211E0
19:45:57.748 [cycle-delivery] external[102] ordinal=103 cycle=35006686 prefix=4F87E0081359FBC2 cause=0x00010040 pc=0x8030464C context=0x804211E0
19:45:57.748 [cycle-delivery] external[103] ordinal=104 cycle=35007212 prefix=ED48AA19B5D2C426 cause=0x00010040 pc=0x8030464C context=0x804211E0
19:45:57.748 [cycle-delivery] external[104] ordinal=105 cycle=35510688 prefix=D6F3107907034BF4 cause=0x00010040 pc=0x8030464C context=0x804211E0
19:45:57.748 [cycle-delivery] external[105] ordinal=106 cycle=35511214 prefix=07B488C885EC835E cause=0x00010040 pc=0x8030464C context=0x804211E0
19:45:57.748 [cycle-delivery] external[106] ordinal=107 cycle=36014687 prefix=F422F391F69E0F06 cause=0x00010040 pc=0x8030464C context=0x804211E0
19:45:57.748 [cycle-delivery] external[107] ordinal=108 cycle=36015213 prefix=CB45FB263955C382 cause=0x00010040 pc=0x8030464C context=0x804211E0
19:45:57.748 [cycle-delivery] external[108] ordinal=109 cycle=36518686 prefix=6BE6D20263D98128 cause=0x00010040 pc=0x8030464C context=0x804211E0
19:45:57.748 [cycle-delivery] external[109] ordinal=110 cycle=36519212 prefix=4E74E8F6C14288CA cause=0x00010040 pc=0x8030464C context=0x804211E0
19:45:57.748 [cycle-delivery] external[110] ordinal=111 cycle=37022688 prefix=C9C49BE9193EF0A9 cause=0x00010040 pc=0x8030464C context=0x804211E0
19:45:57.748 [cycle-delivery] external[111] ordinal=112 cycle=37023214 prefix=99FE694F7AF441E2 cause=0x00010040 pc=0x8030464C context=0x804211E0
19:45:57.748 [cycle-delivery] external[112] ordinal=113 cycle=37526687 prefix=2662E631AC5A8967 cause=0x00010040 pc=0x8030464C context=0x804211E0
19:45:57.748 [cycle-delivery] external[113] ordinal=114 cycle=37527213 prefix=2065B6CA6447A252 cause=0x00010040 pc=0x8030464C context=0x804211E0
19:45:57.748 [cycle-delivery] external[114] ordinal=115 cycle=38030686 prefix=BE2C9E083DED8DA9 cause=0x00010040 pc=0x8030464C context=0x804211E0
19:45:57.748 [cycle-delivery] external[115] ordinal=116 cycle=38031212 prefix=1BF8C90A3C9C4A4E cause=0x00010040 pc=0x8030464C context=0x804211E0
19:45:57.748 [cycle-delivery] external[116] ordinal=117 cycle=38534688 prefix=DA3D5C841F8AA68D cause=0x00010040 pc=0x8030464C context=0x804211E0
19:45:57.748 [cycle-delivery] external[117] ordinal=118 cycle=38535214 prefix=0DC0EE9A19687127 cause=0x00010040 pc=0x8030464C context=0x804211E0
19:45:57.748 [cycle-delivery] external[118] ordinal=119 cycle=39038687 prefix=48E263D1015CAB05 cause=0x00010040 pc=0x8030464C context=0x804211E0
19:45:57.748 [cycle-delivery] external[119] ordinal=120 cycle=39039213 prefix=570BDFA60A4F2A83 cause=0x00010040 pc=0x8030464C context=0x804211E0
19:45:57.748 [cycle-delivery] external[120] ordinal=121 cycle=39542686 prefix=C56DCB357F668583 cause=0x00010040 pc=0x8030464C context=0x804211E0
19:45:57.748 [cycle-delivery] external[121] ordinal=122 cycle=39543212 prefix=D92FD445E616B207 cause=0x00010040 pc=0x8030464C context=0x804211E0
19:45:57.748 [cycle-delivery] external[122] ordinal=123 cycle=40046688 prefix=EF1CBB387802DBEE cause=0x00010040 pc=0x8030464C context=0x804211E0
19:45:57.748 [cycle-delivery] external[123] ordinal=124 cycle=40047214 prefix=B69AEAED5B4C72B3 cause=0x00010040 pc=0x8030464C context=0x804211E0
19:45:57.748 [cycle-delivery] external[124] ordinal=125 cycle=40500001 prefix=06F534BB7C84F186 cause=0x00010100 pc=0x80307EF4 context=0x803F09E8
19:45:57.748 [cycle-delivery] external[125] ordinal=126 cycle=40504456 prefix=CF525A13C07C6607 cause=0x00010400 pc=0x80322BCC context=0x803A2960
19:45:57.748 [cycle-delivery] external[126] ordinal=127 cycle=40548827 prefix=C870A984E8F27412 cause=0x00010400 pc=0x80304628 context=0x803F09E8
19:45:57.748 [cycle-delivery] external[127] ordinal=128 cycle=40553017 prefix=0182E3440817D6E1 cause=0x00010040 pc=0x8030464C context=0x804211E0
19:45:57.748 [cycle-delivery] external[128] ordinal=129 cycle=40553543 prefix=523EBFD91562C8E2 cause=0x00010040 pc=0x8030464C context=0x804211E0
19:45:57.748 [cycle-delivery] external[129] ordinal=130 cycle=41054687 prefix=41BADFF459EAE148 cause=0x00010040 pc=0x8030464C context=0x804211E0
19:45:57.748 [cycle-delivery] external[130] ordinal=131 cycle=41055213 prefix=766D218AC97ACE52 cause=0x00010040 pc=0x8030464C context=0x804211E0
19:45:57.748 [cycle-delivery] external[131] ordinal=132 cycle=41558686 prefix=8AA629B3EBF6E958 cause=0x00010040 pc=0x8030464C context=0x804211E0
19:45:57.748 [cycle-delivery] external[132] ordinal=133 cycle=41559212 prefix=C214B4D33BF20296 cause=0x00010040 pc=0x8030464C context=0x804211E0
19:45:57.748 [cycle-delivery] external[133] ordinal=134 cycle=42062688 prefix=4A3757F075EEDAAE cause=0x00010040 pc=0x8030464C context=0x804211E0
19:45:57.748 [cycle-delivery] external[134] ordinal=135 cycle=42063214 prefix=62316BF8D1CF768A cause=0x00010040 pc=0x8030464C context=0x804211E0
19:45:57.748 [cycle-delivery] external[135] ordinal=136 cycle=42566687 prefix=89EB400E72174BC8 cause=0x00010040 pc=0x8030464C context=0x804211E0
19:45:57.748 [cycle-delivery] external[136] ordinal=137 cycle=42567213 prefix=206FEC5080156C76 cause=0x00010040 pc=0x8030464C context=0x804211E0
19:45:57.748 [cycle-delivery] external[137] ordinal=138 cycle=43070686 prefix=BB3B0155992A0507 cause=0x00010040 pc=0x8030464C context=0x804211E0
19:45:57.748 [cycle-delivery] external[138] ordinal=139 cycle=43071212 prefix=9F5AEF52040EA182 cause=0x00010040 pc=0x8030464C context=0x804211E0
19:45:57.748 [cycle-delivery] external[139] ordinal=140 cycle=43574688 prefix=B048EA7AE8EB4517 cause=0x00010040 pc=0x8030464C context=0x804211E0
19:45:57.748 [cycle-delivery] external[140] ordinal=141 cycle=43575214 prefix=4E08A5ED7BA5A462 cause=0x00010040 pc=0x8030464C context=0x804211E0
19:45:57.748 [cycle-delivery] external[141] ordinal=142 cycle=44078687 prefix=5BB95F90F15B7969 cause=0x00010040 pc=0x8030464C context=0x804211E0
19:45:57.748 [cycle-delivery] external[142] ordinal=143 cycle=44079213 prefix=06E5643A2F3ADD6E cause=0x00010040 pc=0x8030464C context=0x804211E0
19:45:57.748 [cycle-delivery] external[143] ordinal=144 cycle=44582686 prefix=41922B995C30ED27 cause=0x00010040 pc=0x8030464C context=0x804211E0
19:45:57.748 [cycle-delivery] external[144] ordinal=145 cycle=44583212 prefix=F796045C9243CEA2 cause=0x00010040 pc=0x8030464C context=0x804211E0
19:45:57.748 [cycle-delivery] external[145] ordinal=146 cycle=45086688 prefix=B3996A20F014FFE4 cause=0x00010040 pc=0x8030464C context=0x804211E0
19:45:57.748 [cycle-delivery] external[146] ordinal=147 cycle=45087214 prefix=EA30A7DE9683AF26 cause=0x00010040 pc=0x8030464C context=0x804211E0
19:45:57.748 [cycle-delivery] external[147] ordinal=148 cycle=45590687 prefix=5872EDE77BD9C0C6 cause=0x00010040 pc=0x8030464C context=0x804211E0
19:45:57.748 [cycle-delivery] external[148] ordinal=149 cycle=45591213 prefix=F3D0158A8A47EEEE cause=0x00010040 pc=0x8030464C context=0x804211E0
19:45:57.748 [cycle-delivery] external[149] ordinal=150 cycle=46094686 prefix=0973E074C644293C cause=0x00010040 pc=0x8030464C context=0x804211E0
19:45:57.748 [cycle-delivery] external[150] ordinal=151 cycle=46095212 prefix=523321F7754747FA cause=0x00010040 pc=0x8030464C context=0x804211E0
19:45:57.748 [cycle-delivery] external[151] ordinal=152 cycle=46598688 prefix=8D170C125A0DDEC1 cause=0x00010040 pc=0x8030464C context=0x804211E0
19:45:57.748 [cycle-delivery] external[152] ordinal=153 cycle=46599214 prefix=C00A1FD556148AAE cause=0x00010040 pc=0x8030464C context=0x804211E0
19:45:57.748 [cycle-delivery] external[153] ordinal=154 cycle=47102687 prefix=8F372DD6827A28AB cause=0x00010040 pc=0x8030464C context=0x804211E0
19:45:57.748 [cycle-delivery] external[154] ordinal=155 cycle=47103213 prefix=922592E02321F936 cause=0x00010040 pc=0x8030464C context=0x804211E0
19:45:57.748 [cycle-delivery] external[155] ordinal=156 cycle=47606686 prefix=6D69B202A3F8D965 cause=0x00010040 pc=0x8030464C context=0x804211E0
19:45:57.748 [cycle-delivery] external[156] ordinal=157 cycle=47607212 prefix=59F767191BDEEB8A cause=0x00010040 pc=0x8030464C context=0x804211E0
19:45:57.748 [cycle-delivery] external[157] ordinal=158 cycle=48110688 prefix=43C9F9B3F2BBAB58 cause=0x00010040 pc=0x8030464C context=0x804211E0
19:45:57.748 [cycle-delivery] external[158] ordinal=159 cycle=48111214 prefix=3226FD109D40D696 cause=0x00010040 pc=0x8030464C context=0x804211E0
19:45:57.748 [cycle-delivery] external[159] ordinal=160 cycle=48600211 prefix=464CC1F161654C06 cause=0x00010100 pc=0x80307EF4 context=0x803F09E8
19:45:57.748 [cycle-delivery] external[160] ordinal=161 cycle=48606978 prefix=5A7E13E3EC5E4A74 cause=0x00010040 pc=0x8030464C context=0x804211E0
19:45:57.748 [cycle-delivery] external[161] ordinal=162 cycle=48607504 prefix=3645358DAA34703E cause=0x00010040 pc=0x8030464C context=0x804211E0
19:45:57.748 [cycle-delivery] external[162] ordinal=163 cycle=48611657 prefix=4FE865DF54839A24 cause=0x00010400 pc=0x80322BCC context=0x803A2960
19:45:57.748 [cycle-delivery] external[163] ordinal=164 cycle=48655821 prefix=5CE597ABE1A1B10F cause=0x00010400 pc=0x80304628 context=0x803F09E8
19:45:57.748 [cycle-delivery] external[164] ordinal=165 cycle=49106087 prefix=EA90408B638BFFA5 cause=0x00010040 pc=0x8030464C context=0x804211E0
19:45:57.748 [cycle-delivery] external[165] ordinal=166 cycle=49106613 prefix=91D1C6599078CDC7 cause=0x00010040 pc=0x8030464C context=0x804211E0
19:45:57.748 [cycle-delivery] external[166] ordinal=167 cycle=49610086 prefix=3797BE1A8468AEA0 cause=0x00010040 pc=0x8030464C context=0x804211E0
19:45:57.748 [cycle-delivery] external[167] ordinal=168 cycle=49610612 prefix=EA0B21F463F5EB7F cause=0x00010040 pc=0x8030464C context=0x804211E0
19:45:57.748 [cycle-delivery] external[168] ordinal=169 cycle=50114088 prefix=D6E5E5D2ED900411 cause=0x00010040 pc=0x8030464C context=0x804211E0
19:45:57.748 [cycle-delivery] external[169] ordinal=170 cycle=50114614 prefix=4DBE39B58017FB03 cause=0x00010040 pc=0x8030464C context=0x804211E0
19:45:57.748 [cycle-delivery] external[170] ordinal=171 cycle=50618087 prefix=3C756DB39FEF8115 cause=0x00010040 pc=0x8030464C context=0x804211E0
19:45:57.748 [cycle-delivery] external[171] ordinal=172 cycle=50618613 prefix=9584AC668F810B8B cause=0x00010040 pc=0x8030464C context=0x804211E0
19:45:57.749 [cycle-delivery] external[172] ordinal=173 cycle=51122086 prefix=693501157FFF285F cause=0x00010040 pc=0x8030464C context=0x804211E0
19:45:57.749 [cycle-delivery] external[173] ordinal=174 cycle=51122612 prefix=CD020DA0015509DF cause=0x00010040 pc=0x8030464C context=0x804211E0
19:45:57.749 [cycle-delivery] external[174] ordinal=175 cycle=51626088 prefix=7F192C2045B7A227 cause=0x00010040 pc=0x8030464C context=0x804211E0
19:45:57.749 [cycle-delivery] external[175] ordinal=176 cycle=51626614 prefix=E5CE489201BFB433 cause=0x00010040 pc=0x8030464C context=0x804211E0
19:45:57.749 [cycle-delivery] external[176] ordinal=177 cycle=52130087 prefix=5DC44CB22C15D897 cause=0x00010040 pc=0x8030464C context=0x804211E0
19:45:57.749 [cycle-delivery] external[177] ordinal=178 cycle=52130613 prefix=AE209BBABF772D67 cause=0x00010040 pc=0x8030464C context=0x804211E0
19:45:57.749 [cycle-delivery] external[178] ordinal=179 cycle=52634086 prefix=2401C8A1425D9170 cause=0x00010040 pc=0x8030464C context=0x804211E0
19:45:57.749 [cycle-delivery] external[179] ordinal=180 cycle=52634612 prefix=C8CD93C4CE56012B cause=0x00010040 pc=0x8030464C context=0x804211E0
19:45:57.749 [cycle-delivery] external[180] ordinal=181 cycle=53138088 prefix=9DB65C1BDBC009A6 cause=0x00010040 pc=0x8030464C context=0x804211E0
19:45:57.749 [cycle-delivery] external[181] ordinal=182 cycle=53138614 prefix=26578C0EDAD295D7 cause=0x00010040 pc=0x8030464C context=0x804211E0
19:45:57.749 [cycle-delivery] external[182] ordinal=183 cycle=53642087 prefix=AEF65507A93E056E cause=0x00010040 pc=0x8030464C context=0x804211E0
19:45:57.749 [cycle-delivery] external[183] ordinal=184 cycle=53642613 prefix=2CA2761F5586DB73 cause=0x00010040 pc=0x8030464C context=0x804211E0
19:45:57.749 [cycle-delivery] external[184] ordinal=185 cycle=54146086 prefix=7BD78DE4CD1CA242 cause=0x00010040 pc=0x8030464C context=0x804211E0
19:45:57.749 [cycle-delivery] external[185] ordinal=186 cycle=54146612 prefix=C66962C62F75A0AB cause=0x00010040 pc=0x8030464C context=0x804211E0
19:45:57.749 [cycle-delivery] external[186] ordinal=187 cycle=54650088 prefix=D40F51880CA742E1 cause=0x00010040 pc=0x8030464C context=0x804211E0
19:45:57.749 [cycle-delivery] external[187] ordinal=188 cycle=54650614 prefix=BE3857571AE2A1BF cause=0x00010040 pc=0x8030464C context=0x804211E0
19:45:57.749 [cycle-delivery] external[188] ordinal=189 cycle=55154087 prefix=26A373576FA29075 cause=0x00010040 pc=0x8030464C context=0x804211E0
19:45:57.749 [cycle-delivery] external[189] ordinal=190 cycle=55154613 prefix=81E3FBA41E5553B7 cause=0x00010040 pc=0x8030464C context=0x804211E0
19:45:57.749 [cycle-delivery] external[190] ordinal=191 cycle=55658086 prefix=9E193DD3CC9A33E1 cause=0x00010040 pc=0x8030464C context=0x804211E0
19:45:57.749 [cycle-delivery] external[191] ordinal=192 cycle=55658612 prefix=C19103C8CA93197B cause=0x00010040 pc=0x8030464C context=0x804211E0
19:45:57.749 [cycle-delivery] external[192] ordinal=193 cycle=56162088 prefix=90EF49898BC88609 cause=0x00010040 pc=0x8030464C context=0x804211E0
19:45:57.749 [cycle-delivery] external[193] ordinal=194 cycle=56162614 prefix=67999F73250EF097 cause=0x00010040 pc=0x8030464C context=0x804211E0
19:45:57.749 [cycle-delivery] external[194] ordinal=195 cycle=56666087 prefix=D04A56173E094D84 cause=0x00010040 pc=0x8030464C context=0x804211E0
19:45:57.749 [cycle-delivery] external[195] ordinal=196 cycle=56666613 prefix=2EEACBC5F038BA37 cause=0x00010040 pc=0x8030464C context=0x804211E0
19:45:57.749 [cycle-delivery] external[196] ordinal=197 cycle=56700000 prefix=D526539100087C4B cause=0x00010100 pc=0x80307EF4 context=0x803F09E8
19:45:57.749 [cycle-delivery] external[197] ordinal=198 cycle=56704455 prefix=E26F842713E50BC2 cause=0x00010400 pc=0x80322BCC context=0x803A2960
19:45:57.749 [cycle-delivery] external[198] ordinal=199 cycle=56748615 prefix=C79F091C7E6EA2F8 cause=0x00010400 pc=0x80304628 context=0x803F09E8
19:45:57.749 [cycle-delivery] external[199] ordinal=200 cycle=57170087 prefix=8BDD1FBB420B6A54 cause=0x00010040 pc=0x8030464C context=0x804211E0
19:45:57.749 [cycle-delivery] external[200] ordinal=201 cycle=57170613 prefix=8B30060106D03FE0 cause=0x00010040 pc=0x8030464C context=0x804211E0
19:45:57.749 [cycle-delivery] external[201] ordinal=202 cycle=57674086 prefix=EA60E43F6D746C1A cause=0x00010040 pc=0x8030464C context=0x804211E0
19:45:57.749 [cycle-delivery] external[202] ordinal=203 cycle=57674612 prefix=3729311FE542FDE8 cause=0x00010040 pc=0x8030464C context=0x804211E0
19:45:57.749 [cycle-delivery] external[203] ordinal=204 cycle=58178088 prefix=AF40B11C4168310A cause=0x00010040 pc=0x8030464C context=0x804211E0
19:45:57.749 [cycle-delivery] external[204] ordinal=205 cycle=58178614 prefix=61F35D6999530A54 cause=0x00010040 pc=0x8030464C context=0x804211E0
19:45:57.749 [cycle-delivery] external[205] ordinal=206 cycle=58682087 prefix=D931EA82A0CA2653 cause=0x00010040 pc=0x8030464C context=0x804211E0
19:45:57.749 [cycle-delivery] external[206] ordinal=207 cycle=58682613 prefix=7DBD0540F9550C4C cause=0x00010040 pc=0x8030464C context=0x804211E0
19:45:57.749 [cycle-delivery] external[207] ordinal=208 cycle=59186086 prefix=36E5B5EB5B80D9BD cause=0x00010040 pc=0x8030464C context=0x804211E0
19:45:57.749 [cycle-delivery] external[208] ordinal=209 cycle=59186612 prefix=1166BD6F8B13B2F8 cause=0x00010040 pc=0x8030464C context=0x804211E0
19:45:57.749 [cycle-delivery] external[209] ordinal=210 cycle=59690088 prefix=ED11F447E52406E3 cause=0x00010040 pc=0x8030464C context=0x804211E0
19:45:57.749 [cycle-delivery] external[210] ordinal=211 cycle=59690614 prefix=30D5712571EF9878 cause=0x00010040 pc=0x8030464C context=0x804211E0
19:45:57.749 [cycle-delivery] external[211] ordinal=212 cycle=60194087 prefix=3D92CF051B89F09F cause=0x00010040 pc=0x8030464C context=0x804211E0
19:45:57.749 [cycle-delivery] external[212] ordinal=213 cycle=60194613 prefix=CA96DBF636F385A4 cause=0x00010040 pc=0x8030464C context=0x804211E0
19:45:57.749 [cycle-delivery] external[213] ordinal=214 cycle=60698086 prefix=03BFCBAE2BB9B230 cause=0x00010040 pc=0x8030464C context=0x804211E0
19:45:57.749 [cycle-delivery] external[214] ordinal=215 cycle=60698612 prefix=688F45AA0E0594A8 cause=0x00010040 pc=0x8030464C context=0x804211E0
19:45:57.749 [cycle-delivery] external[215] ordinal=216 cycle=61202088 prefix=BD1E82E61CD97714 cause=0x00010040 pc=0x8030464C context=0x804211E0
19:45:57.749 [cycle-delivery] external[216] ordinal=217 cycle=61202614 prefix=2CE19B24D4A8988C cause=0x00010040 pc=0x8030464C context=0x804211E0
19:45:57.749 [cycle-delivery] external[217] ordinal=218 cycle=61706087 prefix=DD9A1BB574CF2998 cause=0x00010040 pc=0x8030464C context=0x804211E0
19:45:57.749 [cycle-delivery] external[218] ordinal=219 cycle=61706613 prefix=9084876F53C19248 cause=0x00010040 pc=0x8030464C context=0x804211E0
19:45:57.749 [cycle-delivery] external[219] ordinal=220 cycle=62210086 prefix=3BC1BB65A1EEAD70 cause=0x00010040 pc=0x8030464C context=0x804211E0
19:45:57.749 [cycle-delivery] external[220] ordinal=221 cycle=62210612 prefix=3FDE8A49FA6466DC cause=0x00010040 pc=0x8030464C context=0x804211E0
19:45:57.749 [cycle-delivery] external[221] ordinal=222 cycle=62714088 prefix=37A2E8A70EA4A295 cause=0x00010040 pc=0x8030464C context=0x804211E0
19:45:57.749 [cycle-delivery] external[222] ordinal=223 cycle=62714614 prefix=0C75C1C0C6874024 cause=0x00010040 pc=0x8030464C context=0x804211E0
19:45:57.749 [cycle-delivery] external[223] ordinal=224 cycle=63218087 prefix=E9AC0AA292578F85 cause=0x00010040 pc=0x8030464C context=0x804211E0
19:45:57.749 [cycle-delivery] external[224] ordinal=225 cycle=63218613 prefix=8D5518790B9BB4FC cause=0x00010040 pc=0x8030464C context=0x804211E0
19:45:57.749 [cycle-delivery] external[225] ordinal=226 cycle=63722086 prefix=E954B2BB5AEF6361 cause=0x00010040 pc=0x8030464C context=0x804211E0
19:45:57.749 [cycle-delivery] external[226] ordinal=227 cycle=63722612 prefix=9A6F2DC0E7E62268 cause=0x00010040 pc=0x8030464C context=0x804211E0
19:45:57.749 [cycle-delivery] external[227] ordinal=228 cycle=64226088 prefix=B6335A5670CD26AE cause=0x00010040 pc=0x8030464C context=0x804211E0
19:45:57.749 [cycle-delivery] external[228] ordinal=229 cycle=64226614 prefix=48A5FB9009AE0810 cause=0x00010040 pc=0x8030464C context=0x804211E0
19:45:57.749 [cycle-delivery] external[229] ordinal=230 cycle=64730087 prefix=7033075FDAD76DD2 cause=0x00010040 pc=0x8030464C context=0x804211E0
19:45:57.749 [cycle-delivery] external[230] ordinal=231 cycle=64730613 prefix=11370B403959FFA0 cause=0x00010040 pc=0x8030464C context=0x804211E0
19:45:57.749 [cycle-delivery] external[231] ordinal=232 cycle=64800000 prefix=BD4642DB04FC6146 cause=0x00010100 pc=0x80307EF4 context=0x803F09E8
19:45:57.749 [cycle-delivery] external[232] ordinal=233 cycle=64804455 prefix=F587E698DEA9617F cause=0x00010400 pc=0x80322BCC context=0x803A2960
19:45:57.749 [cycle-delivery] external[233] ordinal=234 cycle=64848616 prefix=43AD621C3B48D218 cause=0x00010400 pc=0x80304628 context=0x803F09E8
19:45:57.749 [cycle-delivery] external[234] ordinal=235 cycle=65234088 prefix=AC21F530A8D7A894 cause=0x00010040 pc=0x8030464C context=0x804211E0
19:45:57.749 [cycle-delivery] external[235] ordinal=236 cycle=65234614 prefix=24A4B3676F1F6528 cause=0x00010040 pc=0x8030464C context=0x804211E0
19:45:57.749 [cycle-delivery] external[236] ordinal=237 cycle=65738087 prefix=75DDE41C0597A6EC cause=0x00010040 pc=0x8030464C context=0x804211E0
19:45:57.749 [cycle-delivery] external[237] ordinal=238 cycle=65738613 prefix=2426BE37991063A8 cause=0x00010040 pc=0x8030464C context=0x804211E0
19:45:57.749 [cycle-delivery] external[238] ordinal=239 cycle=66242086 prefix=278D45269197C4A3 cause=0x00010040 pc=0x8030464C context=0x804211E0
19:45:57.749 [cycle-delivery] external[239] ordinal=240 cycle=66242612 prefix=5C21610480969D44 cause=0x00010040 pc=0x8030464C context=0x804211E0
19:45:57.749 [cycle-delivery] external[240] ordinal=241 cycle=66746088 prefix=7239AFBA376AE2BD cause=0x00010040 pc=0x8030464C context=0x804211E0
19:45:57.749 [cycle-delivery] external[241] ordinal=242 cycle=66746614 prefix=5430B0E6F3A90C14 cause=0x00010040 pc=0x8030464C context=0x804211E0
19:45:57.749 [cycle-delivery] external[242] ordinal=243 cycle=67250087 prefix=A74DE96CC5AA9EF6 cause=0x00010040 pc=0x8030464C context=0x804211E0
19:45:57.749 [cycle-delivery] external[243] ordinal=244 cycle=67250613 prefix=1313D7A49D638628 cause=0x00010040 pc=0x8030464C context=0x804211E0
19:45:57.749 [cycle-delivery] external[244] ordinal=245 cycle=67754086 prefix=A9DFAD9783E9A7B3 cause=0x00010040 pc=0x8030464C context=0x804211E0
19:45:57.749 [cycle-delivery] external[245] ordinal=246 cycle=67754612 prefix=B97199ADE69063B4 cause=0x00010040 pc=0x8030464C context=0x804211E0
19:45:57.749 [cycle-delivery] external[246] ordinal=247 cycle=68258088 prefix=A8539BB416CC424C cause=0x00010040 pc=0x8030464C context=0x804211E0
19:45:57.749 [cycle-delivery] external[247] ordinal=248 cycle=68258614 prefix=E3A6C59F98C88A3C cause=0x00010040 pc=0x8030464C context=0x804211E0
19:45:57.749 [cycle-delivery] external[248] ordinal=249 cycle=68762087 prefix=A3902F0E958BF81D cause=0x00010040 pc=0x8030464C context=0x804211E0
19:45:57.749 [cycle-delivery] external[249] ordinal=250 cycle=68762613 prefix=083F523376627890 cause=0x00010040 pc=0x8030464C context=0x804211E0
19:45:57.749 [cycle-delivery] external[250] ordinal=251 cycle=69266086 prefix=25F2DFBF59C98D4E cause=0x00010040 pc=0x8030464C context=0x804211E0
19:45:57.749 [cycle-delivery] external[251] ordinal=252 cycle=69266612 prefix=BEA5440AE8697CFC cause=0x00010040 pc=0x8030464C context=0x804211E0
19:45:57.749 [cycle-delivery] external[252] ordinal=253 cycle=69770088 prefix=065029950F04E8FD cause=0x00010040 pc=0x8030464C context=0x804211E0
19:45:57.749 [cycle-delivery] external[253] ordinal=254 cycle=69770614 prefix=61D102311A0A9BA8 cause=0x00010040 pc=0x8030464C context=0x804211E0
19:45:57.749 [cycle-delivery] external[254] ordinal=255 cycle=70274087 prefix=F7354AB56F8C1877 cause=0x00010040 pc=0x8030464C context=0x804211E0
19:45:57.749 [cycle-delivery] external[255] ordinal=256 cycle=70274613 prefix=993670D5A19610B8 cause=0x00010040 pc=0x8030464C context=0x804211E0
19:45:57.749 [cycle-delivery] external[256] ordinal=257 cycle=70778086 prefix=FAAAE38C1F42000D cause=0x00010040 pc=0x8030464C context=0x804211E0
19:45:57.749 [cycle-delivery] external[257] ordinal=258 cycle=70778612 prefix=9C05621C048BCBE8 cause=0x00010040 pc=0x8030464C context=0x804211E0
19:45:57.749 [cycle-delivery] external[258] ordinal=259 cycle=71282088 prefix=A18953A1D22B401E cause=0x00010040 pc=0x8030464C context=0x804211E0
19:45:57.749 [cycle-delivery] external[259] ordinal=260 cycle=71282614 prefix=F6A0F6B6780DA100 cause=0x00010040 pc=0x8030464C context=0x804211E0
19:45:57.749 [cycle-delivery] external[260] ordinal=261 cycle=71786087 prefix=56F31A3475CAA548 cause=0x00010040 pc=0x8030464C context=0x804211E0
19:45:57.749 [cycle-delivery] external[261] ordinal=262 cycle=71786613 prefix=CBF8A8387158A314 cause=0x00010040 pc=0x8030464C context=0x804211E0
19:45:57.749 [cycle-delivery] external[262] ordinal=263 cycle=72289743 prefix=B373716ACCA4F4EF cause=0x00010040 pc=0x8030464C context=0x804211E0
19:45:57.749 [cycle-delivery] external[263] ordinal=264 cycle=72900002 prefix=0AA1142E4DB8C6FC cause=0x00010100 pc=0x80307EF4 context=0x803F09E8
19:45:57.749 [cycle-delivery] external[264] ordinal=265 cycle=72904457 prefix=E210D58DB8B032E9 cause=0x00010400 pc=0x80322BCC context=0x803A2960
19:45:57.749 [cycle-delivery] external[265] ordinal=266 cycle=75767722 prefix=E95DD76D08C26E52 cause=0x00010040 pc=0x8030464C context=0x804211E0
19:45:57.749 [cycle-delivery] external[266] ordinal=267 cycle=75782442 prefix=DF4DCE38AD4161D3 cause=0x00010040 pc=0x8030464C context=0x804211E0
19:45:57.749 [cycle-delivery] external[267] ordinal=268 cycle=75797096 prefix=0414050053A58F33 cause=0x00010040 pc=0x8030464C context=0x804211E0
19:45:57.749 [cycle-delivery] external[268] ordinal=269 cycle=75811762 prefix=01B81DA2F24089E8 cause=0x00010040 pc=0x8030464C context=0x804211E0
19:45:57.749 [cycle-delivery] external[269] ordinal=270 cycle=75826351 prefix=FC969F1EDA530CE8 cause=0x00010040 pc=0x8030464C context=0x804211E0
19:45:57.749 [cycle-delivery] external[270] ordinal=271 cycle=75841042 prefix=E318160C6EC7E9D1 cause=0x00010040 pc=0x8030464C context=0x804211E0
19:45:57.749 [cycle-delivery] external[271] ordinal=272 cycle=75855618 prefix=FDEC1BFBA7992E8D cause=0x00010040 pc=0x8030464C context=0x804211E0
19:45:57.749 [cycle-delivery] external[272] ordinal=273 cycle=75870318 prefix=887D09FAF2EA4A6A cause=0x00010040 pc=0x8030464C context=0x804211E0
19:45:57.749 [cycle-delivery] external[273] ordinal=274 cycle=75884883 prefix=FB1C9DA6FC07874F cause=0x00010040 pc=0x8030464C context=0x804211E0
19:45:57.749 [cycle-delivery] external[274] ordinal=275 cycle=75899605 prefix=C18EEAA7C4DB262A cause=0x00010040 pc=0x8030464C context=0x804211E0
19:45:57.749 [cycle-delivery] external[275] ordinal=276 cycle=75914215 prefix=D15B1B4E517E8B98 cause=0x00010040 pc=0x8030464C context=0x804211E0
19:45:57.749 [cycle-delivery] external[276] ordinal=277 cycle=75929012 prefix=9F54382CCC3A32D9 cause=0x00010040 pc=0x8030464C context=0x804211E0
19:45:57.749 [cycle-delivery] external[277] ordinal=278 cycle=75943583 prefix=7AA18A4DC21BCE02 cause=0x00010040 pc=0x8030464C context=0x804211E0
19:45:57.749 [cycle-delivery] external[278] ordinal=279 cycle=75957977 prefix=119D9915955B3780 cause=0x00010040 pc=0x8030464C context=0x804211E0
19:45:57.749 [cycle-delivery] external[279] ordinal=280 cycle=75972904 prefix=E7F94D0513525E52 cause=0x00010040 pc=0x8030464C context=0x804211E0
19:45:57.749 [cycle-delivery] external[280] ordinal=281 cycle=75987847 prefix=5CB49194D48FA5C3 cause=0x00010040 pc=0x8030464C context=0x804211E0
19:45:57.749 [cycle-delivery] external[281] ordinal=282 cycle=76002817 prefix=183F3A1B4A4997F5 cause=0x00010040 pc=0x8030464C context=0x804211E0
19:45:57.749 [cycle-delivery] external[282] ordinal=283 cycle=76017816 prefix=3F574967C5BA9F2E cause=0x00010040 pc=0x8030464C context=0x804211E0
19:45:57.749 [cycle-delivery] external[283] ordinal=284 cycle=76032554 prefix=71C47BFF9488CFA0 cause=0x00010040 pc=0x8030464C context=0x804211E0
19:45:57.749 [cycle-delivery] external[284] ordinal=285 cycle=76046288 prefix=8FEAF9471632EF0D cause=0x00010040 pc=0x8030464C context=0x804211E0
19:45:57.749 [cycle-delivery] external[285] ordinal=286 cycle=76059997 prefix=019B527566138BDD cause=0x00010040 pc=0x8030464C context=0x804211E0
19:45:57.749 [cycle-delivery] external[286] ordinal=287 cycle=76073805 prefix=B5903D5887B95513 cause=0x00010040 pc=0x8030464C context=0x804211E0
19:45:57.749 [cycle-delivery] external[287] ordinal=288 cycle=76088284 prefix=CE33BE07C1EE33CD cause=0x00010040 pc=0x8030464C context=0x804211E0
19:45:57.749 [cycle-delivery] external[288] ordinal=289 cycle=76102758 prefix=35AD271B7939D672 cause=0x00010040 pc=0x8030464C context=0x804211E0
19:45:57.749 [cycle-delivery] external[289] ordinal=290 cycle=76117259 prefix=22817EB2B96580E7 cause=0x00010040 pc=0x8030464C context=0x804211E0
19:45:57.749 [cycle-delivery] external[290] ordinal=291 cycle=76131481 prefix=D1674DEEA43BEDE9 cause=0x00010040 pc=0x8030464C context=0x804211E0
19:45:57.749 [cycle-delivery] external[291] ordinal=292 cycle=76146131 prefix=9B5CDF3CBD92D4B4 cause=0x00010040 pc=0x8030464C context=0x804211E0
19:45:57.749 [cycle-delivery] external[292] ordinal=293 cycle=76160832 prefix=61D27EEA286CCE5B cause=0x00010040 pc=0x8030464C context=0x804211E0
19:45:57.749 [cycle-delivery] external[293] ordinal=294 cycle=76174818 prefix=7F79C36428CCAAB0 cause=0x00010040 pc=0x8030464C context=0x804211E0
19:45:57.749 [cycle-delivery] external[294] ordinal=295 cycle=76189176 prefix=25EEC7176DA02EB1 cause=0x00010040 pc=0x8030464C context=0x804211E0
19:45:57.749 [cycle-delivery] external[295] ordinal=296 cycle=76203359 prefix=C387D6C480A86F55 cause=0x00010040 pc=0x8030464C context=0x804211E0
19:45:57.749 [cycle-delivery] external[296] ordinal=297 cycle=76216765 prefix=EFE551D0B2FCB573 cause=0x00010040 pc=0x8030464C context=0x804211E0
19:45:57.749 [cycle-delivery] external[297] ordinal=298 cycle=76230177 prefix=83ACE9CA193F7D79 cause=0x00010040 pc=0x8030464C context=0x804211E0
19:45:57.749 [cycle-delivery] external[298] ordinal=299 cycle=76243583 prefix=09D824DB4BE40BC9 cause=0x00010040 pc=0x8030464C context=0x804211E0
19:45:57.749 [cycle-delivery] external[299] ordinal=300 cycle=76256989 prefix=38CC3C046BADBBA3 cause=0x00010040 pc=0x8030464C context=0x804211E0
19:45:57.749 [cycle-delivery] external[300] ordinal=301 cycle=76270395 prefix=DD0B1909D8C05952 cause=0x00010040 pc=0x8030464C context=0x804211E0
19:45:57.749 [cycle-delivery] external[301] ordinal=302 cycle=76283773 prefix=FF0AE7D7084D7715 cause=0x00010040 pc=0x8030464C context=0x804211E0
19:45:57.749 [cycle-delivery] external[302] ordinal=303 cycle=76297438 prefix=DA34AD591387CE71 cause=0x00010040 pc=0x8030464C context=0x804211E0
19:45:57.749 [cycle-delivery] external[303] ordinal=304 cycle=76312021 prefix=5AC6D454562DA52D cause=0x00010040 pc=0x8030464C context=0x804211E0
19:45:57.749 [cycle-delivery] external[304] ordinal=305 cycle=76326708 prefix=F063B4F41D64B830 cause=0x00010040 pc=0x8030464C context=0x804211E0
19:45:57.749 [cycle-delivery] external[305] ordinal=306 cycle=76341100 prefix=0612CE33E18C3BC5 cause=0x00010040 pc=0x8030464C context=0x804211E0
19:45:57.749 [cycle-delivery] external[306] ordinal=307 cycle=76355285 prefix=BD2C172C2EC935D5 cause=0x00010040 pc=0x8030464C context=0x804211E0
19:45:57.749 [cycle-delivery] external[307] ordinal=308 cycle=76369207 prefix=19FFD7AED92A24B0 cause=0x00010040 pc=0x8030464C context=0x804211E0
19:45:57.749 [cycle-delivery] external[308] ordinal=309 cycle=76384093 prefix=BA3094FF7FEFAE05 cause=0x00010040 pc=0x8030464C context=0x804211E0
19:45:57.749 [cycle-delivery] external[309] ordinal=310 cycle=76398740 prefix=B661AA124FEE86F8 cause=0x00010040 pc=0x8030464C context=0x804211E0
19:45:57.749 [cycle-delivery] external[310] ordinal=311 cycle=76413090 prefix=21C3FCBC5D110773 cause=0x00010040 pc=0x8030464C context=0x804211E0
19:45:57.749 [cycle-delivery] external[311] ordinal=312 cycle=76426894 prefix=37769C09C068AABB cause=0x00010040 pc=0x8030464C context=0x804211E0
19:45:57.749 [cycle-delivery] external[312] ordinal=313 cycle=76440381 prefix=7E4D26011C22ED3B cause=0x00010040 pc=0x8030464C context=0x804211E0
19:45:57.749 [cycle-delivery] external[313] ordinal=314 cycle=76453795 prefix=66495AC0E304582D cause=0x00010040 pc=0x8030464C context=0x804211E0
19:45:57.749 [cycle-delivery] external[314] ordinal=315 cycle=76467206 prefix=7AD2644F3144ECFF cause=0x00010040 pc=0x8030464C context=0x804211E0
19:45:57.749 [cycle-delivery] external[315] ordinal=316 cycle=76480612 prefix=E46DFDDB606A2D98 cause=0x00010040 pc=0x8030464C context=0x804211E0
19:45:57.749 [cycle-delivery] external[316] ordinal=317 cycle=76494048 prefix=3DBB2EBFD3C864AF cause=0x00010040 pc=0x8030464C context=0x804211E0
19:45:57.749 [cycle-delivery] external[317] ordinal=318 cycle=76507620 prefix=7A8949F390537AC9 cause=0x00010040 pc=0x8030464C context=0x804211E0
19:45:57.749 [cycle-delivery] external[318] ordinal=319 cycle=76521820 prefix=EA57BC3A828F7207 cause=0x00010040 pc=0x8030464C context=0x804211E0
19:45:57.749 [cycle-delivery] external[319] ordinal=320 cycle=76536651 prefix=394992F841CB6D1A cause=0x00010040 pc=0x8030464C context=0x804211E0
19:45:57.749 [cycle-delivery] external[320] ordinal=321 cycle=76551491 prefix=FECD504DBDE9A220 cause=0x00010040 pc=0x8030464C context=0x804211E0
19:45:57.749 [cycle-delivery] external[321] ordinal=322 cycle=76566356 prefix=5F1EE6E381EAD541 cause=0x00010040 pc=0x8030464C context=0x804211E0
19:45:57.749 [cycle-delivery] external[322] ordinal=323 cycle=76581236 prefix=D52762DE8B187912 cause=0x00010040 pc=0x8030464C context=0x804211E0
19:45:57.749 [cycle-delivery] external[323] ordinal=324 cycle=76595873 prefix=7065DBCB345AE1E9 cause=0x00010040 pc=0x8030464C context=0x804211E0
19:45:57.749 [cycle-delivery] external[324] ordinal=325 cycle=76610270 prefix=A54D206690F6C8BB cause=0x00010040 pc=0x8030464C context=0x804211E0
19:45:57.749 [cycle-delivery] external[325] ordinal=326 cycle=76624581 prefix=970323205B8A94A7 cause=0x00010040 pc=0x8030464C context=0x804211E0
19:45:57.749 [cycle-delivery] external[326] ordinal=327 cycle=76639307 prefix=38F655B5B6FF2267 cause=0x00010040 pc=0x8030464C context=0x804211E0
19:45:57.749 [cycle-delivery] external[327] ordinal=328 cycle=76653864 prefix=CB374197574E6F9F cause=0x00010040 pc=0x8030464C context=0x804211E0
19:45:57.749 [cycle-delivery] external[328] ordinal=329 cycle=76668477 prefix=D2B6492197870D27 cause=0x00010040 pc=0x8030464C context=0x804211E0
19:45:57.749 [cycle-delivery] external[329] ordinal=330 cycle=76683231 prefix=E91FD8F6E82F3C29 cause=0x00010040 pc=0x8030464C context=0x804211E0
19:45:57.749 [cycle-delivery] external[330] ordinal=331 cycle=76697778 prefix=B0C6C10DC17858DF cause=0x00010040 pc=0x8030464C context=0x804211E0
19:45:57.749 [cycle-delivery] external[331] ordinal=332 cycle=76711931 prefix=3C8133463C75F915 cause=0x00010040 pc=0x8030464C context=0x804211E0
19:45:57.749 [cycle-delivery] external[332] ordinal=333 cycle=76725740 prefix=2D87874F3A5D364C cause=0x00010040 pc=0x8030464C context=0x804211E0
19:45:57.749 [cycle-delivery] external[333] ordinal=334 cycle=76739229 prefix=89EC8554017E9F4D cause=0x00010040 pc=0x8030464C context=0x804211E0
19:45:57.749 [cycle-delivery] external[334] ordinal=335 cycle=76753785 prefix=36781E2C76C95B2A cause=0x00010040 pc=0x8030464C context=0x804211E0
19:45:57.749 [cycle-delivery] external[335] ordinal=336 cycle=76768186 prefix=13C957319893FD80 cause=0x00010040 pc=0x8030464C context=0x804211E0
19:45:57.749 [cycle-delivery] external[336] ordinal=337 cycle=76782778 prefix=1CFF5AAFA07DE50D cause=0x00010040 pc=0x8030464C context=0x804211E0
19:45:57.749 [cycle-delivery] external[337] ordinal=338 cycle=76797018 prefix=86F9FF2B1E53DFC4 cause=0x00010040 pc=0x8030464C context=0x804211E0
19:45:57.749 [cycle-delivery] external[338] ordinal=339 cycle=76811609 prefix=DC38462AAA2999E8 cause=0x00010040 pc=0x8030464C context=0x804211E0
19:45:57.749 [cycle-delivery] external[339] ordinal=340 cycle=76826400 prefix=1A2B55C750EB5941 cause=0x00010040 pc=0x8030464C context=0x804211E0
19:45:57.749 [cycle-delivery] external[340] ordinal=341 cycle=76841170 prefix=F93830E090C3CE55 cause=0x00010040 pc=0x8030464C context=0x804211E0
19:45:57.749 [cycle-delivery] external[341] ordinal=342 cycle=76855948 prefix=09127465FE6C50D5 cause=0x00010040 pc=0x8030464C context=0x804211E0
19:45:57.749 [cycle-delivery] external[342] ordinal=343 cycle=76870727 prefix=32244E91FF6AB296 cause=0x00010040 pc=0x8030464C context=0x804211E0
19:45:57.749 [cycle-delivery] external[343] ordinal=344 cycle=76885524 prefix=3335FE6D6C4264F5 cause=0x00010040 pc=0x8030464C context=0x804211E0
19:45:57.749 [cycle-delivery] external[344] ordinal=345 cycle=76900147 prefix=464FD00F4148740E cause=0x00010040 pc=0x8030464C context=0x804211E0
19:45:57.749 [cycle-delivery] external[345] ordinal=346 cycle=76914439 prefix=EF36F6B95BB5DF59 cause=0x00010040 pc=0x8030464C context=0x804211E0
19:45:57.749 [cycle-delivery] external[346] ordinal=347 cycle=76929458 prefix=EC05F751A1B4ED9F cause=0x00010040 pc=0x8030464C context=0x804211E0
19:45:57.749 [cycle-delivery] external[347] ordinal=348 cycle=76944612 prefix=FEAC395766EA5CC7 cause=0x00010040 pc=0x8030464C context=0x804211E0
19:45:57.749 [cycle-delivery] external[348] ordinal=349 cycle=76959673 prefix=78F5085BFF10871F cause=0x00010040 pc=0x8030464C context=0x804211E0
19:45:57.749 [cycle-delivery] external[349] ordinal=350 cycle=76974083 prefix=E1ED8D054C5782A6 cause=0x00010040 pc=0x8030464C context=0x804211E0
19:45:57.749 [cycle-delivery] external[350] ordinal=351 cycle=76987873 prefix=98DDA244FA36D5DC cause=0x00010040 pc=0x8030464C context=0x804211E0
19:45:57.749 [cycle-delivery] external[351] ordinal=352 cycle=77001439 prefix=1BEAF6E786F82D87 cause=0x00010040 pc=0x8030464C context=0x804211E0
19:45:57.749 [cycle-delivery] external[352] ordinal=353 cycle=77015729 prefix=EE6A2BE6ACDAFC15 cause=0x00010040 pc=0x8030464C context=0x804211E0
19:45:57.749 [cycle-delivery] external[353] ordinal=354 cycle=77030013 prefix=32B4E01B6BD9E8B7 cause=0x00010040 pc=0x8030464C context=0x804211E0
19:45:57.749 [cycle-delivery] external[354] ordinal=355 cycle=77044671 prefix=A9C9F23F0079A38E cause=0x00010040 pc=0x8030464C context=0x804211E0
19:45:57.749 [cycle-delivery] external[355] ordinal=356 cycle=77058962 prefix=27B074B0FAE92FE8 cause=0x00010040 pc=0x8030464C context=0x804211E0
19:45:57.749 [cycle-delivery] external[356] ordinal=357 cycle=77073393 prefix=0E5A86503B7D636E cause=0x00010040 pc=0x8030464C context=0x804211E0
19:45:57.749 [cycle-delivery] external[357] ordinal=358 cycle=77088319 prefix=29F62E49B3BE7B9B cause=0x00010040 pc=0x8030464C context=0x804211E0
19:45:57.749 [cycle-delivery] external[358] ordinal=359 cycle=77103108 prefix=CFBABF032115DC1D cause=0x00010040 pc=0x8030464C context=0x804211E0
19:45:57.749 [cycle-delivery] external[359] ordinal=360 cycle=77117931 prefix=F00110E7E77DD1B3 cause=0x00010040 pc=0x8030464C context=0x804211E0
19:45:57.749 [cycle-delivery] external[360] ordinal=361 cycle=77131710 prefix=3555AC4E6101526C cause=0x00010040 pc=0x8030464C context=0x804211E0
19:45:57.749 [cycle-delivery] external[361] ordinal=362 cycle=77146507 prefix=6B27373B84393091 cause=0x00010040 pc=0x8030464C context=0x804211E0
19:45:57.749 [cycle-delivery] external[362] ordinal=363 cycle=77161167 prefix=42E355008102BD3F cause=0x00010040 pc=0x8030464C context=0x804211E0
19:45:57.749 [cycle-delivery] external[363] ordinal=364 cycle=77174576 prefix=554BA8136102C1B9 cause=0x00010040 pc=0x8030464C context=0x804211E0
19:45:57.749 [cycle-delivery] external[364] ordinal=365 cycle=77188102 prefix=E52D3D08880BF706 cause=0x00010040 pc=0x8030464C context=0x804211E0
19:45:57.749 [cycle-delivery] external[365] ordinal=366 cycle=77201508 prefix=61112E2B10A7ABF2 cause=0x00010040 pc=0x8030464C context=0x804211E0
19:45:57.749 [cycle-delivery] external[366] ordinal=367 cycle=77214914 prefix=A66BEC957040D69C cause=0x00010040 pc=0x8030464C context=0x804211E0
19:45:57.749 [cycle-delivery] external[367] ordinal=368 cycle=77228320 prefix=5C7DBD3082FA1099 cause=0x00010040 pc=0x8030464C context=0x804211E0
19:45:57.749 [cycle-delivery] external[368] ordinal=369 cycle=77241732 prefix=73F8E99213F962E8 cause=0x00010040 pc=0x8030464C context=0x804211E0
19:45:57.749 [cycle-delivery] external[369] ordinal=370 cycle=77255214 prefix=DFE4A16EA2A10FDC cause=0x00010040 pc=0x8030464C context=0x804211E0
19:45:57.749 [cycle-delivery] external[370] ordinal=371 cycle=77269635 prefix=9109898F5C1F89A8 cause=0x00010040 pc=0x8030464C context=0x804211E0
19:45:57.749 [cycle-delivery] external[371] ordinal=372 cycle=77284372 prefix=685C565BA1F75A7F cause=0x00010040 pc=0x8030464C context=0x804211E0
19:45:57.749 [cycle-delivery] external[372] ordinal=373 cycle=77299219 prefix=7693953ECD94710B cause=0x00010040 pc=0x8030464C context=0x804211E0
19:45:57.749 [cycle-delivery] external[373] ordinal=374 cycle=77313953 prefix=86514D1100368114 cause=0x00010040 pc=0x8030464C context=0x804211E0
19:45:57.749 [cycle-delivery] external[374] ordinal=375 cycle=77328699 prefix=461FFA501FB9F7F3 cause=0x00010040 pc=0x8030464C context=0x804211E0
19:45:57.749 [cycle-delivery] external[375] ordinal=376 cycle=77342614 prefix=85FFA8A8C6E066F0 cause=0x00010040 pc=0x8030464C context=0x804211E0
19:45:57.749 [cycle-delivery] external[376] ordinal=377 cycle=77357030 prefix=5E5FF33DCF4C0B03 cause=0x00010040 pc=0x8030464C context=0x804211E0
19:45:57.749 [cycle-delivery] external[377] ordinal=378 cycle=77372197 prefix=BA5A49211EF984E1 cause=0x00010040 pc=0x8030464C context=0x804211E0
19:45:57.749 [cycle-delivery] external[378] ordinal=379 cycle=77386375 prefix=BB23B57DCA76888C cause=0x00010040 pc=0x8030464C context=0x804211E0
19:45:57.749 [cycle-delivery] external[379] ordinal=380 cycle=77399781 prefix=50D53FAFAF98B624 cause=0x00010040 pc=0x8030464C context=0x804211E0
19:45:57.749 [cycle-delivery] external[380] ordinal=381 cycle=77413258 prefix=804DBD2347555AC4 cause=0x00010040 pc=0x8030464C context=0x804211E0
19:45:57.749 [cycle-delivery] external[381] ordinal=382 cycle=77426666 prefix=384368DAA5FB98E0 cause=0x00010040 pc=0x8030464C context=0x804211E0
19:45:57.749 [cycle-delivery] external[382] ordinal=383 cycle=77440072 prefix=F9CEB1E2C4E9A679 cause=0x00010040 pc=0x8030464C context=0x804211E0
19:45:57.749 [cycle-delivery] external[383] ordinal=384 cycle=77453478 prefix=8E1510D2F07866C6 cause=0x00010040 pc=0x8030464C context=0x804211E0
19:45:57.749 [cycle-delivery] external[384] ordinal=385 cycle=77466884 prefix=4296C5E225A0ADD3 cause=0x00010040 pc=0x8030464C context=0x804211E0
19:45:57.749 [cycle-delivery] external[385] ordinal=386 cycle=77480536 prefix=1F6E3FE51062FFB5 cause=0x00010040 pc=0x8030464C context=0x804211E0
19:45:57.749 [cycle-delivery] external[386] ordinal=387 cycle=77495214 prefix=36E4D2DD43D3E8B8 cause=0x00010040 pc=0x8030464C context=0x804211E0
19:45:57.749 [cycle-delivery] external[387] ordinal=388 cycle=77509887 prefix=C4E39D38DF101095 cause=0x00010040 pc=0x8030464C context=0x804211E0
19:45:57.749 [cycle-delivery] external[388] ordinal=389 cycle=77524750 prefix=A05BD5C7625A750C cause=0x00010040 pc=0x8030464C context=0x804211E0
19:45:57.749 [cycle-delivery] external[389] ordinal=390 cycle=77539552 prefix=70B6838A9DF1D8D7 cause=0x00010040 pc=0x8030464C context=0x804211E0
19:45:57.749 [cycle-delivery] external[390] ordinal=391 cycle=77553590 prefix=5502D0E4482EF375 cause=0x00010040 pc=0x8030464C context=0x804211E0
19:45:57.749 [cycle-delivery] external[391] ordinal=392 cycle=77567651 prefix=741575BAE1FA0FA1 cause=0x00010040 pc=0x8030464C context=0x804211E0
19:45:57.749 [cycle-delivery] external[392] ordinal=393 cycle=77582452 prefix=AEA8B5AF6F6BF426 cause=0x00010040 pc=0x8030464C context=0x804211E0
19:45:57.749 [cycle-delivery] external[393] ordinal=394 cycle=77597097 prefix=4DB26A0CF29F3562 cause=0x00010040 pc=0x8030464C context=0x804211E0
19:45:57.749 [cycle-delivery] external[394] ordinal=395 cycle=77611550 prefix=70614F57E699E650 cause=0x00010040 pc=0x8030464C context=0x804211E0
19:45:57.749 [cycle-delivery] external[395] ordinal=396 cycle=77626067 prefix=B8B79027C7FD860D cause=0x00010040 pc=0x8030464C context=0x804211E0
19:45:57.749 [cycle-delivery] external[396] ordinal=397 cycle=77639979 prefix=B1F405842868D7F3 cause=0x00010040 pc=0x8030464C context=0x804211E0
19:45:57.749 [cycle-delivery] external[397] ordinal=398 cycle=77653744 prefix=E03768994E913823 cause=0x00010040 pc=0x8030464C context=0x804211E0
19:45:57.749 [cycle-delivery] external[398] ordinal=399 cycle=77667478 prefix=31BCC9FEE23AD31C cause=0x00010040 pc=0x8030464C context=0x804211E0
19:45:57.749 [cycle-delivery] external[399] ordinal=400 cycle=77681962 prefix=A8D7F6EBC7E08CAA cause=0x00010040 pc=0x8030464C context=0x804211E0
19:45:57.749 [cycle-delivery] external[400] ordinal=401 cycle=77696480 prefix=4DC52E3F5DECBA86 cause=0x00010040 pc=0x8030464C context=0x804211E0
19:45:57.749 [cycle-delivery] external[401] ordinal=402 cycle=77710945 prefix=455826E0852C8392 cause=0x00010040 pc=0x8030464C context=0x804211E0
19:45:57.749 [cycle-delivery] external[402] ordinal=403 cycle=77725097 prefix=577CF888E848FF31 cause=0x00010040 pc=0x8030464C context=0x804211E0
19:45:57.749 [cycle-delivery] external[403] ordinal=404 cycle=77739869 prefix=3763820320062B79 cause=0x00010040 pc=0x8030464C context=0x804211E0
19:45:57.749 [cycle-delivery] external[404] ordinal=405 cycle=77754670 prefix=7E455043DFE2F7C6 cause=0x00010040 pc=0x8030464C context=0x804211E0
19:45:57.749 [cycle-delivery] external[405] ordinal=406 cycle=77769487 prefix=620819B5A6B5B5D8 cause=0x00010040 pc=0x8030464C context=0x804211E0
19:45:57.749 [cycle-delivery] external[406] ordinal=407 cycle=77784273 prefix=82F49D725E71929B cause=0x00010040 pc=0x8030464C context=0x804211E0
19:45:57.749 [cycle-delivery] external[407] ordinal=408 cycle=77799116 prefix=0C92B613B3246A7A cause=0x00010040 pc=0x8030464C context=0x804211E0
19:45:57.749 [cycle-delivery] external[408] ordinal=409 cycle=77813864 prefix=D8802997C84FE4A5 cause=0x00010040 pc=0x8030464C context=0x804211E0
19:45:57.749 [cycle-delivery] external[409] ordinal=410 cycle=77828627 prefix=61CE045A86BE20B1 cause=0x00010040 pc=0x8030464C context=0x804211E0
19:45:57.750 [cycle-delivery] external[410] ordinal=411 cycle=77843217 prefix=571CBCFF9B6513CE cause=0x00010040 pc=0x8030464C context=0x804211E0
19:45:57.750 [cycle-delivery] external[411] ordinal=412 cycle=77857665 prefix=DED00B43A8D0EA5C cause=0x00010040 pc=0x8030464C context=0x804211E0
19:45:57.750 [cycle-delivery] external[412] ordinal=413 cycle=77872663 prefix=068CEA522F6F19AD cause=0x00010040 pc=0x8030464C context=0x804211E0
19:45:57.750 [cycle-delivery] external[413] ordinal=414 cycle=77887739 prefix=3F4F5B8C5D701746 cause=0x00010040 pc=0x8030464C context=0x804211E0
19:45:57.750 [cycle-delivery] external[414] ordinal=415 cycle=77902795 prefix=25F85B23DCF0D3F6 cause=0x00010040 pc=0x8030464C context=0x804211E0
19:45:57.750 [cycle-delivery] external[415] ordinal=416 cycle=77917466 prefix=3B6FDF34E66ADB13 cause=0x00010040 pc=0x8030464C context=0x804211E0
19:45:57.750 [cycle-delivery] external[416] ordinal=417 cycle=77931413 prefix=4F601016D9EE365E cause=0x00010040 pc=0x8030464C context=0x804211E0
19:45:57.750 [cycle-delivery] external[417] ordinal=418 cycle=77945205 prefix=4C14B69692DC6959 cause=0x00010040 pc=0x8030464C context=0x804211E0
19:45:57.750 [cycle-delivery] external[418] ordinal=419 cycle=77958936 prefix=C2D8F4AA3FC38E3B cause=0x00010040 pc=0x8030464C context=0x804211E0
19:45:57.750 [cycle-delivery] external[419] ordinal=420 cycle=77973455 prefix=BE05A748D322AE20 cause=0x00010040 pc=0x8030464C context=0x804211E0
19:45:57.750 [cycle-delivery] external[420] ordinal=421 cycle=77987961 prefix=19CDDDF9057ACDBB cause=0x00010040 pc=0x8030464C context=0x804211E0
19:45:57.750 [cycle-delivery] external[421] ordinal=422 cycle=78002401 prefix=272F3BF536F1E848 cause=0x00010040 pc=0x8030464C context=0x804211E0
19:45:57.750 [cycle-delivery] external[422] ordinal=423 cycle=78016535 prefix=7187148832022761 cause=0x00010040 pc=0x8030464C context=0x804211E0
19:45:57.750 [cycle-delivery] external[423] ordinal=424 cycle=78031158 prefix=90BCAA40F91BB9CA cause=0x00010040 pc=0x8030464C context=0x804211E0
19:45:57.750 [cycle-delivery] external[424] ordinal=425 cycle=78045782 prefix=0DCE497EC1DC4816 cause=0x00010040 pc=0x8030464C context=0x804211E0
19:45:57.801 [cycle-delivery] external[425] ordinal=426 cycle=78059908 prefix=5D8E80EDD28A35B8 cause=0x00010040 pc=0x8030464C context=0x804211E0
19:45:57.801 [cycle-delivery] external[426] ordinal=427 cycle=78073967 prefix=3D1B6D147EBBC126 cause=0x00010040 pc=0x8030464C context=0x804211E0
19:45:57.801 [cycle-delivery] external[427] ordinal=428 cycle=78089134 prefix=D32FCC0A1B638FEC cause=0x00010040 pc=0x8030464C context=0x804211E0
19:45:57.801 [cycle-delivery] external[428] ordinal=429 cycle=78102620 prefix=4B154EBF968453E3 cause=0x00010040 pc=0x8030464C context=0x804211E0
19:45:57.801 [cycle-delivery] external[429] ordinal=430 cycle=78116116 prefix=1453E042F8186279 cause=0x00010040 pc=0x8030464C context=0x804211E0
19:45:57.801 [cycle-delivery] external[430] ordinal=431 cycle=78129571 prefix=08B99FE9E197002F cause=0x00010040 pc=0x8030464C context=0x804211E0
19:45:57.801 [cycle-delivery] external[431] ordinal=432 cycle=78142974 prefix=F94D34393AA699EE cause=0x00010040 pc=0x8030464C context=0x804211E0
19:45:57.801 [cycle-delivery] external[432] ordinal=433 cycle=78156379 prefix=5819AF7073B00083 cause=0x00010040 pc=0x8030464C context=0x804211E0
19:45:57.801 [cycle-delivery] external[433] ordinal=434 cycle=78169785 prefix=5692189B24640338 cause=0x00010040 pc=0x8030464C context=0x804211E0
19:45:57.801 [cycle-delivery] external[434] ordinal=435 cycle=78183235 prefix=2AD33C4041C07D44 cause=0x00010040 pc=0x8030464C context=0x804211E0
19:45:57.801 [cycle-delivery] external[435] ordinal=436 cycle=78197200 prefix=497E63AAD30C81E4 cause=0x00010040 pc=0x8030464C context=0x804211E0
19:45:57.801 [cycle-delivery] external[436] ordinal=437 cycle=78211678 prefix=C6D4922CD75FE379 cause=0x00010040 pc=0x8030464C context=0x804211E0
19:45:57.801 [cycle-delivery] external[437] ordinal=438 cycle=78226084 prefix=19889DEDFF0C8CFE cause=0x00010040 pc=0x8030464C context=0x804211E0
19:45:57.801 [cycle-delivery] external[438] ordinal=439 cycle=78240785 prefix=1A59A210AF08B078 cause=0x00010040 pc=0x8030464C context=0x804211E0
19:45:57.801 [cycle-delivery] external[439] ordinal=440 cycle=78255552 prefix=8BFC998FEA454E69 cause=0x00010040 pc=0x8030464C context=0x804211E0
19:45:57.801 [cycle-delivery] external[440] ordinal=441 cycle=78270386 prefix=69DFB1B2E52744C8 cause=0x00010040 pc=0x8030464C context=0x804211E0
19:45:57.801 [cycle-delivery] external[441] ordinal=442 cycle=78285229 prefix=1B0307E04ACB4886 cause=0x00010040 pc=0x8030464C context=0x804211E0
19:45:57.801 [cycle-delivery] external[442] ordinal=443 cycle=78299607 prefix=93F8C8FF67BE2E62 cause=0x00010040 pc=0x8030464C context=0x804211E0
19:45:57.801 [cycle-delivery] external[443] ordinal=444 cycle=78314158 prefix=8AB41DAED52C2732 cause=0x00010040 pc=0x8030464C context=0x804211E0
19:45:57.801 [cycle-delivery] external[444] ordinal=445 cycle=78328957 prefix=442ED856121958AA cause=0x00010040 pc=0x8030464C context=0x804211E0
19:45:57.801 [cycle-delivery] external[445] ordinal=446 cycle=78343769 prefix=365F67F8769974A4 cause=0x00010040 pc=0x8030464C context=0x804211E0
19:45:57.801 [cycle-delivery] external[446] ordinal=447 cycle=78358268 prefix=F6D873E80D03779D cause=0x00010040 pc=0x8030464C context=0x804211E0
19:45:57.801 [cycle-delivery] external[447] ordinal=448 cycle=78372748 prefix=0E01E8FE019EE195 cause=0x00010040 pc=0x8030464C context=0x804211E0
19:45:57.801 [cycle-delivery] external[448] ordinal=449 cycle=78387100 prefix=CAC6D2242DC79A80 cause=0x00010040 pc=0x8030464C context=0x804211E0
19:45:57.801 [cycle-delivery] external[449] ordinal=450 cycle=78401368 prefix=769ADA5943B10491 cause=0x00010040 pc=0x8030464C context=0x804211E0
19:45:57.801 [cycle-delivery] external[450] ordinal=451 cycle=78415343 prefix=CE5CFC16EA961BA3 cause=0x00010040 pc=0x8030464C context=0x804211E0
19:45:57.801 [cycle-delivery] external[451] ordinal=452 cycle=78428876 prefix=CE6C98E9012AA8DF cause=0x00010040 pc=0x8030464C context=0x804211E0
19:45:57.801 [cycle-delivery] external[452] ordinal=453 cycle=78443372 prefix=B7F2C888B13161EA cause=0x00010040 pc=0x8030464C context=0x804211E0
19:45:57.801 [cycle-delivery] external[453] ordinal=454 cycle=78457683 prefix=F972982E7E35184D cause=0x00010040 pc=0x8030464C context=0x804211E0
19:45:57.801 [cycle-delivery] external[454] ordinal=455 cycle=78472320 prefix=DA12BB2C6D776600 cause=0x00010040 pc=0x8030464C context=0x804211E0
19:45:57.801 [cycle-delivery] external[455] ordinal=456 cycle=78486605 prefix=1CD4FD4EE67682EA cause=0x00010040 pc=0x8030464C context=0x804211E0
19:45:57.801 [cycle-delivery] external[456] ordinal=457 cycle=78501132 prefix=B441EEAC8B8FB3CE cause=0x00010040 pc=0x8030464C context=0x804211E0
19:45:57.801 [cycle-delivery] external[457] ordinal=458 cycle=78515961 prefix=F38EE683C1C09ADB cause=0x00010040 pc=0x8030464C context=0x804211E0
19:45:57.801 [cycle-delivery] external[458] ordinal=459 cycle=78530737 prefix=66DE11AD39651E30 cause=0x00010040 pc=0x8030464C context=0x804211E0
19:45:57.801 [cycle-delivery] external[459] ordinal=460 cycle=78545351 prefix=DD4A4EBF7E29A3C0 cause=0x00010040 pc=0x8030464C context=0x804211E0
19:45:57.801 [cycle-delivery] external[460] ordinal=461 cycle=78560116 prefix=BC9D5E6E926530CB cause=0x00010040 pc=0x8030464C context=0x804211E0
19:45:57.801 [cycle-delivery] external[461] ordinal=462 cycle=78574758 prefix=07AFB1821F846405 cause=0x00010040 pc=0x8030464C context=0x804211E0
19:45:57.801 [cycle-delivery] external[462] ordinal=463 cycle=78589534 prefix=4FF35648B770D23A cause=0x00010040 pc=0x8030464C context=0x804211E0
19:45:57.801 [cycle-delivery] external[463] ordinal=464 cycle=78604341 prefix=F1801A7373E79E4A cause=0x00010040 pc=0x8030464C context=0x804211E0
19:45:57.801 [cycle-delivery] external[464] ordinal=465 cycle=78619108 prefix=450277D83C0358C4 cause=0x00010040 pc=0x8030464C context=0x804211E0
19:45:57.801 [cycle-delivery] external[465] ordinal=466 cycle=78633912 prefix=9169A8BE13EAB178 cause=0x00010040 pc=0x8030464C context=0x804211E0
19:45:57.801 [cycle-delivery] external[466] ordinal=467 cycle=78648605 prefix=398630687144770C cause=0x00010040 pc=0x8030464C context=0x804211E0
19:45:57.801 [cycle-delivery] external[467] ordinal=468 cycle=78663396 prefix=4C44889EA037C3CC cause=0x00010040 pc=0x8030464C context=0x804211E0
19:45:57.801 [cycle-delivery] external[468] ordinal=469 cycle=78678244 prefix=E0FD82DC45FAE8C6 cause=0x00010040 pc=0x8030464C context=0x804211E0
19:45:57.801 [cycle-delivery] external[469] ordinal=470 cycle=78693000 prefix=CDCDACC80FC5F142 cause=0x00010040 pc=0x8030464C context=0x804211E0
19:45:57.801 [cycle-delivery] external[470] ordinal=471 cycle=78707813 prefix=7F1F651839473E63 cause=0x00010040 pc=0x8030464C context=0x804211E0
19:45:57.801 [cycle-delivery] external[471] ordinal=472 cycle=78722640 prefix=C4EAF45016500864 cause=0x00010040 pc=0x8030464C context=0x804211E0
19:45:57.801 [cycle-delivery] external[472] ordinal=473 cycle=78737342 prefix=FFE88076680D0CA8 cause=0x00010040 pc=0x8030464C context=0x804211E0
19:45:57.801 [cycle-delivery] external[473] ordinal=474 cycle=78752170 prefix=520BA920027F1F12 cause=0x00010040 pc=0x8030464C context=0x804211E0
19:45:57.801 [cycle-delivery] external[474] ordinal=475 cycle=78766865 prefix=C1014529080C014F cause=0x00010040 pc=0x8030464C context=0x804211E0
19:45:57.801 [cycle-delivery] external[475] ordinal=476 cycle=78781426 prefix=ED4A3A512A04E1F6 cause=0x00010040 pc=0x8030464C context=0x804211E0
19:45:57.801 [cycle-delivery] external[476] ordinal=477 cycle=78796357 prefix=6FEBB155C278CE43 cause=0x00010040 pc=0x8030464C context=0x804211E0
19:45:57.801 [cycle-delivery] external[477] ordinal=478 cycle=78811308 prefix=15BEB87063053FBB cause=0x00010040 pc=0x8030464C context=0x804211E0
19:45:57.801 [cycle-delivery] external[478] ordinal=479 cycle=78826298 prefix=C49D9C457EF0B2B2 cause=0x00010040 pc=0x8030464C context=0x804211E0
19:45:57.801 [cycle-delivery] external[479] ordinal=480 cycle=78841309 prefix=7562AC2457B7A1AF cause=0x00010040 pc=0x8030464C context=0x804211E0
19:45:57.801 [cycle-delivery] external[480] ordinal=481 cycle=78856334 prefix=A89B3DA8CE6119DE cause=0x00010040 pc=0x8030464C context=0x804211E0
19:45:57.801 [cycle-delivery] external[481] ordinal=482 cycle=78871485 prefix=4EDF6016A56CDB9D cause=0x00010040 pc=0x8030464C context=0x804211E0
19:45:57.801 [cycle-delivery] external[482] ordinal=483 cycle=78886490 prefix=3DBDA12D20FAE69A cause=0x00010040 pc=0x8030464C context=0x804211E0
19:45:57.801 [cycle-delivery] external[483] ordinal=484 cycle=78901170 prefix=E7F26263E5431CE4 cause=0x00010040 pc=0x8030464C context=0x804211E0
19:45:57.801 [cycle-delivery] external[484] ordinal=485 cycle=78914913 prefix=869ACDAAE499DDA8 cause=0x00010040 pc=0x8030464C context=0x804211E0
19:45:57.801 [cycle-delivery] external[485] ordinal=486 cycle=78928617 prefix=06A061377D944E37 cause=0x00010040 pc=0x8030464C context=0x804211E0
19:45:57.801 [cycle-delivery] external[486] ordinal=487 cycle=78942434 prefix=90087A6F18F72B47 cause=0x00010040 pc=0x8030464C context=0x804211E0
19:45:57.801 [cycle-delivery] external[487] ordinal=488 cycle=78956937 prefix=EF0B4947D7B98A5B cause=0x00010040 pc=0x8030464C context=0x804211E0
19:45:57.801 [cycle-delivery] external[488] ordinal=489 cycle=78971411 prefix=3000D712111A9449 cause=0x00010040 pc=0x8030464C context=0x804211E0
19:45:57.801 [cycle-delivery] external[489] ordinal=490 cycle=78985946 prefix=432E68B5D77D9064 cause=0x00010040 pc=0x8030464C context=0x804211E0
19:45:57.801 [cycle-delivery] external[490] ordinal=491 cycle=79000169 prefix=AE69BDCB8AAF7834 cause=0x00010040 pc=0x8030464C context=0x804211E0
19:45:57.801 [cycle-delivery] external[491] ordinal=492 cycle=79014821 prefix=5A41424C6D295DCD cause=0x00010040 pc=0x8030464C context=0x804211E0
19:45:57.801 [cycle-delivery] external[492] ordinal=493 cycle=79029475 prefix=9A66A4D53FB6F3FD cause=0x00010040 pc=0x8030464C context=0x804211E0
19:45:57.801 [cycle-delivery] external[493] ordinal=494 cycle=79044040 prefix=38C828E2AA87116C cause=0x00010040 pc=0x8030464C context=0x804211E0
19:45:57.802 [cycle-delivery] external[494] ordinal=495 cycle=79058112 prefix=C1DF4151A067C048 cause=0x00010040 pc=0x8030464C context=0x804211E0
19:45:57.802 [cycle-delivery] external[495] ordinal=496 cycle=79072382 prefix=7A63DBF21549A10A cause=0x00010040 pc=0x8030464C context=0x804211E0
19:45:57.802 [cycle-delivery] external[496] ordinal=497 cycle=79086965 prefix=1770EC09EF928FDC cause=0x00010040 pc=0x8030464C context=0x804211E0
19:45:57.802 [cycle-delivery] external[497] ordinal=498 cycle=79101289 prefix=5A8EF514975DBF5E cause=0x00010040 pc=0x8030464C context=0x804211E0
19:45:57.802 [cycle-delivery] external[498] ordinal=499 cycle=79115570 prefix=2BCFC9BA211B9332 cause=0x00010040 pc=0x8030464C context=0x804211E0
19:45:57.802 [cycle-delivery] external[499] ordinal=500 cycle=79129192 prefix=D7B160EB9FCCC077 cause=0x00010040 pc=0x8030464C context=0x804211E0
19:45:57.802 [cycle-delivery] external[500] ordinal=501 cycle=79142750 prefix=D7A7D065D67C6E45 cause=0x00010040 pc=0x8030464C context=0x804211E0
19:45:57.802 [cycle-delivery] external[501] ordinal=502 cycle=79156472 prefix=C6DDAD0D198756DA cause=0x00010040 pc=0x8030464C context=0x804211E0
19:45:57.802 [cycle-delivery] external[502] ordinal=503 cycle=79170356 prefix=9FC3D3BCAD171F3B cause=0x00010040 pc=0x8030464C context=0x804211E0
19:45:57.802 [cycle-delivery] external[503] ordinal=504 cycle=79184349 prefix=E71E2C72A5D0A3E7 cause=0x00010040 pc=0x8030464C context=0x804211E0
19:45:57.802 [cycle-delivery] external[504] ordinal=505 cycle=79198276 prefix=8B86118C22DA2D51 cause=0x00010040 pc=0x8030464C context=0x804211E0
19:45:57.802 [cycle-delivery] external[505] ordinal=506 cycle=79212126 prefix=FF7F35ACCF9DAE2F cause=0x00010040 pc=0x8030464C context=0x804211E0
19:45:57.802 [cycle-delivery] external[506] ordinal=507 cycle=79226064 prefix=AA40C129E7AB2B09 cause=0x00010040 pc=0x8030464C context=0x804211E0
19:45:57.802 [cycle-delivery] external[507] ordinal=508 cycle=79240670 prefix=18B79A2AC1A46E93 cause=0x00010040 pc=0x8030464C context=0x804211E0
19:45:57.802 [cycle-delivery] external[508] ordinal=509 cycle=79255359 prefix=B989D3104A7F664C cause=0x00010040 pc=0x8030464C context=0x804211E0
19:45:57.802 [cycle-delivery] external[509] ordinal=510 cycle=79270084 prefix=9D753CFE71320969 cause=0x00010040 pc=0x8030464C context=0x804211E0
19:45:57.802 [cycle-delivery] external[510] ordinal=511 cycle=79284746 prefix=F7EB99C7062ACF68 cause=0x00010040 pc=0x8030464C context=0x804211E0
19:45:57.802 [cycle-delivery] external[511] ordinal=512 cycle=79299390 prefix=B7CFD36FCDC4ADD1 cause=0x00010040 pc=0x8030464C context=0x804211E0
19:45:57.802 [cycle-delivery] external[512] ordinal=513 cycle=79313961 prefix=8A001F122A011D4A cause=0x00010040 pc=0x8030464C context=0x804211E0
19:45:57.802 [cycle-delivery] external[513] ordinal=514 cycle=79328723 prefix=B3B0562CE2EBD89E cause=0x00010040 pc=0x8030464C context=0x804211E0
19:45:57.802 [cycle-delivery] external[514] ordinal=515 cycle=79343448 prefix=B5D1AECEBA7D0485 cause=0x00010040 pc=0x8030464C context=0x804211E0
19:45:57.802 [cycle-delivery] external[515] ordinal=516 cycle=79358169 prefix=C91F2F93CE8040CA cause=0x00010040 pc=0x8030464C context=0x804211E0
19:45:57.802 [cycle-delivery] external[516] ordinal=517 cycle=79372977 prefix=1CFD8B719CFD7C70 cause=0x00010040 pc=0x8030464C context=0x804211E0
19:45:57.802 [cycle-delivery] external[517] ordinal=518 cycle=79387433 prefix=1065B24A5AC83C8B cause=0x00010040 pc=0x8030464C context=0x804211E0
19:45:57.802 [cycle-delivery] external[518] ordinal=519 cycle=79401793 prefix=66990D713E2A6310 cause=0x00010040 pc=0x8030464C context=0x804211E0
19:45:57.802 [cycle-delivery] external[519] ordinal=520 cycle=79416826 prefix=044731BE7EA20530 cause=0x00010040 pc=0x8030464C context=0x804211E0
19:45:57.802 [cycle-delivery] external[520] ordinal=521 cycle=79431870 prefix=7CAFFE41842BCBEC cause=0x00010040 pc=0x8030464C context=0x804211E0
19:45:57.802 [cycle-delivery] external[521] ordinal=522 cycle=79446684 prefix=6DCCFFD5C5CF0C1C cause=0x00010040 pc=0x8030464C context=0x804211E0
19:45:57.802 [cycle-delivery] external[522] ordinal=523 cycle=79461396 prefix=6DC282F48185C486 cause=0x00010040 pc=0x8030464C context=0x804211E0
19:45:57.802 [cycle-delivery] external[523] ordinal=524 cycle=79475896 prefix=245743FC8FDF49FC cause=0x00010040 pc=0x8030464C context=0x804211E0
19:45:57.802 [cycle-delivery] external[524] ordinal=525 cycle=79490361 prefix=E6AF94B0241BD968 cause=0x00010040 pc=0x8030464C context=0x804211E0
19:45:57.802 [cycle-delivery] external[525] ordinal=526 cycle=79504784 prefix=FE6F74DC4028A8F8 cause=0x00010040 pc=0x8030464C context=0x804211E0
19:45:57.802 [cycle-delivery] external[526] ordinal=527 cycle=79519224 prefix=5629722C2FE61728 cause=0x00010040 pc=0x8030464C context=0x804211E0
19:45:57.802 [cycle-delivery] external[527] ordinal=528 cycle=79533696 prefix=F600D8CCEC073B37 cause=0x00010040 pc=0x8030464C context=0x804211E0
19:45:57.802 [cycle-delivery] external[528] ordinal=529 cycle=79547702 prefix=71D46A8344A70411 cause=0x00010040 pc=0x8030464C context=0x804211E0
19:45:57.802 [cycle-delivery] external[529] ordinal=530 cycle=79561446 prefix=2B088D3F162BBE91 cause=0x00010040 pc=0x8030464C context=0x804211E0
19:45:57.802 [cycle-delivery] external[530] ordinal=531 cycle=79575111 prefix=60287B9544BEE31C cause=0x00010040 pc=0x8030464C context=0x804211E0
19:45:57.802 [cycle-delivery] external[531] ordinal=532 cycle=79589645 prefix=10C6527B367DA296 cause=0x00010040 pc=0x8030464C context=0x804211E0
19:45:57.802 [cycle-delivery] external[532] ordinal=533 cycle=79604027 prefix=12C55131C6627312 cause=0x00010040 pc=0x8030464C context=0x804211E0
19:45:57.802 [cycle-delivery] external[533] ordinal=534 cycle=79618597 prefix=F45BF24C09DE5287 cause=0x00010040 pc=0x8030464C context=0x804211E0
19:45:57.802 [cycle-delivery] external[534] ordinal=535 cycle=79632610 prefix=27AE9443A79D5ADE cause=0x00010040 pc=0x8030464C context=0x804211E0
19:45:57.802 [cycle-delivery] external[535] ordinal=536 cycle=79647392 prefix=8D3C136C9D7F765B cause=0x00010040 pc=0x8030464C context=0x804211E0
19:45:57.802 [cycle-delivery] external[536] ordinal=537 cycle=79662178 prefix=F1E3F2DA9CBB5D8E cause=0x00010040 pc=0x8030464C context=0x804211E0
19:45:57.802 [cycle-delivery] external[537] ordinal=538 cycle=79676963 prefix=7840B656AF75307E cause=0x00010040 pc=0x8030464C context=0x804211E0
19:45:57.802 [cycle-delivery] external[538] ordinal=539 cycle=79691751 prefix=45FF0F36CFE8F9AB cause=0x00010040 pc=0x8030464C context=0x804211E0
19:45:57.802 [cycle-delivery] external[539] ordinal=540 cycle=79706505 prefix=288B1A9A681E2E9B cause=0x00010040 pc=0x8030464C context=0x804211E0
19:45:57.802 [cycle-delivery] external[540] ordinal=541 cycle=79721395 prefix=7C51A50679348FEF cause=0x00010040 pc=0x8030464C context=0x804211E0
19:45:57.802 [cycle-delivery] external[541] ordinal=542 cycle=79736156 prefix=193E7C474B24CE6C cause=0x00010040 pc=0x8030464C context=0x804211E0
19:45:57.802 [cycle-delivery] external[542] ordinal=543 cycle=79750949 prefix=D58D61062F304272 cause=0x00010040 pc=0x8030464C context=0x804211E0
19:45:57.802 [cycle-delivery] external[543] ordinal=544 cycle=79765744 prefix=95AB3025F5BFDC43 cause=0x00010040 pc=0x8030464C context=0x804211E0
19:45:57.802 [cycle-delivery] external[544] ordinal=545 cycle=79780389 prefix=D19B04D4E3F61AF7 cause=0x00010040 pc=0x8030464C context=0x804211E0
19:45:57.802 [cycle-delivery] external[545] ordinal=546 cycle=79795221 prefix=DA2FE123437C7315 cause=0x00010040 pc=0x8030464C context=0x804211E0
19:45:57.802 [cycle-delivery] external[546] ordinal=547 cycle=79809919 prefix=657B16FF4B8A2C04 cause=0x00010040 pc=0x8030464C context=0x804211E0
19:45:57.802 [cycle-delivery] external[547] ordinal=548 cycle=79824739 prefix=C235BE5C3D70C22A cause=0x00010040 pc=0x8030464C context=0x804211E0
19:45:57.802 [cycle-delivery] external[548] ordinal=549 cycle=79839586 prefix=6673FD51BC3F662D cause=0x00010040 pc=0x8030464C context=0x804211E0
19:45:57.802 [cycle-delivery] external[549] ordinal=550 cycle=79854203 prefix=20AE230092004B02 cause=0x00010040 pc=0x8030464C context=0x804211E0
19:45:57.802 [cycle-delivery] external[550] ordinal=551 cycle=79868596 prefix=DA24767A830461E0 cause=0x00010040 pc=0x8030464C context=0x804211E0
19:45:57.802 [cycle-delivery] external[551] ordinal=552 cycle=79883524 prefix=91ECC7998ED41D15 cause=0x00010040 pc=0x8030464C context=0x804211E0
19:45:57.802 [cycle-delivery] external[552] ordinal=553 cycle=79898441 prefix=98B7EABEBE6AF56E cause=0x00010040 pc=0x8030464C context=0x804211E0
19:45:57.802 [cycle-delivery] external[553] ordinal=554 cycle=79913576 prefix=04B3F1FF87913C37 cause=0x00010040 pc=0x8030464C context=0x804211E0
19:45:57.802 [cycle-delivery] external[554] ordinal=555 cycle=79928717 prefix=61D1BDB0909562F6 cause=0x00010040 pc=0x8030464C context=0x804211E0
19:45:57.802 [cycle-delivery] external[555] ordinal=556 cycle=79943852 prefix=6045BFFF15D3DCAD cause=0x00010040 pc=0x8030464C context=0x804211E0
19:45:57.802 [cycle-delivery] external[556] ordinal=557 cycle=79958889 prefix=F8951DE85E4BFBEB cause=0x00010040 pc=0x8030464C context=0x804211E0
19:45:57.802 [cycle-delivery] external[557] ordinal=558 cycle=79973652 prefix=FFD6D022158B58AC cause=0x00010040 pc=0x8030464C context=0x804211E0
19:45:57.802 [cycle-delivery] external[558] ordinal=559 cycle=79987664 prefix=F829591EBB49EBB1 cause=0x00010040 pc=0x8030464C context=0x804211E0
19:45:57.802 [cycle-delivery] external[559] ordinal=560 cycle=80001422 prefix=1DB885BC3618EF8C cause=0x00010040 pc=0x8030464C context=0x804211E0
19:45:57.802 [cycle-delivery] external[560] ordinal=561 cycle=80015092 prefix=9EBC0F96CCFBEE88 cause=0x00010040 pc=0x8030464C context=0x804211E0
19:45:57.802 [cycle-delivery] external[561] ordinal=562 cycle=80029664 prefix=B066269F3F7A5D0E cause=0x00010040 pc=0x8030464C context=0x804211E0
19:45:57.802 [cycle-delivery] external[562] ordinal=563 cycle=80044054 prefix=745310C4432928F1 cause=0x00010040 pc=0x8030464C context=0x804211E0
19:45:57.802 [cycle-delivery] external[563] ordinal=564 cycle=80058611 prefix=74EBC2476AC8BCE5 cause=0x00010040 pc=0x8030464C context=0x804211E0
19:45:57.802 [cycle-delivery] external[564] ordinal=565 cycle=80072645 prefix=20729D9059AA8950 cause=0x00010040 pc=0x8030464C context=0x804211E0
19:45:57.802 [cycle-delivery] external[565] ordinal=566 cycle=80087248 prefix=AF88A16480265450 cause=0x00010040 pc=0x8030464C context=0x804211E0
19:45:57.802 [cycle-delivery] external[566] ordinal=567 cycle=80101974 prefix=A2C723956DD76BC0 cause=0x00010040 pc=0x8030464C context=0x804211E0
19:45:57.802 [cycle-delivery] external[567] ordinal=568 cycle=80116474 prefix=23C778D30B7BBBBC cause=0x00010040 pc=0x8030464C context=0x804211E0
19:45:57.802 [cycle-delivery] external[568] ordinal=569 cycle=80131232 prefix=583F040D2D891D68 cause=0x00010040 pc=0x8030464C context=0x804211E0
19:45:57.802 [cycle-delivery] external[569] ordinal=570 cycle=80146074 prefix=8459947E54530DB0 cause=0x00010040 pc=0x8030464C context=0x804211E0
19:45:57.802 [cycle-delivery] external[570] ordinal=571 cycle=80160654 prefix=A5BFE047C0B86DCE cause=0x00010040 pc=0x8030464C context=0x804211E0
19:45:57.802 [cycle-delivery] external[571] ordinal=572 cycle=80175019 prefix=966F9435B288A307 cause=0x00010040 pc=0x8030464C context=0x804211E0
19:45:57.802 [cycle-delivery] external[572] ordinal=573 cycle=80189713 prefix=60500C09C641D252 cause=0x00010040 pc=0x8030464C context=0x804211E0
19:45:57.802 [cycle-delivery] external[573] ordinal=574 cycle=80204744 prefix=8D7AEA99E9C664FE cause=0x00010040 pc=0x8030464C context=0x804211E0
19:45:57.802 [cycle-delivery] external[574] ordinal=575 cycle=80219803 prefix=6628E288363754AF cause=0x00010040 pc=0x8030464C context=0x804211E0
19:45:57.802 [cycle-delivery] external[575] ordinal=576 cycle=80234615 prefix=FB09D8128AD7D914 cause=0x00010040 pc=0x8030464C context=0x804211E0
19:45:57.802 [cycle-delivery] external[576] ordinal=577 cycle=80248370 prefix=147B5D19648B6BCA cause=0x00010040 pc=0x8030464C context=0x804211E0
19:45:57.802 [cycle-delivery] external[577] ordinal=578 cycle=80262185 prefix=70A41E593BCF3F9F cause=0x00010040 pc=0x8030464C context=0x804211E0
19:45:57.802 [cycle-delivery] external[578] ordinal=579 cycle=80275988 prefix=7075709798BCCE37 cause=0x00010040 pc=0x8030464C context=0x804211E0
19:45:57.802 [cycle-delivery] external[579] ordinal=580 cycle=80290397 prefix=00DADB02A48E4263 cause=0x00010040 pc=0x8030464C context=0x804211E0
19:45:57.802 [cycle-delivery] external[580] ordinal=581 cycle=80304866 prefix=B1AF6ADBDE42F9E2 cause=0x00010040 pc=0x8030464C context=0x804211E0
19:45:57.802 [cycle-delivery] external[581] ordinal=582 cycle=80319358 prefix=BEFEE53E259E0922 cause=0x00010040 pc=0x8030464C context=0x804211E0
19:45:57.802 [cycle-delivery] external[582] ordinal=583 cycle=80333471 prefix=A0AEAAB23D3A42B4 cause=0x00010040 pc=0x8030464C context=0x804211E0
19:45:57.802 [cycle-delivery] external[583] ordinal=584 cycle=80348324 prefix=104A6B8BC2F07748 cause=0x00010040 pc=0x8030464C context=0x804211E0
19:45:57.802 [cycle-delivery] external[584] ordinal=585 cycle=80363175 prefix=CD44A316B72C5833 cause=0x00010040 pc=0x8030464C context=0x804211E0
19:45:57.802 [cycle-delivery] external[585] ordinal=586 cycle=80378025 prefix=DD020516EA2D779C cause=0x00010040 pc=0x8030464C context=0x804211E0
19:45:57.802 [cycle-delivery] external[586] ordinal=587 cycle=80392988 prefix=AC58AF220D0F6A2B cause=0x00010040 pc=0x8030464C context=0x804211E0
19:45:57.802 [cycle-delivery] external[587] ordinal=588 cycle=80407789 prefix=A6AF8C0ECF23036C cause=0x00010040 pc=0x8030464C context=0x804211E0
19:45:57.802 [cycle-delivery] external[588] ordinal=589 cycle=80422554 prefix=542F64B8CB05C4A7 cause=0x00010040 pc=0x8030464C context=0x804211E0
19:45:57.802 [cycle-delivery] external[589] ordinal=590 cycle=80437039 prefix=90226B1FD260A286 cause=0x00010040 pc=0x8030464C context=0x804211E0
19:45:57.802 [cycle-delivery] external[590] ordinal=591 cycle=80451501 prefix=3FC5C80A57C47C19 cause=0x00010040 pc=0x8030464C context=0x804211E0
19:45:57.802 [cycle-delivery] external[591] ordinal=592 cycle=80466308 prefix=3F6A66C9A1CB1773 cause=0x00010040 pc=0x8030464C context=0x804211E0
19:45:57.802 [cycle-delivery] external[592] ordinal=593 cycle=80480824 prefix=1E5BFE89FD5E9F43 cause=0x00010040 pc=0x8030464C context=0x804211E0
19:45:57.802 [cycle-delivery] external[593] ordinal=594 cycle=80495700 prefix=4DA2D69D3369F20D cause=0x00010040 pc=0x8030464C context=0x804211E0
19:45:57.802 [cycle-delivery] external[594] ordinal=595 cycle=80510252 prefix=F60457E5E3FA2486 cause=0x00010040 pc=0x8030464C context=0x804211E0
19:45:57.802 [cycle-delivery] external[595] ordinal=596 cycle=80524880 prefix=EE8F79019D194D42 cause=0x00010040 pc=0x8030464C context=0x804211E0
19:45:57.802 [cycle-delivery] external[596] ordinal=597 cycle=80538526 prefix=F6232607397B5249 cause=0x00010040 pc=0x8030464C context=0x804211E0
19:45:57.802 [cycle-delivery] external[597] ordinal=598 cycle=80552265 prefix=2BCA35FBB102D9D6 cause=0x00010040 pc=0x8030464C context=0x804211E0
19:45:57.802 [cycle-delivery] external[598] ordinal=599 cycle=80566250 prefix=7F8CE841ABC6D182 cause=0x00010040 pc=0x8030464C context=0x804211E0
19:45:57.802 [cycle-delivery] external[599] ordinal=600 cycle=80580577 prefix=2571BECCD1E953A7 cause=0x00010040 pc=0x8030464C context=0x804211E0
19:45:57.802 [cycle-delivery] external[600] ordinal=601 cycle=80595042 prefix=70AB5DF098EAB4B4 cause=0x00010040 pc=0x8030464C context=0x804211E0
19:45:57.802 [cycle-delivery] external[601] ordinal=602 cycle=80609440 prefix=A82BB2F3B1C91074 cause=0x00010040 pc=0x8030464C context=0x804211E0
19:45:57.802 [cycle-delivery] external[602] ordinal=603 cycle=80623765 prefix=6639F080729B82EB cause=0x00010040 pc=0x8030464C context=0x804211E0
19:45:57.802 [cycle-delivery] external[603] ordinal=604 cycle=80638518 prefix=AC55BEC0839A6AC7 cause=0x00010040 pc=0x8030464C context=0x804211E0
19:45:57.802 [cycle-delivery] external[604] ordinal=605 cycle=80653278 prefix=2ECB4736ABBD6E86 cause=0x00010040 pc=0x8030464C context=0x804211E0
19:45:57.802 [cycle-delivery] external[605] ordinal=606 cycle=80668075 prefix=19EE2205D269BD3E cause=0x00010040 pc=0x8030464C context=0x804211E0
19:45:57.802 [cycle-delivery] external[606] ordinal=607 cycle=80682850 prefix=FFC1584073DBAD6C cause=0x00010040 pc=0x8030464C context=0x804211E0
19:45:57.802 [cycle-delivery] external[607] ordinal=608 cycle=80697583 prefix=49DC33E078E82672 cause=0x00010040 pc=0x8030464C context=0x804211E0
19:45:57.802 [cycle-delivery] external[608] ordinal=609 cycle=80712181 prefix=5D31B95C2613D967 cause=0x00010040 pc=0x8030464C context=0x804211E0
19:45:57.802 [cycle-delivery] external[609] ordinal=610 cycle=80726608 prefix=1A7AD8E1F8AEA712 cause=0x00010040 pc=0x8030464C context=0x804211E0
19:45:57.802 [cycle-delivery] external[610] ordinal=611 cycle=80741824 prefix=BBCA69278A18B77D cause=0x00010040 pc=0x8030464C context=0x804211E0
19:45:57.802 [cycle-delivery] external[611] ordinal=612 cycle=80756954 prefix=F0EB44CE79A902FD cause=0x00010040 pc=0x8030464C context=0x804211E0
19:45:57.802 [cycle-delivery] external[612] ordinal=613 cycle=80771846 prefix=34A4FBACA7F97322 cause=0x00010040 pc=0x8030464C context=0x804211E0
19:45:57.802 [cycle-delivery] external[613] ordinal=614 cycle=80785832 prefix=5319931915EC2DA9 cause=0x00010040 pc=0x8030464C context=0x804211E0
19:45:57.802 [cycle-delivery] external[614] ordinal=615 cycle=80799582 prefix=DD8C2CC473D99702 cause=0x00010040 pc=0x8030464C context=0x804211E0
19:45:57.802 [cycle-delivery] external[615] ordinal=616 cycle=80813246 prefix=2B27D980202F08B5 cause=0x00010040 pc=0x8030464C context=0x804211E0
19:45:57.802 [cycle-delivery] external[616] ordinal=617 cycle=80827779 prefix=BD026238243688F8 cause=0x00010040 pc=0x8030464C context=0x804211E0
19:45:57.802 [cycle-delivery] external[617] ordinal=618 cycle=80842175 prefix=4CE5A22AE88E06DD cause=0x00010040 pc=0x8030464C context=0x804211E0
19:45:57.802 [cycle-delivery] external[618] ordinal=619 cycle=80856728 prefix=3143CC568738651A cause=0x00010040 pc=0x8030464C context=0x804211E0
19:45:57.802 [cycle-delivery] external[619] ordinal=620 cycle=80870742 prefix=746115CA2A5AD800 cause=0x00010040 pc=0x8030464C context=0x804211E0
19:45:57.802 [cycle-delivery] external[620] ordinal=621 cycle=80885216 prefix=E0238DFF0673F069 cause=0x00010040 pc=0x8030464C context=0x804211E0
19:45:57.802 [cycle-delivery] external[621] ordinal=622 cycle=80899618 prefix=2110F20C70FD1C05 cause=0x00010040 pc=0x8030464C context=0x804211E0
19:45:57.802 [cycle-delivery] external[622] ordinal=623 cycle=80914127 prefix=5146811A9073B3CA cause=0x00010040 pc=0x8030464C context=0x804211E0
19:45:57.802 [cycle-delivery] external[623] ordinal=624 cycle=80927937 prefix=30394C19FAF02369 cause=0x00010040 pc=0x8030464C context=0x804211E0
19:45:57.802 [cycle-delivery] external[624] ordinal=625 cycle=80942854 prefix=689BF191DBC33357 cause=0x00010040 pc=0x8030464C context=0x804211E0
19:45:57.802 [cycle-delivery] external[625] ordinal=626 cycle=80956849 prefix=5531CA8673909572 cause=0x00010040 pc=0x8030464C context=0x804211E0
19:45:57.802 [cycle-delivery] external[626] ordinal=627 cycle=80970261 prefix=BE4016F45D41A6CC cause=0x00010040 pc=0x8030464C context=0x804211E0
19:45:57.802 [cycle-delivery] external[627] ordinal=628 cycle=80983811 prefix=5455D41A14262685 cause=0x00010040 pc=0x8030464C context=0x804211E0
19:45:57.802 [cycle-delivery] external[628] ordinal=629 cycle=80997217 prefix=967C709860E4127A cause=0x00010040 pc=0x8030464C context=0x804211E0
19:45:57.802 [cycle-delivery] external[629] ordinal=630 cycle=81000000 prefix=CFD7EC66330106AA cause=0x00010100 pc=0x802BE53C context=0x803A5F90
19:45:57.802 [cycle-delivery] external[630] ordinal=631 cycle=81012813 prefix=BD400C06E3E1B8F3 cause=0x00010040 pc=0x8030464C context=0x804211E0
19:45:57.802 [cycle-delivery] external[631] ordinal=632 cycle=81026219 prefix=52126250702B800C cause=0x00010040 pc=0x8030464C context=0x804211E0
19:45:57.802 [cycle-delivery] external[632] ordinal=633 cycle=81039625 prefix=69D5AD4E8C128B6C cause=0x00010040 pc=0x8030464C context=0x804211E0
19:45:57.802 [cycle-delivery] external[633] ordinal=634 cycle=81053297 prefix=0EF075F1324DD237 cause=0x00010040 pc=0x8030464C context=0x804211E0
19:45:57.802 [cycle-delivery] external[634] ordinal=635 cycle=81068081 prefix=D8EC4F7EC98F3A09 cause=0x00010040 pc=0x8030464C context=0x804211E0
19:45:57.802 [cycle-delivery] external[635] ordinal=636 cycle=81082609 prefix=2A653462A7346673 cause=0x00010040 pc=0x8030464C context=0x804211E0
19:45:57.802 [cycle-delivery] external[636] ordinal=637 cycle=81097268 prefix=B14E825B61904EE0 cause=0x00010040 pc=0x8030464C context=0x804211E0
19:45:57.802 [cycle-delivery] external[637] ordinal=638 cycle=81111781 prefix=D40444C22ADF834C cause=0x00010040 pc=0x8030464C context=0x804211E0
19:45:57.802 [cycle-delivery] external[638] ordinal=639 cycle=81125525 prefix=79BB43B97BAF9BBA cause=0x00010040 pc=0x8030464C context=0x804211E0
19:45:57.802 [cycle-delivery] external[639] ordinal=640 cycle=81140472 prefix=0250FEACCE99D670 cause=0x00010040 pc=0x8030464C context=0x804211E0
19:45:57.802 [cycle-delivery] external[640] ordinal=641 cycle=81155624 prefix=7DF93F59F679DF4A cause=0x00010040 pc=0x8030464C context=0x804211E0
19:45:57.802 [cycle-delivery] external[641] ordinal=642 cycle=81169257 prefix=6A34851D1A9CF416 cause=0x00010040 pc=0x8030464C context=0x804211E0
19:45:57.802 [cycle-delivery] external[642] ordinal=643 cycle=81182724 prefix=9F89472A0D936E96 cause=0x00010040 pc=0x8030464C context=0x804211E0
19:45:57.802 [cycle-delivery] external[643] ordinal=644 cycle=81196160 prefix=E2E9ECCFB56E130E cause=0x00010040 pc=0x8030464C context=0x804211E0
19:45:57.802 [cycle-delivery] external[644] ordinal=645 cycle=81209566 prefix=3B4DBB9C1FA2B7E7 cause=0x00010040 pc=0x8030464C context=0x804211E0
19:45:57.802 [cycle-delivery] external[645] ordinal=646 cycle=81222978 prefix=EF1DE0DD54229D47 cause=0x00010040 pc=0x8030464C context=0x804211E0
19:45:57.802 [cycle-delivery] external[646] ordinal=647 cycle=81236384 prefix=4E856BE7954FE9E5 cause=0x00010040 pc=0x8030464C context=0x804211E0
19:45:57.802 [cycle-delivery] external[647] ordinal=648 cycle=81249828 prefix=4517D5DCAAC253D8 cause=0x00010040 pc=0x8030464C context=0x804211E0
19:45:57.802 [cycle-delivery] external[648] ordinal=649 cycle=81263820 prefix=8FDDF46F3303938B cause=0x00010040 pc=0x8030464C context=0x804211E0
19:45:57.802 [cycle-delivery] external[649] ordinal=650 cycle=81278678 prefix=D12C55BE3F799F19 cause=0x00010040 pc=0x8030464C context=0x804211E0
19:45:57.802 [cycle-delivery] external[650] ordinal=651 cycle=81293528 prefix=098F888F5955CC8F cause=0x00010040 pc=0x8030464C context=0x804211E0
19:45:57.802 [cycle-delivery] external[651] ordinal=652 cycle=81308378 prefix=78589C314FECB50D cause=0x00010040 pc=0x8030464C context=0x804211E0
19:45:57.802 [cycle-delivery] external[652] ordinal=653 cycle=81323243 prefix=597F6DA4997038DE cause=0x00010040 pc=0x8030464C context=0x804211E0
19:45:57.802 [cycle-delivery] external[653] ordinal=654 cycle=81338168 prefix=E9A0E7A8EA26E3AC cause=0x00010040 pc=0x8030464C context=0x804211E0
19:45:57.802 [cycle-delivery] external[654] ordinal=655 cycle=81352943 prefix=282256AC1B132E84 cause=0x00010040 pc=0x8030464C context=0x804211E0
19:45:57.802 [cycle-delivery] external[655] ordinal=656 cycle=81367276 prefix=314E980FBCE62689 cause=0x00010040 pc=0x8030464C context=0x804211E0
19:45:57.802 [cycle-delivery] external[656] ordinal=657 cycle=81381782 prefix=5231217F29B0AEFF cause=0x00010040 pc=0x8030464C context=0x804211E0
19:45:57.802 [cycle-delivery] external[657] ordinal=658 cycle=81396588 prefix=D492A8672B101DA8 cause=0x00010040 pc=0x8030464C context=0x804211E0
19:45:57.802 [cycle-delivery] external[658] ordinal=659 cycle=81411125 prefix=3B75101BD85B5AC7 cause=0x00010040 pc=0x8030464C context=0x804211E0
19:45:57.802 [cycle-delivery] external[659] ordinal=660 cycle=81426041 prefix=8B8CC3D27A4CA726 cause=0x00010040 pc=0x8030464C context=0x804211E0
19:45:57.802 [cycle-delivery] external[660] ordinal=661 cycle=81440506 prefix=2A9072EF05DD07E6 cause=0x00010040 pc=0x8030464C context=0x804211E0
19:45:57.802 [cycle-delivery] external[661] ordinal=662 cycle=81454931 prefix=3F89787D97D45C68 cause=0x00010040 pc=0x8030464C context=0x804211E0
19:45:57.802 [cycle-delivery] external[662] ordinal=663 cycle=81468768 prefix=B2470062D011992A cause=0x00010040 pc=0x8030464C context=0x804211E0
19:45:57.802 [cycle-delivery] external[663] ordinal=664 cycle=81482389 prefix=2959BA7F90B6EF9C cause=0x00010040 pc=0x8030464C context=0x804211E0
19:45:57.802 [cycle-delivery] external[664] ordinal=665 cycle=81496673 prefix=DEC18FBFEAB2A612 cause=0x00010040 pc=0x8030464C context=0x804211E0
19:45:57.802 [cycle-delivery] external[665] ordinal=666 cycle=81510956 prefix=E07B47C3902620D7 cause=0x00010040 pc=0x8030464C context=0x804211E0
19:45:57.802 [cycle-delivery] external[666] ordinal=667 cycle=81525625 prefix=904FB3BFB88AD9A4 cause=0x00010040 pc=0x8030464C context=0x804211E0
19:45:57.802 [cycle-delivery] external[667] ordinal=668 cycle=81539918 prefix=E628BC7EC8007CE3 cause=0x00010040 pc=0x8030464C context=0x804211E0
19:45:57.802 [cycle-delivery] external[668] ordinal=669 cycle=81554280 prefix=CAC1C456169A7742 cause=0x00010040 pc=0x8030464C context=0x804211E0
19:45:57.802 [cycle-delivery] external[669] ordinal=670 cycle=81569053 prefix=1EF51FC7CDA5949A cause=0x00010040 pc=0x8030464C context=0x804211E0
19:45:57.802 [cycle-delivery] external[670] ordinal=671 cycle=81583837 prefix=562A793FC977BEED cause=0x00010040 pc=0x8030464C context=0x804211E0
19:45:57.802 [cycle-delivery] external[671] ordinal=672 cycle=81598689 prefix=3734B250C60C4B7F cause=0x00010040 pc=0x8030464C context=0x804211E0
19:45:57.802 [cycle-delivery] external[672] ordinal=673 cycle=81613362 prefix=8E1702F3CDF103EA cause=0x00010040 pc=0x8030464C context=0x804211E0
19:45:57.802 [cycle-delivery] external[673] ordinal=674 cycle=81627573 prefix=F18AE0672CE20C95 cause=0x00010040 pc=0x8030464C context=0x804211E0
19:45:57.802 [cycle-delivery] external[674] ordinal=675 cycle=81642844 prefix=333557FB972D4795 cause=0x00010040 pc=0x8030464C context=0x804211E0
19:45:57.802 [cycle-delivery] external[675] ordinal=676 cycle=81657995 prefix=A46CFAC601658A44 cause=0x00010040 pc=0x8030464C context=0x804211E0
19:45:57.802 [cycle-delivery] external[676] ordinal=677 cycle=81671983 prefix=0DBC347AE7F393D2 cause=0x00010040 pc=0x8030464C context=0x804211E0
19:45:57.802 [cycle-delivery] external[677] ordinal=678 cycle=81685414 prefix=C45F6E33131382E3 cause=0x00010040 pc=0x8030464C context=0x804211E0
19:45:57.802 [cycle-delivery] external[678] ordinal=679 cycle=81698916 prefix=92F9441BD142B4C7 cause=0x00010040 pc=0x8030464C context=0x804211E0
19:45:57.802 [cycle-delivery] external[679] ordinal=680 cycle=81712355 prefix=AB0CC07AA38ABBAA cause=0x00010040 pc=0x8030464C context=0x804211E0
19:45:57.802 [cycle-delivery] external[680] ordinal=681 cycle=81725792 prefix=02FC2A97B215E3C0 cause=0x00010040 pc=0x8030464C context=0x804211E0
19:45:57.802 [cycle-delivery] external[681] ordinal=682 cycle=81739198 prefix=EC2DE93E636CBF90 cause=0x00010040 pc=0x8030464C context=0x804211E0
19:45:57.802 [cycle-delivery] external[682] ordinal=683 cycle=81752761 prefix=593DB75805714982 cause=0x00010040 pc=0x8030464C context=0x804211E0
19:45:57.802 [cycle-delivery] external[683] ordinal=684 cycle=81766727 prefix=C55AEE89A5AFBAE9 cause=0x00010040 pc=0x8030464C context=0x804211E0
19:45:57.802 [cycle-delivery] external[684] ordinal=685 cycle=81781507 prefix=7B36152D54CDEF80 cause=0x00010040 pc=0x8030464C context=0x804211E0
19:45:57.802 [cycle-delivery] external[685] ordinal=686 cycle=81796290 prefix=5764665030D214B8 cause=0x00010040 pc=0x8030464C context=0x804211E0
19:45:57.802 [cycle-delivery] external[686] ordinal=687 cycle=81811075 prefix=4A767FBBCFEE7369 cause=0x00010040 pc=0x8030464C context=0x804211E0
19:45:57.802 [cycle-delivery] external[687] ordinal=688 cycle=81825863 prefix=000F8944534A6B02 cause=0x00010040 pc=0x8030464C context=0x804211E0
19:45:57.802 [cycle-delivery] external[688] ordinal=689 cycle=81840562 prefix=E0A5A243222FC53F cause=0x00010040 pc=0x8030464C context=0x804211E0
19:45:57.802 [cycle-delivery] external[689] ordinal=690 cycle=81855281 prefix=052EEAB635C07D52 cause=0x00010040 pc=0x8030464C context=0x804211E0
19:45:57.802 [cycle-delivery] external[690] ordinal=691 cycle=81869546 prefix=8BB7F8255864C0EB cause=0x00010040 pc=0x8030464C context=0x804211E0
19:45:57.802 [cycle-delivery] external[691] ordinal=692 cycle=81884697 prefix=ED43F8F23CB629EF cause=0x00010040 pc=0x8030464C context=0x804211E0
19:45:57.802 [cycle-delivery] external[692] ordinal=693 cycle=81899785 prefix=4B600F8619691E78 cause=0x00010040 pc=0x8030464C context=0x804211E0
19:45:57.802 [cycle-delivery] external[693] ordinal=694 cycle=81914636 prefix=18CF75C7EB6DAA5A cause=0x00010040 pc=0x8030464C context=0x804211E0
19:45:57.802 [cycle-delivery] external[694] ordinal=695 cycle=81929208 prefix=CA0ED4A1BAFB107D cause=0x00010040 pc=0x8030464C context=0x804211E0
19:45:57.802 [cycle-delivery] external[695] ordinal=696 cycle=81943325 prefix=60055970C70098F9 cause=0x00010040 pc=0x8030464C context=0x804211E0
19:45:57.802 [cycle-delivery] external[696] ordinal=697 cycle=81957194 prefix=8544FF1E249362EA cause=0x00010040 pc=0x8030464C context=0x804211E0
19:45:57.803 [cycle-delivery] external[697] ordinal=698 cycle=81970677 prefix=CA3B1AA06993EF20 cause=0x00010040 pc=0x8030464C context=0x804211E0
19:45:57.803 [cycle-delivery] external[698] ordinal=699 cycle=81985234 prefix=EB34539E0E51E494 cause=0x00010040 pc=0x8030464C context=0x804211E0
19:45:57.803 [cycle-delivery] external[699] ordinal=700 cycle=81999679 prefix=DE1954E28829D9B1 cause=0x00010040 pc=0x8030464C context=0x804211E0
19:45:57.803 [cycle-delivery] external[700] ordinal=701 cycle=82014239 prefix=F340F88D0E3EACAB cause=0x00010040 pc=0x8030464C context=0x804211E0
19:45:57.803 [cycle-delivery] external[701] ordinal=702 cycle=82028470 prefix=C94DA41585193C35 cause=0x00010040 pc=0x8030464C context=0x804211E0
19:45:57.803 [cycle-delivery] external[702] ordinal=703 cycle=82043047 prefix=02A9A95D62D8B9B7 cause=0x00010040 pc=0x8030464C context=0x804211E0
19:45:57.803 [cycle-delivery] external[703] ordinal=704 cycle=82057770 prefix=C739766019F78459 cause=0x00010040 pc=0x8030464C context=0x804211E0
19:45:57.803 [cycle-delivery] external[704] ordinal=705 cycle=82072542 prefix=4C29C5E34E174A2A cause=0x00010040 pc=0x8030464C context=0x804211E0
19:45:57.803 [cycle-delivery] external[705] ordinal=706 cycle=82087382 prefix=E90F209F699AA28B cause=0x00010040 pc=0x8030464C context=0x804211E0
19:45:57.803 [cycle-delivery] external[706] ordinal=707 cycle=82102136 prefix=E5456D6A06CFE80E cause=0x00010040 pc=0x8030464C context=0x804211E0
19:45:57.803 [cycle-delivery] external[707] ordinal=708 cycle=82116893 prefix=47F110EB9680FF29 cause=0x00010040 pc=0x8030464C context=0x804211E0
19:45:57.803 [cycle-delivery] external[708] ordinal=709 cycle=82131626 prefix=BFF2B887E3DAA0A4 cause=0x00010040 pc=0x8030464C context=0x804211E0
19:45:57.803 [cycle-delivery] external[709] ordinal=710 cycle=82146220 prefix=D13DBBDC05A36882 cause=0x00010040 pc=0x8030464C context=0x804211E0
19:45:57.803 [cycle-delivery] external[710] ordinal=711 cycle=82160961 prefix=CE339BC16738F8FD cause=0x00010040 pc=0x8030464C context=0x804211E0
19:45:57.803 [cycle-delivery] external[711] ordinal=712 cycle=82176041 prefix=A494EAAFCC5CC86F cause=0x00010040 pc=0x8030464C context=0x804211E0
19:45:57.803 [cycle-delivery] external[712] ordinal=713 cycle=82191085 prefix=3CE9578AA9C84102 cause=0x00010040 pc=0x8030464C context=0x804211E0
19:45:57.803 [cycle-delivery] external[713] ordinal=714 cycle=82205914 prefix=8EE2C85512DD83A8 cause=0x00010040 pc=0x8030464C context=0x804211E0
19:45:57.803 [cycle-delivery] external[714] ordinal=715 cycle=82219834 prefix=3F436A065A2C1B81 cause=0x00010040 pc=0x8030464C context=0x804211E0
19:45:57.803 [cycle-delivery] external[715] ordinal=716 cycle=82233598 prefix=5A10C18EE30C37E7 cause=0x00010040 pc=0x8030464C context=0x804211E0
19:45:57.803 [cycle-delivery] external[716] ordinal=717 cycle=82247326 prefix=51915ACA0388FCE7 cause=0x00010040 pc=0x8030464C context=0x804211E0
19:45:57.803 [cycle-delivery] external[717] ordinal=718 cycle=82261789 prefix=ED8169A2470BAA28 cause=0x00010040 pc=0x8030464C context=0x804211E0
19:45:57.803 [cycle-delivery] external[718] ordinal=719 cycle=82276292 prefix=6FB1E8EDB7C2C40C cause=0x00010040 pc=0x8030464C context=0x804211E0
19:45:57.803 [cycle-delivery] external[719] ordinal=720 cycle=82290717 prefix=F95AACDDE0B3BC30 cause=0x00010040 pc=0x8030464C context=0x804211E0
19:45:57.803 [cycle-delivery] external[720] ordinal=721 cycle=82304812 prefix=62FAD3CE75A1FCDC cause=0x00010040 pc=0x8030464C context=0x804211E0
19:45:57.803 [cycle-delivery] external[721] ordinal=722 cycle=82319644 prefix=41AC6077B9802687 cause=0x00010040 pc=0x8030464C context=0x804211E0
19:45:57.803 [cycle-delivery] external[722] ordinal=723 cycle=82334437 prefix=C3575EA040A03C7C cause=0x00010040 pc=0x8030464C context=0x804211E0
19:45:57.803 [cycle-delivery] external[723] ordinal=724 cycle=82349251 prefix=22DEC880050872A7 cause=0x00010040 pc=0x8030464C context=0x804211E0
19:45:57.803 [cycle-delivery] external[724] ordinal=725 cycle=82364034 prefix=2E0B597671054499 cause=0x00010040 pc=0x8030464C context=0x804211E0
19:45:57.803 [cycle-delivery] external[725] ordinal=726 cycle=82378830 prefix=95689EC456C73A1A cause=0x00010040 pc=0x8030464C context=0x804211E0
19:45:57.803 [cycle-delivery] external[726] ordinal=727 cycle=82393668 prefix=C2FD5147413F91F9 cause=0x00010040 pc=0x8030464C context=0x804211E0
19:45:57.803 [cycle-delivery] external[727] ordinal=728 cycle=82408497 prefix=70389F793EA6AEF3 cause=0x00010040 pc=0x8030464C context=0x804211E0
19:45:57.803 [cycle-delivery] external[728] ordinal=729 cycle=82423295 prefix=CA219D805BCAED66 cause=0x00010040 pc=0x8030464C context=0x804211E0
19:45:57.803 [cycle-delivery] external[729] ordinal=730 cycle=82438106 prefix=EA97E215D7A11D46 cause=0x00010040 pc=0x8030464C context=0x804211E0
19:45:57.803 [cycle-delivery] external[730] ordinal=731 cycle=82452906 prefix=6F6E36EE64017921 cause=0x00010040 pc=0x8030464C context=0x804211E0
19:45:57.803 [cycle-delivery] external[731] ordinal=732 cycle=82467524 prefix=D4CECF5E07903353 cause=0x00010040 pc=0x8030464C context=0x804211E0
19:45:57.803 [cycle-delivery] external[732] ordinal=733 cycle=82481992 prefix=B14E8B778C3B3750 cause=0x00010040 pc=0x8030464C context=0x804211E0
19:45:57.803 [cycle-delivery] external[733] ordinal=734 cycle=82497002 prefix=3300BE28DC636E57 cause=0x00010040 pc=0x8030464C context=0x804211E0
19:45:57.803 [cycle-delivery] external[734] ordinal=735 cycle=82512068 prefix=C6AAFD89BC612304 cause=0x00010040 pc=0x8030464C context=0x804211E0
19:45:57.803 [cycle-delivery] external[735] ordinal=736 cycle=82527122 prefix=A9AA50CB9243D376 cause=0x00010040 pc=0x8030464C context=0x804211E0
19:45:57.803 [cycle-delivery] external[736] ordinal=737 cycle=82542127 prefix=CFE36807764EF166 cause=0x00010040 pc=0x8030464C context=0x804211E0
19:45:57.803 [cycle-delivery] external[737] ordinal=738 cycle=82556790 prefix=9F9563E929E89E5C cause=0x00010040 pc=0x8030464C context=0x804211E0
19:45:57.803 [cycle-delivery] external[738] ordinal=739 cycle=82570405 prefix=ED447544224C02F8 cause=0x00010040 pc=0x8030464C context=0x804211E0
19:45:57.803 [cycle-delivery] external[739] ordinal=740 cycle=82584177 prefix=E1FAEB1B86494B8F cause=0x00010040 pc=0x8030464C context=0x804211E0
19:45:57.803 [cycle-delivery] external[740] ordinal=741 cycle=82598155 prefix=D295558B4CF05455 cause=0x00010040 pc=0x8030464C context=0x804211E0
19:45:57.803 [cycle-delivery] external[741] ordinal=742 cycle=82612531 prefix=86783687DD665E27 cause=0x00010040 pc=0x8030464C context=0x804211E0
19:45:57.803 [cycle-delivery] external[742] ordinal=743 cycle=82627045 prefix=FAF53612DA22A687 cause=0x00010040 pc=0x8030464C context=0x804211E0
19:45:57.803 [cycle-delivery] external[743] ordinal=744 cycle=82641495 prefix=5F0BBE01E5EE2CE9 cause=0x00010040 pc=0x8030464C context=0x804211E0
19:45:57.803 [cycle-delivery] external[744] ordinal=745 cycle=82655848 prefix=FE8223979B6A3856 cause=0x00010040 pc=0x8030464C context=0x804211E0
19:45:57.803 [cycle-delivery] external[745] ordinal=746 cycle=82670694 prefix=6CECE6820B0A0D3D cause=0x00010040 pc=0x8030464C context=0x804211E0
19:45:57.803 [cycle-delivery] external[746] ordinal=747 cycle=82685484 prefix=98DF0F816A15ABB2 cause=0x00010040 pc=0x8030464C context=0x804211E0
19:45:57.803 [cycle-delivery] external[747] ordinal=748 cycle=82700212 prefix=1380A3F1A37B3968 cause=0x00010040 pc=0x8030464C context=0x804211E0
19:45:57.803 [cycle-delivery] external[748] ordinal=749 cycle=82714841 prefix=8A3618127936349B cause=0x00010040 pc=0x8030464C context=0x804211E0
19:45:57.803 [cycle-delivery] external[749] ordinal=750 cycle=82729562 prefix=48B43340BAC3838B cause=0x00010040 pc=0x8030464C context=0x804211E0
19:45:57.803 [cycle-delivery] external[750] ordinal=751 cycle=82743992 prefix=D415C2EAED7D6EDD cause=0x00010040 pc=0x8030464C context=0x804211E0
19:45:57.803 [cycle-delivery] external[751] ordinal=752 cycle=82759021 prefix=8CB52ADD36D47BF3 cause=0x00010040 pc=0x8030464C context=0x804211E0
19:45:57.803 [cycle-delivery] external[752] ordinal=753 cycle=82774128 prefix=0C915A7F0B0615A0 cause=0x00010040 pc=0x8030464C context=0x804211E0
19:45:57.803 [cycle-delivery] external[753] ordinal=754 cycle=82788891 prefix=F89B5DDB67A45EC8 cause=0x00010040 pc=0x8030464C context=0x804211E0
19:45:57.803 [cycle-delivery] external[754] ordinal=755 cycle=82802954 prefix=026C06B9AE643F60 cause=0x00010040 pc=0x8030464C context=0x804211E0
19:45:57.803 [cycle-delivery] external[755] ordinal=756 cycle=82816812 prefix=D99514B3E34CD474 cause=0x00010040 pc=0x8030464C context=0x804211E0
19:45:57.803 [cycle-delivery] external[756] ordinal=757 cycle=82830323 prefix=D34FB91A65DD24ED cause=0x00010040 pc=0x8030464C context=0x804211E0
19:45:57.803 [cycle-delivery] external[757] ordinal=758 cycle=82844721 prefix=2B61039120B7030C cause=0x00010040 pc=0x8030464C context=0x804211E0
19:45:57.803 [cycle-delivery] external[758] ordinal=759 cycle=82859178 prefix=9EF3DDD5366CBDF4 cause=0x00010040 pc=0x8030464C context=0x804211E0
19:45:57.803 [cycle-delivery] external[759] ordinal=760 cycle=82873756 prefix=3B622F998ACEAD23 cause=0x00010040 pc=0x8030464C context=0x804211E0
19:45:57.803 [cycle-delivery] external[760] ordinal=761 cycle=82888032 prefix=A6139A284C3E0914 cause=0x00010040 pc=0x8030464C context=0x804211E0
19:45:57.803 [cycle-delivery] external[761] ordinal=762 cycle=82902602 prefix=34EFFD3F45CEC78A cause=0x00010040 pc=0x8030464C context=0x804211E0
19:45:57.803 [cycle-delivery] external[762] ordinal=763 cycle=82917421 prefix=1839174C1552375C cause=0x00010040 pc=0x8030464C context=0x804211E0
19:45:57.803 [cycle-delivery] external[763] ordinal=764 cycle=82932192 prefix=9C32F5D4041DA7A4 cause=0x00010040 pc=0x8030464C context=0x804211E0
19:45:57.803 [cycle-delivery] external[764] ordinal=765 cycle=82946951 prefix=CB85E2FE70B0C71F cause=0x00010040 pc=0x8030464C context=0x804211E0
19:45:57.803 [cycle-delivery] external[765] ordinal=766 cycle=82961720 prefix=673B15C02D4665A7 cause=0x00010040 pc=0x8030464C context=0x804211E0
19:45:57.803 [cycle-delivery] external[766] ordinal=767 cycle=82976467 prefix=94A34A91D4D12624 cause=0x00010040 pc=0x8030464C context=0x804211E0
19:45:57.803 [cycle-delivery] external[767] ordinal=768 cycle=82991258 prefix=5AF96304558CFB8A cause=0x00010040 pc=0x8030464C context=0x804211E0
19:45:57.803 [cycle-delivery] external[768] ordinal=769 cycle=83005938 prefix=A8388BB20C51777D cause=0x00010040 pc=0x8030464C context=0x804211E0
19:45:57.803 [cycle-delivery] external[769] ordinal=770 cycle=83020632 prefix=53845EF8BB6A58E2 cause=0x00010040 pc=0x8030464C context=0x804211E0
19:45:57.803 [cycle-delivery] external[770] ordinal=771 cycle=83035173 prefix=388C3D45D4A8AA4A cause=0x00010040 pc=0x8030464C context=0x804211E0
19:45:57.803 [cycle-delivery] external[771] ordinal=772 cycle=83049483 prefix=037DD50EBD309034 cause=0x00010040 pc=0x8030464C context=0x804211E0
19:45:57.803 [cycle-delivery] external[772] ordinal=773 cycle=83064468 prefix=B0FCF5657CBFA11D cause=0x00010040 pc=0x8030464C context=0x804211E0
19:45:57.803 [cycle-delivery] external[773] ordinal=774 cycle=83079508 prefix=85439B67DADC14EF cause=0x00010040 pc=0x8030464C context=0x804211E0
19:45:57.803 [cycle-delivery] external[774] ordinal=775 cycle=83094574 prefix=BA20D745E56F7EFA cause=0x00010040 pc=0x8030464C context=0x804211E0
19:45:57.803 [cycle-delivery] external[775] ordinal=776 cycle=83109599 prefix=2A62CE476BE434F3 cause=0x00010040 pc=0x8030464C context=0x804211E0
19:45:57.803 [cycle-delivery] external[776] ordinal=777 cycle=83124459 prefix=69FDFAE6482124E0 cause=0x00010040 pc=0x8030464C context=0x804211E0
19:45:57.803 [cycle-delivery] external[777] ordinal=778 cycle=83138083 prefix=3144F7DB1E4FB0AD cause=0x00010040 pc=0x8030464C context=0x804211E0
19:45:57.803 [cycle-delivery] external[778] ordinal=779 cycle=83151792 prefix=FCCDE6198D162960 cause=0x00010040 pc=0x8030464C context=0x804211E0
19:45:57.803 [cycle-delivery] external[779] ordinal=780 cycle=83165794 prefix=0C2FF14F0A82664D cause=0x00010040 pc=0x8030464C context=0x804211E0
19:45:57.803 [cycle-delivery] external[780] ordinal=781 cycle=83180213 prefix=8073960F64E11E71 cause=0x00010040 pc=0x8030464C context=0x804211E0
19:45:57.803 [cycle-delivery] external[781] ordinal=782 cycle=83194681 prefix=7120B5BBD4CA1634 cause=0x00010040 pc=0x8030464C context=0x804211E0
19:45:57.803 [cycle-delivery] external[782] ordinal=783 cycle=83209093 prefix=DFDC1FA61096BFAD cause=0x00010040 pc=0x8030464C context=0x804211E0
19:45:57.803 [cycle-delivery] external[783] ordinal=784 cycle=83223441 prefix=A2718DD2E62A2DE8 cause=0x00010040 pc=0x8030464C context=0x804211E0
19:45:57.803 [cycle-delivery] external[784] ordinal=785 cycle=83238156 prefix=709430B7453F2AA9 cause=0x00010040 pc=0x8030464C context=0x804211E0
19:45:57.803 [cycle-delivery] external[785] ordinal=786 cycle=83252519 prefix=8905AD963F7DFCB1 cause=0x00010040 pc=0x8030464C context=0x804211E0
19:45:57.803 [cycle-delivery] external[786] ordinal=787 cycle=83267114 prefix=3A0C2BBEC7C7D281 cause=0x00010040 pc=0x8030464C context=0x804211E0
19:45:57.803 [cycle-delivery] external[787] ordinal=788 cycle=83281242 prefix=6241BE9E9914E65A cause=0x00010040 pc=0x8030464C context=0x804211E0
19:45:57.803 [cycle-delivery] external[788] ordinal=789 cycle=83295471 prefix=BAD58B0A7EACA187 cause=0x00010040 pc=0x8030464C context=0x804211E0
19:45:57.803 [cycle-delivery] external[789] ordinal=790 cycle=83309761 prefix=9F1ACDD8A67C19C3 cause=0x00010040 pc=0x8030464C context=0x804211E0
19:45:57.803 [cycle-delivery] external[790] ordinal=791 cycle=83324414 prefix=40D6F42799993EAF cause=0x00010040 pc=0x8030464C context=0x804211E0
19:45:57.803 [cycle-delivery] external[791] ordinal=792 cycle=83338890 prefix=0016522346519EAC cause=0x00010040 pc=0x8030464C context=0x804211E0
19:45:57.803 [cycle-delivery] external[792] ordinal=793 cycle=83353270 prefix=329B4A26983714AF cause=0x00010040 pc=0x8030464C context=0x804211E0
19:45:57.803 [cycle-delivery] external[793] ordinal=794 cycle=83367583 prefix=5FED708317DFCDE2 cause=0x00010040 pc=0x8030464C context=0x804211E0
19:45:57.803 [cycle-delivery] external[794] ordinal=795 cycle=83381984 prefix=1DD35245A82BA52A cause=0x00010040 pc=0x8030464C context=0x804211E0
19:45:57.803 [cycle-delivery] external[795] ordinal=796 cycle=83396916 prefix=A2E2DA36971E830D cause=0x00010040 pc=0x8030464C context=0x804211E0
19:45:57.803 [cycle-delivery] external[796] ordinal=797 cycle=83411949 prefix=BD4B7CE01A0925DB cause=0x00010040 pc=0x8030464C context=0x804211E0
19:45:57.803 [cycle-delivery] external[797] ordinal=798 cycle=83426902 prefix=A7AA9A0D672E52F1 cause=0x00010040 pc=0x8030464C context=0x804211E0
19:45:57.803 [cycle-delivery] external[798] ordinal=799 cycle=83441639 prefix=9F242BC1D4505572 cause=0x00010040 pc=0x8030464C context=0x804211E0
19:45:57.803 [cycle-delivery] external[799] ordinal=800 cycle=83455922 prefix=2C4F131BC7AF4812 cause=0x00010040 pc=0x8030464C context=0x804211E0
19:45:57.803 [cycle-delivery] external[800] ordinal=801 cycle=83469799 prefix=7AC5308AE4A44103 cause=0x00010040 pc=0x8030464C context=0x804211E0
19:45:57.803 [cycle-delivery] external[801] ordinal=802 cycle=83483326 prefix=4261B5ACD3910956 cause=0x00010040 pc=0x8030464C context=0x804211E0
19:45:57.803 [cycle-delivery] external[802] ordinal=803 cycle=83497790 prefix=EE56C1EE8E320A03 cause=0x00010040 pc=0x8030464C context=0x804211E0
19:45:57.803 [cycle-delivery] external[803] ordinal=804 cycle=83512099 prefix=AB1C44B3A612AB55 cause=0x00010040 pc=0x8030464C context=0x804211E0
19:45:57.803 [cycle-delivery] external[804] ordinal=805 cycle=83526681 prefix=205ECC1A7F57D436 cause=0x00010040 pc=0x8030464C context=0x804211E0
19:45:57.803 [cycle-delivery] external[805] ordinal=806 cycle=83540904 prefix=A9998443B10C1031 cause=0x00010040 pc=0x8030464C context=0x804211E0
19:45:57.803 [cycle-delivery] external[806] ordinal=807 cycle=83555402 prefix=2ADA1BED02487793 cause=0x00010040 pc=0x8030464C context=0x804211E0
19:45:57.803 [cycle-delivery] external[807] ordinal=808 cycle=83570188 prefix=28C5FF4D9B5D12EA cause=0x00010040 pc=0x8030464C context=0x804211E0
19:45:57.803 [cycle-delivery] external[808] ordinal=809 cycle=83584618 prefix=22221B9B41F68421 cause=0x00010040 pc=0x8030464C context=0x804211E0
19:45:57.803 [cycle-delivery] external[809] ordinal=810 cycle=83599143 prefix=2BCCBF3A92154F24 cause=0x00010040 pc=0x8030464C context=0x804211E0
19:45:57.803 [cycle-delivery] external[810] ordinal=811 cycle=83614018 prefix=377C919EAA27FD58 cause=0x00010040 pc=0x8030464C context=0x804211E0
19:45:57.803 [cycle-delivery] external[811] ordinal=812 cycle=83628807 prefix=180F6E0CD4E61B5C cause=0x00010040 pc=0x8030464C context=0x804211E0
19:45:57.803 [cycle-delivery] external[812] ordinal=813 cycle=83643552 prefix=9B248746A5D5644A cause=0x00010040 pc=0x8030464C context=0x804211E0
19:45:57.803 [cycle-delivery] external[813] ordinal=814 cycle=83658306 prefix=86D5AF89E7ECEEB4 cause=0x00010040 pc=0x8030464C context=0x804211E0
19:45:57.803 [cycle-delivery] external[814] ordinal=815 cycle=83673002 prefix=ED84553C1CD82663 cause=0x00010040 pc=0x8030464C context=0x804211E0
19:45:57.803 [cycle-delivery] external[815] ordinal=816 cycle=83687603 prefix=BF8CCA9F74493448 cause=0x00010040 pc=0x8030464C context=0x804211E0
19:45:57.803 [cycle-delivery] external[816] ordinal=817 cycle=83701939 prefix=778981784D476CF0 cause=0x00010040 pc=0x8030464C context=0x804211E0
19:45:57.803 [cycle-delivery] external[817] ordinal=818 cycle=83716956 prefix=DE795E51A66C5786 cause=0x00010040 pc=0x8030464C context=0x804211E0
19:45:57.803 [cycle-delivery] external[818] ordinal=819 cycle=83732051 prefix=71B076D51A1B961C cause=0x00010040 pc=0x8030464C context=0x804211E0
19:45:57.803 [cycle-delivery] external[819] ordinal=820 cycle=83747129 prefix=E5B6100A162A4FCB cause=0x00010040 pc=0x8030464C context=0x804211E0
19:45:57.803 [cycle-delivery] external[820] ordinal=821 cycle=83762182 prefix=AE5C7314C2821A7D cause=0x00010040 pc=0x8030464C context=0x804211E0
19:45:57.803 [cycle-delivery] external[821] ordinal=822 cycle=83776940 prefix=7A16925D84FF05F0 cause=0x00010040 pc=0x8030464C context=0x804211E0
19:45:57.803 [cycle-delivery] external[822] ordinal=823 cycle=83790555 prefix=73C2DE7D3694647F cause=0x00010040 pc=0x8030464C context=0x804211E0
19:45:57.803 [cycle-delivery] external[823] ordinal=824 cycle=83804293 prefix=5615298F9FCF8930 cause=0x00010040 pc=0x8030464C context=0x804211E0
19:45:57.803 [cycle-delivery] external[824] ordinal=825 cycle=83818277 prefix=2895D2A154D0EACC cause=0x00010040 pc=0x8030464C context=0x804211E0
19:45:57.803 [cycle-delivery] external[825] ordinal=826 cycle=83832658 prefix=0E0598307EBDFEBE cause=0x00010040 pc=0x8030464C context=0x804211E0
19:45:57.803 [cycle-delivery] external[826] ordinal=827 cycle=83847128 prefix=DE9BA5A3291CE9A6 cause=0x00010040 pc=0x8030464C context=0x804211E0
19:45:57.803 [cycle-delivery] external[827] ordinal=828 cycle=83861533 prefix=1A4F16B4B543338E cause=0x00010040 pc=0x8030464C context=0x804211E0
19:45:57.803 [cycle-delivery] external[828] ordinal=829 cycle=83875837 prefix=E50953932F02F045 cause=0x00010040 pc=0x8030464C context=0x804211E0
19:45:57.803 [cycle-delivery] external[829] ordinal=830 cycle=83890461 prefix=00F22A7FC7B61E34 cause=0x00010040 pc=0x8030464C context=0x804211E0
19:45:57.803 [cycle-delivery] external[830] ordinal=831 cycle=83905292 prefix=A2C057A33008D1E8 cause=0x00010040 pc=0x8030464C context=0x804211E0
19:45:57.803 [cycle-delivery] external[831] ordinal=832 cycle=83920131 prefix=4E3C08A2CB78750B cause=0x00010040 pc=0x8030464C context=0x804211E0
19:45:57.803 [cycle-delivery] external[832] ordinal=833 cycle=83935001 prefix=DACF82041B6FE308 cause=0x00010040 pc=0x8030464C context=0x804211E0
19:45:57.803 [cycle-delivery] external[833] ordinal=834 cycle=83949894 prefix=020CB39193233DB0 cause=0x00010040 pc=0x8030464C context=0x804211E0
19:45:57.803 [cycle-delivery] external[834] ordinal=835 cycle=83964534 prefix=491DB6D06F2A0744 cause=0x00010040 pc=0x8030464C context=0x804211E0
19:45:57.803 [cycle-delivery] external[835] ordinal=836 cycle=83978842 prefix=319B02EA3E5F7194 cause=0x00010040 pc=0x8030464C context=0x804211E0
19:45:57.803 [cycle-delivery] external[836] ordinal=837 cycle=83993238 prefix=BCA751ABFE7890C8 cause=0x00010040 pc=0x8030464C context=0x804211E0
19:45:57.803 [cycle-delivery] external[837] ordinal=838 cycle=84008097 prefix=DC961E0922932D93 cause=0x00010040 pc=0x8030464C context=0x804211E0
19:45:57.803 [cycle-delivery] external[838] ordinal=839 cycle=84022756 prefix=72DE1FF69ADFDEF3 cause=0x00010040 pc=0x8030464C context=0x804211E0
19:45:57.803 [cycle-delivery] external[839] ordinal=840 cycle=84037368 prefix=58AEE51F1D2FB910 cause=0x00010040 pc=0x8030464C context=0x804211E0
19:45:57.803 [cycle-delivery] external[840] ordinal=841 cycle=84052233 prefix=B7722F99E59D304B cause=0x00010040 pc=0x8030464C context=0x804211E0
19:45:57.803 [cycle-delivery] external[841] ordinal=842 cycle=84066635 prefix=CA93BEE190253B9A cause=0x00010040 pc=0x8030464C context=0x804211E0
19:45:57.803 [cycle-delivery] external[842] ordinal=843 cycle=84081215 prefix=64656336DF590BE8 cause=0x00010040 pc=0x8030464C context=0x804211E0
19:45:57.803 [cycle-delivery] external[843] ordinal=844 cycle=84094855 prefix=7FEF4331BE1F7EF4 cause=0x00010040 pc=0x8030464C context=0x804211E0
19:45:57.803 [cycle-delivery] external[844] ordinal=845 cycle=84108691 prefix=C0CC18F26D7CE1FE cause=0x00010040 pc=0x8030464C context=0x804211E0
19:45:57.803 [cycle-delivery] external[845] ordinal=846 cycle=84122708 prefix=C2B533E9A7B43B08 cause=0x00010040 pc=0x8030464C context=0x804211E0
19:45:57.803 [cycle-delivery] external[846] ordinal=847 cycle=84137105 prefix=19D68421DBA5EA9D cause=0x00010040 pc=0x8030464C context=0x804211E0
19:45:57.803 [cycle-delivery] external[847] ordinal=848 cycle=84151591 prefix=602D79D7F4AF980E cause=0x00010040 pc=0x8030464C context=0x804211E0
19:45:57.803 [cycle-delivery] external[848] ordinal=849 cycle=84166049 prefix=C599463647E0F8BF cause=0x00010040 pc=0x8030464C context=0x804211E0
19:45:57.803 [cycle-delivery] external[849] ordinal=850 cycle=84180338 prefix=8782D178D792E993 cause=0x00010040 pc=0x8030464C context=0x804211E0
19:45:57.803 [cycle-delivery] external[850] ordinal=851 cycle=84194964 prefix=2FD44AA2B8FBD942 cause=0x00010040 pc=0x8030464C context=0x804211E0
19:45:57.803 [cycle-delivery] external[851] ordinal=852 cycle=84209760 prefix=AF5335C980B08D0D cause=0x00010040 pc=0x8030464C context=0x804211E0
19:45:57.803 [cycle-delivery] external[852] ordinal=853 cycle=84224564 prefix=973585CDDA5E8F4B cause=0x00010040 pc=0x8030464C context=0x804211E0
19:45:57.803 [cycle-delivery] external[853] ordinal=854 cycle=84239055 prefix=C4AB3F62B1144200 cause=0x00010040 pc=0x8030464C context=0x804211E0
19:45:57.803 [cycle-delivery] external[854] ordinal=855 cycle=84253615 prefix=F4C1E5A8C60CBFDA cause=0x00010040 pc=0x8030464C context=0x804211E0
19:45:57.803 [cycle-delivery] external[855] ordinal=856 cycle=84268816 prefix=B03B26C957708F99 cause=0x00010040 pc=0x8030464C context=0x804211E0
19:45:57.803 [cycle-delivery] external[856] ordinal=857 cycle=84282978 prefix=205A444ECDC4AD28 cause=0x00010040 pc=0x8030464C context=0x804211E0
19:45:57.803 [cycle-delivery] external[857] ordinal=858 cycle=84296384 prefix=45FCEFCDBC545D2B cause=0x00010040 pc=0x8030464C context=0x804211E0
19:45:57.803 [cycle-delivery] external[858] ordinal=859 cycle=84309953 prefix=0D299B9E8394EDB2 cause=0x00010040 pc=0x8030464C context=0x804211E0
19:45:57.803 [cycle-delivery] external[859] ordinal=860 cycle=84323386 prefix=48EE934BDE94B171 cause=0x00010040 pc=0x8030464C context=0x804211E0
19:45:57.803 [cycle-delivery] external[860] ordinal=861 cycle=84336811 prefix=F498575A3CEFFDE5 cause=0x00010040 pc=0x8030464C context=0x804211E0
19:45:57.803 [cycle-delivery] external[861] ordinal=862 cycle=84350220 prefix=F259E80A0C619E3E cause=0x00010040 pc=0x8030464C context=0x804211E0
19:45:57.803 [cycle-delivery] external[862] ordinal=863 cycle=84363744 prefix=8584F2D7D8C88735 cause=0x00010040 pc=0x8030464C context=0x804211E0
19:45:57.803 [cycle-delivery] external[863] ordinal=864 cycle=84377557 prefix=932C6750B7666153 cause=0x00010040 pc=0x8030464C context=0x804211E0
19:45:57.803 [cycle-delivery] external[864] ordinal=865 cycle=84392205 prefix=8E21E5C7395665EF cause=0x00010040 pc=0x8030464C context=0x804211E0
19:45:57.803 [cycle-delivery] external[865] ordinal=866 cycle=84406855 prefix=4CBE06552ABE630E cause=0x00010040 pc=0x8030464C context=0x804211E0
19:45:57.803 [cycle-delivery] external[866] ordinal=867 cycle=84421450 prefix=2F9C4EA6C34716C8 cause=0x00010040 pc=0x8030464C context=0x804211E0
19:45:57.803 [cycle-delivery] external[867] ordinal=868 cycle=84436268 prefix=4DCDF42A798437C6 cause=0x00010040 pc=0x8030464C context=0x804211E0
19:45:57.803 [cycle-delivery] external[868] ordinal=869 cycle=84450861 prefix=1C3CB0CC643E1418 cause=0x00010040 pc=0x8030464C context=0x804211E0
19:45:57.803 [cycle-delivery] external[869] ordinal=870 cycle=84465536 prefix=AACBEB48D48B5E44 cause=0x00010040 pc=0x8030464C context=0x804211E0
19:45:57.803 [cycle-delivery] external[870] ordinal=871 cycle=84480126 prefix=99FCCD6C2D31CEB6 cause=0x00010040 pc=0x8030464C context=0x804211E0
19:45:57.803 [cycle-delivery] external[871] ordinal=872 cycle=84494664 prefix=2BB6266602C8011B cause=0x00010040 pc=0x8030464C context=0x804211E0
19:45:57.803 [cycle-delivery] external[872] ordinal=873 cycle=84509104 prefix=098CF65E549C0A92 cause=0x00010040 pc=0x8030464C context=0x804211E0
19:45:57.803 [cycle-delivery] external[873] ordinal=874 cycle=84523548 prefix=1F1A62F9FFE9535C cause=0x00010040 pc=0x8030464C context=0x804211E0
19:45:57.803 [cycle-delivery] external[874] ordinal=875 cycle=84538098 prefix=4ECCDCE59EC3F6E4 cause=0x00010040 pc=0x8030464C context=0x804211E0
19:45:57.803 [cycle-delivery] external[875] ordinal=876 cycle=84552911 prefix=FC72D7D56F97BAA8 cause=0x00010040 pc=0x8030464C context=0x804211E0
19:45:57.803 [cycle-delivery] external[876] ordinal=877 cycle=84567614 prefix=682FF7FC3A651EF9 cause=0x00010040 pc=0x8030464C context=0x804211E0
19:45:57.803 [cycle-delivery] external[877] ordinal=878 cycle=84582057 prefix=722E5DB3F82BCFA1 cause=0x00010040 pc=0x8030464C context=0x804211E0
19:45:57.803 [cycle-delivery] external[878] ordinal=879 cycle=84596761 prefix=D818463562944DF7 cause=0x00010040 pc=0x8030464C context=0x804211E0
19:45:57.803 [cycle-delivery] external[879] ordinal=880 cycle=84611729 prefix=B7D2A0F10AFBE6F4 cause=0x00010040 pc=0x8030464C context=0x804211E0
19:45:57.803 [cycle-delivery] external[880] ordinal=881 cycle=84626683 prefix=63974BED93092A87 cause=0x00010040 pc=0x8030464C context=0x804211E0
19:45:57.803 [cycle-delivery] external[881] ordinal=882 cycle=84641732 prefix=EE982A4B05798916 cause=0x00010040 pc=0x8030464C context=0x804211E0
19:45:57.803 [cycle-delivery] external[882] ordinal=883 cycle=84656835 prefix=81F88B3957C1A7EF cause=0x00010040 pc=0x8030464C context=0x804211E0
19:45:57.803 [cycle-delivery] external[883] ordinal=884 cycle=84671682 prefix=F6064F375C57A853 cause=0x00010040 pc=0x8030464C context=0x804211E0
19:45:57.803 [cycle-delivery] external[884] ordinal=885 cycle=84685991 prefix=82871B7885126FB9 cause=0x00010040 pc=0x8030464C context=0x804211E0
19:45:57.803 [cycle-delivery] external[885] ordinal=886 cycle=84699907 prefix=A77F143B545820B8 cause=0x00010040 pc=0x8030464C context=0x804211E0
19:45:57.803 [cycle-delivery] external[886] ordinal=887 cycle=84713440 prefix=A73A120E301F2258 cause=0x00010040 pc=0x8030464C context=0x804211E0
19:45:57.803 [cycle-delivery] external[887] ordinal=888 cycle=84727954 prefix=A385E74DCDC1ABCD cause=0x00010040 pc=0x8030464C context=0x804211E0
19:45:57.803 [cycle-delivery] external[888] ordinal=889 cycle=84742276 prefix=107811F86580836D cause=0x00010040 pc=0x8030464C context=0x804211E0
19:45:57.803 [cycle-delivery] external[889] ordinal=890 cycle=84756867 prefix=F8B71A5775698355 cause=0x00010040 pc=0x8030464C context=0x804211E0
19:45:57.803 [cycle-delivery] external[890] ordinal=891 cycle=84771118 prefix=15A047EAB6180B5E cause=0x00010040 pc=0x8030464C context=0x804211E0
19:45:57.803 [cycle-delivery] external[891] ordinal=892 cycle=84785567 prefix=D810F1F3690D7032 cause=0x00010040 pc=0x8030464C context=0x804211E0
19:45:57.803 [cycle-delivery] external[892] ordinal=893 cycle=84800240 prefix=A64CAA6BBEDDB8A4 cause=0x00010040 pc=0x8030464C context=0x804211E0
19:45:57.803 [cycle-delivery] external[893] ordinal=894 cycle=84814784 prefix=02416D8EBE1825B6 cause=0x00010040 pc=0x8030464C context=0x804211E0
19:45:57.803 [cycle-delivery] external[894] ordinal=895 cycle=84829508 prefix=6A907013724339B6 cause=0x00010040 pc=0x8030464C context=0x804211E0
19:45:57.803 [cycle-delivery] external[895] ordinal=896 cycle=84844062 prefix=02E7B2EA7B511D5F cause=0x00010040 pc=0x8030464C context=0x804211E0
19:45:57.803 [cycle-delivery] external[896] ordinal=897 cycle=84858535 prefix=05D3098B40C71881 cause=0x00010040 pc=0x8030464C context=0x804211E0
19:45:57.803 [cycle-delivery] external[897] ordinal=898 cycle=84873180 prefix=B8D74E119B3DB354 cause=0x00010040 pc=0x8030464C context=0x804211E0
19:45:57.803 [cycle-delivery] external[898] ordinal=899 cycle=84887922 prefix=6C3878A756A18031 cause=0x00010040 pc=0x8030464C context=0x804211E0
19:45:57.803 [cycle-delivery] external[899] ordinal=900 cycle=84902411 prefix=452BA4703EC52398 cause=0x00010040 pc=0x8030464C context=0x804211E0
19:45:57.803 [cycle-delivery] external[900] ordinal=901 cycle=84916827 prefix=1FE63B0A0634B569 cause=0x00010040 pc=0x8030464C context=0x804211E0
19:45:57.803 [cycle-delivery] external[901] ordinal=902 cycle=84931404 prefix=8354DE433286D108 cause=0x00010040 pc=0x8030464C context=0x804211E0
19:45:57.803 [cycle-delivery] external[902] ordinal=903 cycle=84945157 prefix=26B9FCE6B2585F95 cause=0x00010040 pc=0x8030464C context=0x804211E0
19:45:57.803 [cycle-delivery] external[903] ordinal=904 cycle=84958941 prefix=A8646798FB9A98F7 cause=0x00010040 pc=0x8030464C context=0x804211E0
19:45:57.803 [cycle-delivery] external[904] ordinal=905 cycle=84972730 prefix=FD55C5A6404386D2 cause=0x00010040 pc=0x8030464C context=0x804211E0
19:45:57.803 [cycle-delivery] external[905] ordinal=906 cycle=84987165 prefix=0FF9926F5EB19983 cause=0x00010040 pc=0x8030464C context=0x804211E0
19:45:57.803 [cycle-delivery] external[906] ordinal=907 cycle=85001629 prefix=40F1F4A4F7655BCD cause=0x00010040 pc=0x8030464C context=0x804211E0
19:45:57.803 [cycle-delivery] external[907] ordinal=908 cycle=85016130 prefix=2A37720F47B3A509 cause=0x00010040 pc=0x8030464C context=0x804211E0
19:45:57.803 [cycle-delivery] external[908] ordinal=909 cycle=85030316 prefix=125D62FD78355020 cause=0x00010040 pc=0x8030464C context=0x804211E0
19:45:57.803 [cycle-delivery] external[909] ordinal=910 cycle=85045115 prefix=A436A0EF5A6BF016 cause=0x00010040 pc=0x8030464C context=0x804211E0
19:45:57.803 [cycle-delivery] external[910] ordinal=911 cycle=85059683 prefix=C9D416349140EABB cause=0x00010040 pc=0x8030464C context=0x804211E0
19:45:57.803 [cycle-delivery] external[911] ordinal=912 cycle=85074363 prefix=6AABCA24597101AA cause=0x00010040 pc=0x8030464C context=0x804211E0
19:45:57.803 [cycle-delivery] external[912] ordinal=913 cycle=85088954 prefix=EF8543983C4D90DF cause=0x00010040 pc=0x8030464C context=0x804211E0
19:45:57.803 [cycle-delivery] external[913] ordinal=914 cycle=85103255 prefix=977DC61B77CD7D21 cause=0x00010040 pc=0x8030464C context=0x804211E0
19:45:57.803 [cycle-delivery] external[914] ordinal=915 cycle=85118438 prefix=4E8FE8F04DE0FF5B cause=0x00010040 pc=0x8030464C context=0x804211E0
19:45:57.803 [cycle-delivery] external[915] ordinal=916 cycle=85133555 prefix=23483920BD7C6AE8 cause=0x00010040 pc=0x8030464C context=0x804211E0
19:45:57.803 [cycle-delivery] external[916] ordinal=917 cycle=85147638 prefix=25B0D8520E99D17F cause=0x00010040 pc=0x8030464C context=0x804211E0
19:45:57.803 [cycle-delivery] external[917] ordinal=918 cycle=85161146 prefix=FC25D17FEC3AA09B cause=0x00010040 pc=0x8030464C context=0x804211E0
19:45:57.803 [cycle-delivery] external[918] ordinal=919 cycle=85174662 prefix=E200789A5FC6240A cause=0x00010040 pc=0x8030464C context=0x804211E0
19:45:57.803 [cycle-delivery] external[919] ordinal=920 cycle=85188101 prefix=08004FDD827F480D cause=0x00010040 pc=0x8030464C context=0x804211E0
19:45:57.803 [cycle-delivery] external[920] ordinal=921 cycle=85201538 prefix=2036C66AEFFDBA2A cause=0x00010040 pc=0x8030464C context=0x804211E0
19:45:57.803 [cycle-delivery] external[921] ordinal=922 cycle=85214944 prefix=259093E28D4315F7 cause=0x00010040 pc=0x8030464C context=0x804211E0
19:45:57.803 [cycle-delivery] external[922] ordinal=923 cycle=85228507 prefix=8BD9E8C704C2525E cause=0x00010040 pc=0x8030464C context=0x804211E0
19:45:57.804 [cycle-delivery] external[923] ordinal=924 cycle=85242360 prefix=DA0D9421EEC442B0 cause=0x00010040 pc=0x8030464C context=0x804211E0
19:45:57.804 [cycle-delivery] external[924] ordinal=925 cycle=85256764 prefix=32B05D3E2540A179 cause=0x00010040 pc=0x8030464C context=0x804211E0
19:45:57.804 [cycle-delivery] external[925] ordinal=926 cycle=85271214 prefix=C900F10577F72689 cause=0x00010040 pc=0x8030464C context=0x804211E0
19:45:57.804 [cycle-delivery] external[926] ordinal=927 cycle=85286029 prefix=01377E928B88114A cause=0x00010040 pc=0x8030464C context=0x804211E0
19:45:57.804 [cycle-delivery] external[927] ordinal=928 cycle=85300853 prefix=48628A1B4555AA7F cause=0x00010040 pc=0x8030464C context=0x804211E0
19:45:57.804 [cycle-delivery] external[928] ordinal=929 cycle=85314992 prefix=C3864570EC67D236 cause=0x00010040 pc=0x8030464C context=0x804211E0
19:45:57.804 [cycle-delivery] external[929] ordinal=930 cycle=85329148 prefix=77C7E344E69B7C37 cause=0x00010040 pc=0x8030464C context=0x804211E0
19:45:57.804 [cycle-delivery] external[930] ordinal=931 cycle=85344290 prefix=5F8D85E6C67C2E40 cause=0x00010040 pc=0x8030464C context=0x804211E0
19:45:57.804 [cycle-delivery] external[931] ordinal=932 cycle=85358709 prefix=1491567C8477E5CE cause=0x00010040 pc=0x8030464C context=0x804211E0
19:45:57.804 [cycle-delivery] external[932] ordinal=933 cycle=85372115 prefix=5A27053B7A705832 cause=0x00010040 pc=0x8030464C context=0x804211E0
19:45:57.804 [cycle-delivery] external[933] ordinal=934 cycle=85385549 prefix=2827417BCC1656F1 cause=0x00010040 pc=0x8030464C context=0x804211E0
19:45:57.804 [cycle-delivery] external[934] ordinal=935 cycle=85398955 prefix=5A03FDE1769F4ED7 cause=0x00010040 pc=0x8030464C context=0x804211E0
19:45:57.804 [cycle-delivery] external[935] ordinal=936 cycle=85412361 prefix=6C67F83579D4AEB0 cause=0x00010040 pc=0x8030464C context=0x804211E0
19:45:57.804 [cycle-delivery] external[936] ordinal=937 cycle=85425773 prefix=5C5DE191F03F9F8F cause=0x00010040 pc=0x8030464C context=0x804211E0
19:45:57.804 [cycle-delivery] external[937] ordinal=938 cycle=85439179 prefix=716CDC0CCF19DB1A cause=0x00010040 pc=0x8030464C context=0x804211E0
19:45:57.804 [cycle-delivery] external[938] ordinal=939 cycle=85452757 prefix=3204F3CF5D24E084 cause=0x00010040 pc=0x8030464C context=0x804211E0
19:45:57.804 [cycle-delivery] external[939] ordinal=940 cycle=85467248 prefix=633EF081BEDD0A6B cause=0x00010040 pc=0x8030464C context=0x804211E0
19:45:57.804 [cycle-delivery] external[940] ordinal=941 cycle=85481944 prefix=78CB90712578B921 cause=0x00010040 pc=0x8030464C context=0x804211E0
19:45:57.804 [cycle-delivery] external[941] ordinal=942 cycle=85496425 prefix=A6AE6AA0A2AE394B cause=0x00010040 pc=0x8030464C context=0x804211E0
19:45:57.804 [cycle-delivery] external[942] ordinal=943 cycle=85511004 prefix=A4862064DF241C63 cause=0x00010040 pc=0x8030464C context=0x804211E0
19:45:57.804 [cycle-delivery] external[943] ordinal=944 cycle=85525596 prefix=C84B1AA5044C347B cause=0x00010040 pc=0x8030464C context=0x804211E0
19:45:57.804 [cycle-delivery] external[944] ordinal=945 cycle=85539402 prefix=47D9D670B27F359B cause=0x00010040 pc=0x8030464C context=0x804211E0
19:45:57.804 [cycle-delivery] external[945] ordinal=946 cycle=85554201 prefix=EB27F18CD4ABD424 cause=0x00010040 pc=0x8030464C context=0x804211E0
19:45:57.804 [cycle-delivery] external[946] ordinal=947 cycle=85569149 prefix=AF75B42F319C8539 cause=0x00010040 pc=0x8030464C context=0x804211E0
19:45:57.804 [cycle-delivery] external[947] ordinal=948 cycle=85583887 prefix=0F07C6078858EAC0 cause=0x00010040 pc=0x8030464C context=0x804211E0
19:45:57.804 [cycle-delivery] external[948] ordinal=949 cycle=85598536 prefix=F1FD7D0905FF19A0 cause=0x00010040 pc=0x8030464C context=0x804211E0
19:45:57.804 [cycle-delivery] external[949] ordinal=950 cycle=85613129 prefix=A82BFA449F4A0BDC cause=0x00010040 pc=0x8030464C context=0x804211E0
19:45:57.804 [cycle-delivery] external[950] ordinal=951 cycle=85627137 prefix=7682A00213B2BAE7 cause=0x00010040 pc=0x8030464C context=0x804211E0
19:45:57.804 [cycle-delivery] external[951] ordinal=952 cycle=85640978 prefix=1026A7E6BCAD50E3 cause=0x00010040 pc=0x8030464C context=0x804211E0
19:45:57.804 [cycle-delivery] external[952] ordinal=953 cycle=85654657 prefix=7C17EE2E7EEDC749 cause=0x00010040 pc=0x8030464C context=0x804211E0
19:45:57.804 [cycle-delivery] external[953] ordinal=954 cycle=85669230 prefix=BB1F95DE8A9FEF3C cause=0x00010040 pc=0x8030464C context=0x804211E0
19:45:57.804 [cycle-delivery] external[954] ordinal=955 cycle=85683627 prefix=7942EC864F440D2E cause=0x00010040 pc=0x8030464C context=0x804211E0
19:45:57.804 [cycle-delivery] external[955] ordinal=956 cycle=85698218 prefix=533B538F996BAC30 cause=0x00010040 pc=0x8030464C context=0x804211E0
19:45:57.804 [cycle-delivery] external[956] ordinal=957 cycle=85712263 prefix=F6CB34D430AC7F66 cause=0x00010040 pc=0x8030464C context=0x804211E0
19:45:57.804 [cycle-delivery] external[957] ordinal=958 cycle=85726964 prefix=448DD4CADAFC165F cause=0x00010040 pc=0x8030464C context=0x804211E0
19:45:57.804 [cycle-delivery] external[958] ordinal=959 cycle=85741749 prefix=B9BCD92F9A48B677 cause=0x00010040 pc=0x8030464C context=0x804211E0
19:45:57.804 [cycle-delivery] external[959] ordinal=960 cycle=85756536 prefix=1755262964F61626 cause=0x00010040 pc=0x8030464C context=0x804211E0
19:45:57.804 [cycle-delivery] external[960] ordinal=961 cycle=85771301 prefix=24509705FB2F9956 cause=0x00010040 pc=0x8030464C context=0x804211E0
19:45:57.804 [cycle-delivery] external[961] ordinal=962 cycle=85786093 prefix=6C5A0FD5D2E0EA73 cause=0x00010040 pc=0x8030464C context=0x804211E0
19:45:57.804 [cycle-delivery] external[962] ordinal=963 cycle=85800816 prefix=91AEF1461468C294 cause=0x00010040 pc=0x8030464C context=0x804211E0
19:45:57.804 [cycle-delivery] external[963] ordinal=964 cycle=85815137 prefix=2AF3B6CC8FB82574 cause=0x00010040 pc=0x8030464C context=0x804211E0
19:45:57.804 [cycle-delivery] external[964] ordinal=965 cycle=85829940 prefix=21797C3AC83DF149 cause=0x00010040 pc=0x8030464C context=0x804211E0
19:45:57.804 [cycle-delivery] external[965] ordinal=966 cycle=85845060 prefix=36B2E8F4B2F950ED cause=0x00010040 pc=0x8030464C context=0x804211E0
19:45:57.804 [cycle-delivery] external[966] ordinal=967 cycle=85860175 prefix=96AE9A404BADB1C2 cause=0x00010040 pc=0x8030464C context=0x804211E0
19:45:57.804 [cycle-delivery] external[967] ordinal=968 cycle=85874793 prefix=6C2A4318F4DAAD40 cause=0x00010040 pc=0x8030464C context=0x804211E0
19:45:57.804 [cycle-delivery] external[968] ordinal=969 cycle=85888447 prefix=82108E1F2A441711 cause=0x00010040 pc=0x8030464C context=0x804211E0
19:45:57.804 [cycle-delivery] external[969] ordinal=970 cycle=85902148 prefix=A2FA6713BCCD6543 cause=0x00010040 pc=0x8030464C context=0x804211E0
19:45:57.804 [cycle-delivery] external[970] ordinal=971 cycle=85916267 prefix=8D43B6DDCB413D35 cause=0x00010040 pc=0x8030464C context=0x804211E0
19:45:57.804 [cycle-delivery] external[971] ordinal=972 cycle=85930661 prefix=41DD668274BE8D82 cause=0x00010040 pc=0x8030464C context=0x804211E0
19:45:57.804 [cycle-delivery] external[972] ordinal=973 cycle=85945189 prefix=FDD7FAFF4CE349A8 cause=0x00010040 pc=0x8030464C context=0x804211E0
19:45:57.804 [cycle-delivery] external[973] ordinal=974 cycle=85959567 prefix=200D25A9C4493374 cause=0x00010040 pc=0x8030464C context=0x804211E0
19:45:57.804 [cycle-delivery] external[974] ordinal=975 cycle=85973896 prefix=240CADF2D611EBE1 cause=0x00010040 pc=0x8030464C context=0x804211E0
19:45:57.804 [cycle-delivery] external[975] ordinal=976 cycle=85988765 prefix=C28763368DD8D314 cause=0x00010040 pc=0x8030464C context=0x804211E0
19:45:57.804 [cycle-delivery] external[976] ordinal=977 cycle=86003645 prefix=570C4A8C2030881F cause=0x00010040 pc=0x8030464C context=0x804211E0
19:45:57.804 [cycle-delivery] external[977] ordinal=978 cycle=86018236 prefix=38DF299AAF4B58B8 cause=0x00010040 pc=0x8030464C context=0x804211E0
19:45:57.804 [cycle-delivery] external[978] ordinal=979 cycle=86032040 prefix=0E92F0FDB7DF04FD cause=0x00010040 pc=0x8030464C context=0x804211E0
19:45:57.804 [cycle-delivery] external[979] ordinal=980 cycle=86046622 prefix=9FDFA390FC52092B cause=0x00010040 pc=0x8030464C context=0x804211E0
19:45:57.804 [cycle-delivery] external[980] ordinal=981 cycle=86061116 prefix=F550645BDD135C9F cause=0x00010040 pc=0x8030464C context=0x804211E0
19:45:57.804 [cycle-delivery] external[981] ordinal=982 cycle=86075562 prefix=AD03707B43D95181 cause=0x00010040 pc=0x8030464C context=0x804211E0
19:45:57.804 [cycle-delivery] external[982] ordinal=983 cycle=86089782 prefix=F5212AF09A2AC26B cause=0x00010040 pc=0x8030464C context=0x804211E0
19:45:57.804 [cycle-delivery] external[983] ordinal=984 cycle=86103221 prefix=9584FF196B6881C8 cause=0x00010040 pc=0x8030464C context=0x804211E0
19:45:57.804 [cycle-delivery] external[984] ordinal=985 cycle=86116894 prefix=090F71761C797C95 cause=0x00010040 pc=0x8030464C context=0x804211E0
19:45:57.804 [cycle-delivery] external[985] ordinal=986 cycle=86130333 prefix=142C3EBF74DD7641 cause=0x00010040 pc=0x8030464C context=0x804211E0
19:45:57.804 [cycle-delivery] external[986] ordinal=987 cycle=86143745 prefix=28D7F12BAF21B538 cause=0x00010040 pc=0x8030464C context=0x804211E0
19:45:57.804 [cycle-delivery] external[987] ordinal=988 cycle=86157151 prefix=58DC1349204E4377 cause=0x00010040 pc=0x8030464C context=0x804211E0
19:45:57.804 [cycle-delivery] external[988] ordinal=989 cycle=86170673 prefix=7ADA4E6346C5CFD5 cause=0x00010040 pc=0x8030464C context=0x804211E0
19:45:57.804 [cycle-delivery] external[989] ordinal=990 cycle=86184421 prefix=ED35824111482809 cause=0x00010040 pc=0x8030464C context=0x804211E0
19:45:57.804 [cycle-delivery] external[990] ordinal=991 cycle=86199212 prefix=35EAEBB84E06C7BC cause=0x00010040 pc=0x8030464C context=0x804211E0
19:45:57.804 [cycle-delivery] external[991] ordinal=992 cycle=86213990 prefix=C542006DBC648465 cause=0x00010040 pc=0x8030464C context=0x804211E0
19:45:57.804 [cycle-delivery] external[992] ordinal=993 cycle=86228775 prefix=A7B74D619E846111 cause=0x00010040 pc=0x8030464C context=0x804211E0
19:45:57.804 [cycle-delivery] external[993] ordinal=994 cycle=86243582 prefix=60D7C0AE126A1635 cause=0x00010040 pc=0x8030464C context=0x804211E0
19:45:57.804 [cycle-delivery] external[994] ordinal=995 cycle=86258395 prefix=81515A8648D1B095 cause=0x00010040 pc=0x8030464C context=0x804211E0
19:45:57.804 [cycle-delivery] external[995] ordinal=996 cycle=86273255 prefix=EAF65CCC1DEF0087 cause=0x00010040 pc=0x8030464C context=0x804211E0
19:45:57.804 [cycle-delivery] external[996] ordinal=997 cycle=86288023 prefix=DEDC299E14C15D07 cause=0x00010040 pc=0x8030464C context=0x804211E0
19:45:57.804 [cycle-delivery] external[997] ordinal=998 cycle=86302775 prefix=BFEC2DCB2C38A6A1 cause=0x00010040 pc=0x8030464C context=0x804211E0
19:45:57.804 [cycle-delivery] external[998] ordinal=999 cycle=86317456 prefix=53DD594CAB7F5BBC cause=0x00010040 pc=0x8030464C context=0x804211E0
19:45:57.804 [cycle-delivery] external[999] ordinal=1000 cycle=86331929 prefix=615C9771AF9900B5 cause=0x00010040 pc=0x8030464C context=0x804211E0
19:45:57.804 [cycle-delivery] external[1000] ordinal=1001 cycle=86346593 prefix=B055B4768E2EDC69 cause=0x00010040 pc=0x8030464C context=0x804211E0
19:45:57.804 [cycle-delivery] external[1001] ordinal=1002 cycle=86361639 prefix=64862AFBD45A6B92 cause=0x00010040 pc=0x8030464C context=0x804211E0
19:45:57.804 [cycle-delivery] external[1002] ordinal=1003 cycle=86376702 prefix=22ED208388685C21 cause=0x00010040 pc=0x8030464C context=0x804211E0
19:45:57.804 [cycle-delivery] external[1003] ordinal=1004 cycle=86391745 prefix=608A233A0F760ED4 cause=0x00010040 pc=0x8030464C context=0x804211E0
19:45:57.804 [cycle-delivery] external[1004] ordinal=1005 cycle=86406554 prefix=3D293BA9B6D6D996 cause=0x00010040 pc=0x8030464C context=0x804211E0
19:45:57.804 [cycle-delivery] external[1005] ordinal=1006 cycle=86420557 prefix=F1AADF3FBB6B58B4 cause=0x00010040 pc=0x8030464C context=0x804211E0
19:45:57.804 [cycle-delivery] external[1006] ordinal=1007 cycle=86434286 prefix=BF2D8E975441E9C6 cause=0x00010040 pc=0x8030464C context=0x804211E0
19:45:57.804 [cycle-delivery] external[1007] ordinal=1008 cycle=86447944 prefix=AC5EAA00CC868C7F cause=0x00010040 pc=0x8030464C context=0x804211E0
19:45:57.804 [cycle-delivery] external[1008] ordinal=1009 cycle=86462478 prefix=D1ABF6FD2070627F cause=0x00010040 pc=0x8030464C context=0x804211E0
19:45:57.804 [cycle-delivery] external[1009] ordinal=1010 cycle=86476908 prefix=04075238A39DB6F1 cause=0x00010040 pc=0x8030464C context=0x804211E0
19:45:57.804 [cycle-delivery] external[1010] ordinal=1011 cycle=86491457 prefix=6633492F1661BC05 cause=0x00010040 pc=0x8030464C context=0x804211E0
19:45:57.804 [cycle-delivery] external[1011] ordinal=1012 cycle=86505482 prefix=FA11E416D8F010C9 cause=0x00010040 pc=0x8030464C context=0x804211E0
19:45:57.804 [cycle-delivery] external[1012] ordinal=1013 cycle=86520199 prefix=3A98EA6464576112 cause=0x00010040 pc=0x8030464C context=0x804211E0
19:45:57.804 [cycle-delivery] external[1013] ordinal=1014 cycle=86534983 prefix=3D7665511FD56A5B cause=0x00010040 pc=0x8030464C context=0x804211E0
19:45:57.804 [cycle-delivery] external[1014] ordinal=1015 cycle=86549676 prefix=A70742060B28F898 cause=0x00010040 pc=0x8030464C context=0x804211E0
19:45:57.804 [cycle-delivery] external[1015] ordinal=1016 cycle=86564390 prefix=C9EFF428A4D45FBF cause=0x00010040 pc=0x8030464C context=0x804211E0
19:45:57.804 [cycle-delivery] external[1016] ordinal=1017 cycle=86579055 prefix=349E60ED226FA75D cause=0x00010040 pc=0x8030464C context=0x804211E0
19:45:57.804 [cycle-delivery] external[1017] ordinal=1018 cycle=86593400 prefix=1536B0460D40834E cause=0x00010040 pc=0x8030464C context=0x804211E0
19:45:57.804 [cycle-delivery] external[1018] ordinal=1019 cycle=86608692 prefix=224CAD3322E58339 cause=0x00010040 pc=0x8030464C context=0x804211E0
19:45:57.804 [cycle-delivery] external[1019] ordinal=1020 cycle=86623845 prefix=461B201375D6796C cause=0x00010040 pc=0x8030464C context=0x804211E0
19:45:57.804 [cycle-delivery] external[1020] ordinal=1021 cycle=86637629 prefix=21CE99AA0D7EAB4B cause=0x00010040 pc=0x8030464C context=0x804211E0
19:45:57.804 [cycle-delivery] external[1021] ordinal=1022 cycle=86651035 prefix=706A0CB9CF303F53 cause=0x00010040 pc=0x8030464C context=0x804211E0
19:45:57.804 [cycle-delivery] external[1022] ordinal=1023 cycle=86664526 prefix=6D73F77D84707D0D cause=0x00010040 pc=0x8030464C context=0x804211E0
19:45:57.804 [cycle-delivery] external[1023] ordinal=1024 cycle=86677932 prefix=DC90DFC6313322F5 cause=0x00010040 pc=0x8030464C context=0x804211E0
19:45:57.804 [cycle-delivery] dsp[0] ordinal=15 cycle=14846687 prefix=C3F2B1586C8B3487 cause=0x00010040 pc=0x8030464C context=0x804211E0
19:45:57.804 [cycle-delivery] dsp[1] ordinal=16 cycle=14847213 prefix=3E14C72B4729F55C cause=0x00010040 pc=0x8030464C context=0x804211E0
19:45:57.804 [cycle-delivery] dsp[2] ordinal=17 cycle=15350686 prefix=2DC1ADB1EE2676F9 cause=0x00010040 pc=0x8030464C context=0x804211E0
19:45:57.804 [cycle-delivery] dsp[3] ordinal=18 cycle=15351212 prefix=0E4DC2A6B524C22C cause=0x00010040 pc=0x8030464C context=0x804211E0
19:45:57.804 [cycle-delivery] dsp[4] ordinal=19 cycle=15854688 prefix=BCC9A1D8606B982D cause=0x00010040 pc=0x8030464C context=0x804211E0
19:45:57.804 [cycle-delivery] dsp[5] ordinal=20 cycle=15855214 prefix=59A650AF96717378 cause=0x00010040 pc=0x8030464C context=0x804211E0
19:45:57.804 [cycle-delivery] dsp[6] ordinal=22 cycle=16358686 prefix=95888975E8E11EC9 cause=0x00010040 pc=0x8030464C context=0x804211E0
19:45:57.804 [cycle-delivery] dsp[7] ordinal=23 cycle=16359212 prefix=B225E83FFBA8D0D7 cause=0x00010040 pc=0x8030464C context=0x804211E0
19:45:57.804 [cycle-delivery] dsp[8] ordinal=24 cycle=16862688 prefix=BD8A47A5AA65F3FE cause=0x00010040 pc=0x8030464C context=0x804211E0
19:45:57.804 [cycle-delivery] dsp[9] ordinal=25 cycle=16863214 prefix=78271556BDDF669F cause=0x00010040 pc=0x8030464C context=0x804211E0
19:45:57.804 [cycle-delivery] dsp[10] ordinal=26 cycle=17366687 prefix=414BDB23BAF42737 cause=0x00010040 pc=0x8030464C context=0x804211E0
19:45:57.804 [cycle-delivery] dsp[11] ordinal=27 cycle=17367213 prefix=405DEEC8EEF744E4 cause=0x00010040 pc=0x8030464C context=0x804211E0
19:45:57.804 [cycle-delivery] dsp[12] ordinal=28 cycle=17870686 prefix=D806FAD91CB602C2 cause=0x00010040 pc=0x8030464C context=0x804211E0
19:45:57.804 [cycle-delivery] dsp[13] ordinal=29 cycle=17871212 prefix=DF7CF6AF335EA4B0 cause=0x00010040 pc=0x8030464C context=0x804211E0
19:45:57.804 [cycle-delivery] dsp[14] ordinal=30 cycle=18374688 prefix=92B8B311D7AB5C8B cause=0x00010040 pc=0x8030464C context=0x804211E0
19:45:57.804 [cycle-delivery] dsp[15] ordinal=31 cycle=18375214 prefix=24AC306061CC1734 cause=0x00010040 pc=0x8030464C context=0x804211E0
19:45:57.804 [boot-milestone] summary title_ready=1 title_retrace=328 name_create=1 name_create_retrace=722 name_execute=1 name_execute_retrace=730 memcard_check=1 memcard_check_retrace=730 file_select=1 file_select_retrace=808 new_game_intro=0 new_game_intro_retrace=0 name_input_complete=0 name_input_complete_retrace=0 name_scene_change=0 name_scene_change_retrace=0 open_scene_request=1 open_scene_request_retrace=722 overlap_phase=6 opening_complete=0 opening_complete_retrace=0 play_scene=1 play_scene_retrace=1382 outset_room_request=0 outset_room_request_retrace=0 name_char_jut=0/0 name_char_cpad=0/0
19:45:57.804 [scene-draw] summary bg=387/32614@1454 vrbox=518/16308@1454 vrbox2=518/16308@1454 sea=195/16308@1454 order=before_play/after_play@first_after_retrace
19:45:57.804 [dvd-lifecycle] forwards=0 failures=0 callbacks=0/0 execute_entries mount=0 mount_x=0 main_ram=0 active=0x00000000 active_done=0 jas_queue_used=0 jas_state=4 jas_saved_pc=0x80307EAC jas_wait=0x806AC798 jas_recv=0x806AD7E0/0x806AD7E0 jas_paused=0
19:45:57.804 [aram-dma] summary transfers=6068 rejected=0 pending=0 direction=1 main=0x80ACE860 aram=0x00CB6D00 length=448
19:45:57.804 [dsp-lle] summary dmas=0 first_nonzero=0 host_retrace=0 retail_retrace=0
19:45:57.804 [gx-core] shutdown: submitted=265087609 rejected=0 failed=0 planned=265087609 skipped=0 noops=271214 cull_all=0 missing_vcd=0 vertex_decode_failures=0 projection_missing=0 payload_empty=0 walk_underivable=0 stride_mismatch=0 topology_unsupported=0 payload_overrun=0 topology_zero_quads=271214 topology_zero_triangles=0 topology_zero_triangle_strip=0 topology_zero_triangle_fan=0 topology_zero_lines=0 topology_zero_line_strip=0 topology_zero_points=0 topology_zero_unknown=0 array_unresolved=0 array_out_of_bounds=0 unsupported_texgen=0 texgen_count_overflow=0 texgen_count_5=423878 texgen_count_6=0 texgen_count_7=0 texgen_count_8plus=0 texgen_emboss_cached_nbt=0 texgen_source_normal=1763461 texgen_source_normal_default=0 texgen_source_colors=0 texgen_source_binormal=0 texgen_source_tex47=0 texgen_source_unknown=0 per_vertex_tex_mtx=0 per_vertex_normal_matrix=19097522 unresolved_tex_matrix=0 normals_ignored=9772002 lighting_ignored=0 tlut_texture=898111 alpha_compare_ignored=0 tev_stages_over=0 tev_multi_texmap=51712176 texcoord_scale_active=248718807 texcoord_scale_mismatch=137909624 efb_copy_ignored=0 efb_copies=67523 efb_copy_depth=16845 efb_display_copies=17172 fog_ignored=0 indirect_active=391642 indirect_ignored=0 logic_op_ignored=0 dst_alpha_active=49441 early_depth_active=115206975 ztexture_active=0 ztexture_ignored=0
19:45:57.804 [gx-core] toon: texgen_color_lit=26970350 texgen_color_unlit=0 lit_light_missing=188
19:45:57.804 [gx-core] texture-cache: uploads=489 hits=288090969 ci_uploads=61 raw_fallback=0 hashed=16042 palette_hashed=314 generation_hits=288023443 generation_fallbacks=0
19:45:57.804 [audio] summary pushes=2272156 dropped=8462 dropped_frames=67696 starved=493 stretched=38483 throttles=0
19:45:57.850 [aurora:warning:aurora::gpu] Device lost: Device was destroyed.
19:45:57.925 [native-j3d] transform-info=7763749/36269 transform-angles=0/0 (native/declined)
19:45:57.925 [native-game-math] xyz-add=8738853/22103 xyz-sub=29612035/76189 xyz-scale=5117433/11551 aab-cyl=57113740/157104 xrotS=8727008/17782 yrotS=18005289/36358 zrotS=1800945/3616 box-line=17605281/526430 sphere-clip=19542424/277607 box-clip=1205895/194474 key-s=2191083/8167392 transform-simple=1578868/5660912 (native/declined)
19:45:57.925 [native-skin] calcWeightEnvelopeMtx native=1543524 declined=187221 joints=9767083
19:45:57.925 [native-vec] add=20669874/20564 sub=33132551/44651 scale=11316122/8760 sqmag=24624830/10869 dot=10382248/6571 cross=23003427/28164 sqdist=24622531/19691 normalize=18798680/26495 mag=15047230/22482 (native/declined)
19:45:57.925 [native-math] copy=40460475/86217 concat=65906291/344450 vec=24569319/375356 array=213245/1850 vectors=1705960 max=8 parallel=0 (native/fallback)
19:45:57.925 [native-gpr] inline=0 fallback=0
19:45:57.925 [perf-summary] exit minutes=9.6 watched_s=545 below_target_s=8 lowest_speed=99% pipelines_made=0 causes: unclear=8 places: sea/44=8
